openTime,openTimeIso,open,high,low,close,volume
1785681600000,2026-08-02T14:40:00.000Z,63133.32000000,63162.75000000,63133.31000000,63156.54000000,38.04134000
1785681900000,2026-08-02T14:45:00.000Z,63156.54000000,63156.54000000,63127.23000000,63127.24000000,17.84519000
1785682200000,2026-08-02T14:50:00.000Z,63127.24000000,63127.24000000,63066.31000000,63066.32000000,18.42064000
1785682500000,2026-08-02T14:55:00.000Z,63066.31000000,63073.73000000,63066.31000000,63069.37000000,7.11214000
1785682800000,2026-08-02T15:00:00.000Z,63069.37000000,63090.00000000,63050.00000000,63056.38000000,21.91257000
1785683100000,2026-08-02T15:05:00.000Z,63056.38000000,63103.83000000,63056.38000000,63100.00000000,22.27639000
1785683400000,2026-08-02T15:10:00.000Z,63099.99000000,63124.00000000,63099.99000000,63124.00000000,8.41136000
1785683700000,2026-08-02T15:15:00.000Z,63124.00000000,63136.99000000,63102.03000000,63117.00000000,31.36851000
1785684000000,2026-08-02T15:20:00.000Z,63117.00000000,63117.00000000,63110.16000000,63110.16000000,14.96578000
1785684300000,2026-08-02T15:25:00.000Z,63110.16000000,63126.00000000,63102.04000000,63126.00000000,21.42845000
1785684600000,2026-08-02T15:30:00.000Z,63125.99000000,63186.00000000,63125.99000000,63172.00000000,19.77649000
1785684900000,2026-08-02T15:35:00.000Z,63172.00000000,63172.00000000,63141.99000000,63142.00000000,7.55169000
1785685200000,2026-08-02T15:40:00.000Z,63142.00000000,63150.00000000,63132.01000000,63149.99000000,8.82137000
1785685500000,2026-08-02T15:45:00.000Z,63149.99000000,63150.00000000,63134.69000000,63134.69000000,7.15777000
1785685800000,2026-08-02T15:50:00.000Z,63134.70000000,63134.70000000,63125.99000000,63126.00000000,17.72728000
1785686100000,2026-08-02T15:55:00.000Z,63125.99000000,63126.00000000,63109.13000000,63109.14000000,9.65566000
1785686400000,2026-08-02T16:00:00.000Z,63109.13000000,63117.64000000,63064.01000000,63092.43000000,31.91515000
1785686700000,2026-08-02T16:05:00.000Z,63092.42000000,63123.55000000,63084.30000000,63123.55000000,13.94087000
1785687000000,2026-08-02T16:10:00.000Z,63123.55000000,63135.96000000,63103.99000000,63104.00000000,10.99411000
1785687300000,2026-08-02T16:15:00.000Z,63104.00000000,63104.00000000,63080.01000000,63080.01000000,17.42149000
1785687600000,2026-08-02T16:20:00.000Z,63080.00000000,63132.00000000,63078.00000000,63132.00000000,12.60517000
1785687900000,2026-08-02T16:25:00.000Z,63132.00000000,63132.00000000,63094.23000000,63110.00000000,12.46513000
1785688200000,2026-08-02T16:30:00.000Z,63110.00000000,63187.42000000,63103.76000000,63181.03000000,39.20330000
1785688500000,2026-08-02T16:35:00.000Z,63181.04000000,63206.01000000,63159.31000000,63206.00000000,31.42752000
1785688800000,2026-08-02T16:40:00.000Z,63206.01000000,63273.49000000,63197.00000000,63222.01000000,46.11283000
1785689100000,2026-08-02T16:45:00.000Z,63222.01000000,63232.00000000,63208.00000000,63212.01000000,20.37995000
1785689400000,2026-08-02T16:50:00.000Z,63212.01000000,63212.01000000,63186.77000000,63186.97000000,10.15174000
1785689700000,2026-08-02T16:55:00.000Z,63186.97000000,63202.00000000,63180.36000000,63180.36000000,21.34635000
1785690000000,2026-08-02T17:00:00.000Z,63180.36000000,63192.00000000,63164.11000000,63191.99000000,18.71509000
1785690300000,2026-08-02T17:05:00.000Z,63192.00000000,63192.00000000,63156.00000000,63156.01000000,9.22189000
1785690600000,2026-08-02T17:10:00.000Z,63156.00000000,63219.86000000,63152.00000000,63210.00000000,37.66829000
1785690900000,2026-08-02T17:15:00.000Z,63210.00000000,63210.00000000,63192.37000000,63208.64000000,15.73003000
1785691200000,2026-08-02T17:20:00.000Z,63208.64000000,63342.00000000,63208.63000000,63342.00000000,37.17835000
1785691500000,2026-08-02T17:25:00.000Z,63342.00000000,63342.00000000,63262.00000000,63282.53000000,21.62087000
1785691800000,2026-08-02T17:30:00.000Z,63282.53000000,63317.00000000,63282.53000000,63292.32000000,18.99820000
1785692100000,2026-08-02T17:35:00.000Z,63292.32000000,63317.00000000,63291.52000000,63312.00000000,58.65679000
1785692400000,2026-08-02T17:40:00.000Z,63312.00000000,63326.00000000,63292.91000000,63326.00000000,23.16467000
1785692700000,2026-08-02T17:45:00.000Z,63325.99000000,63332.71000000,63315.47000000,63328.90000000,24.38442000
1785693000000,2026-08-02T17:50:00.000Z,63328.89000000,63328.90000000,63310.10000000,63310.10000000,8.40344000
1785693300000,2026-08-02T17:55:00.000Z,63310.11000000,63314.00000000,63300.28000000,63300.28000000,44.64973000
1785693600000,2026-08-02T18:00:00.000Z,63300.00000000,63328.90000000,63300.00000000,63328.90000000,33.18864000
1785693900000,2026-08-02T18:05:00.000Z,63328.90000000,63328.90000000,63292.12000000,63292.13000000,11.53400000
1785694200000,2026-08-02T18:10:00.000Z,63292.12000000,63314.00000000,63292.12000000,63312.66000000,24.69976000
1785694500000,2026-08-02T18:15:00.000Z,63312.66000000,63320.76000000,63293.06000000,63320.75000000,17.18135000
1785694800000,2026-08-02T18:20:00.000Z,63320.75000000,63327.67000000,63318.08000000,63318.08000000,28.35640000
1785695100000,2026-08-02T18:25:00.000Z,63318.08000000,63318.08000000,63290.00000000,63290.00000000,13.27022000
1785695400000,2026-08-02T18:30:00.000Z,63290.00000000,63318.99000000,63290.00000000,63317.06000000,31.10052000
1785695700000,2026-08-02T18:35:00.000Z,63317.07000000,63431.29000000,63317.06000000,63425.27000000,74.04639000
1785696000000,2026-08-02T18:40:00.000Z,63425.27000000,63610.01000000,63424.00000000,63502.01000000,155.42679000
1785696300000,2026-08-02T18:45:00.000Z,63502.01000000,63512.00000000,63412.06000000,63412.06000000,72.32678000
1785696600000,2026-08-02T18:50:00.000Z,63412.07000000,63412.07000000,63370.01000000,63388.00000000,43.78088000
1785696900000,2026-08-02T18:55:00.000Z,63388.00000000,63388.01000000,63382.00000000,63382.01000000,13.90372000
1785697200000,2026-08-02T19:00:00.000Z,63382.01000000,63389.64000000,63346.62000000,63352.49000000,39.40088000
1785697500000,2026-08-02T19:05:00.000Z,63352.48000000,63376.06000000,63352.04000000,63352.05000000,20.13212000
1785697800000,2026-08-02T19:10:00.000Z,63352.05000000,63371.74000000,63352.00000000,63358.07000000,21.35615000
1785698100000,2026-08-02T19:15:00.000Z,63358.08000000,63372.00000000,63358.00000000,63360.29000000,13.64210000
1785698400000,2026-08-02T19:20:00.000Z,63360.29000000,63373.04000000,63357.38000000,63358.88000000,13.83613000
1785698700000,2026-08-02T19:25:00.000Z,63358.88000000,63358.88000000,63333.33000000,63333.34000000,12.76331000
1785699000000,2026-08-02T19:30:00.000Z,63333.34000000,63333.67000000,63323.89000000,63333.67000000,12.38795000
1785699300000,2026-08-02T19:35:00.000Z,63333.67000000,63375.05000000,63333.66000000,63375.04000000,10.80791000
1785699600000,2026-08-02T19:40:00.000Z,63375.05000000,63394.00000000,63375.04000000,63393.99000000,13.39405000
1785699900000,2026-08-02T19:45:00.000Z,63394.00000000,63470.19000000,63393.99000000,63470.19000000,41.81780000
1785700200000,2026-08-02T19:50:00.000Z,63470.19000000,63479.85000000,63450.43000000,63456.01000000,42.75469000
1785700500000,2026-08-02T19:55:00.000Z,63456.00000000,63456.01000000,63450.00000000,63456.01000000,5.06530000
1785700800000,2026-08-02T20:00:00.000Z,63456.00000000,63470.26000000,63424.00000000,63424.00000000,16.85267000
1785701100000,2026-08-02T20:05:00.000Z,63424.00000000,63452.00000000,63422.00000000,63452.00000000,8.46025000
1785701400000,2026-08-02T20:10:00.000Z,63452.00000000,63462.00000000,63426.00000000,63462.00000000,7.81734000
1785701700000,2026-08-02T20:15:00.000Z,63462.00000000,63496.00000000,63455.74000000,63472.01000000,12.59910000
1785702000000,2026-08-02T20:20:00.000Z,63472.01000000,63477.01000000,63427.00000000,63427.01000000,12.04044000
1785702300000,2026-08-02T20:25:00.000Z,63427.00000000,63427.00000000,63404.69000000,63409.27000000,6.74538000
1785702600000,2026-08-02T20:30:00.000Z,63409.27000000,63454.12000000,63409.26000000,63454.11000000,12.32164000
1785702900000,2026-08-02T20:35:00.000Z,63454.12000000,63454.12000000,63422.47000000,63422.47000000,4.34946000
1785703200000,2026-08-02T20:40:00.000Z,63422.47000000,63431.14000000,63422.47000000,63431.14000000,8.77182000
1785703500000,2026-08-02T20:45:00.000Z,63431.14000000,63500.00000000,63414.01000000,63487.17000000,26.89578000
1785703800000,2026-08-02T20:50:00.000Z,63487.17000000,63487.17000000,63464.00000000,63472.05000000,5.87221000
1785704100000,2026-08-02T20:55:00.000Z,63472.05000000,63501.48000000,63472.04000000,63494.52000000,17.78653000
1785704400000,2026-08-02T21:00:00.000Z,63494.51000000,63571.98000000,63479.45000000,63571.98000000,35.49684000
1785704700000,2026-08-02T21:05:00.000Z,63571.98000000,63571.98000000,63515.99000000,63527.99000000,27.61312000
1785705000000,2026-08-02T21:10:00.000Z,63527.99000000,63547.60000000,63512.12000000,63527.45000000,29.89072000
1785705300000,2026-08-02T21:15:00.000Z,63527.45000000,63553.12000000,63512.00000000,63515.99000000,22.67140000
1785705600000,2026-08-02T21:20:00.000Z,63516.00000000,63530.06000000,63515.99000000,63530.06000000,10.07069000
1785705900000,2026-08-02T21:25:00.000Z,63530.06000000,63542.86000000,63516.00000000,63542.85000000,21.00734000
1785706200000,2026-08-02T21:30:00.000Z,63542.85000000,63570.15000000,63522.00000000,63528.00000000,13.77549000
1785706500000,2026-08-02T21:35:00.000Z,63528.00000000,63576.62000000,63514.35000000,63515.67000000,24.04672000
1785706800000,2026-08-02T21:40:00.000Z,63515.67000000,63781.69000000,63508.60000000,63704.01000000,124.31002000
1785707100000,2026-08-02T21:45:00.000Z,63704.01000000,63785.00000000,63658.00000000,63684.00000000,72.18777000
1785707400000,2026-08-02T21:50:00.000Z,63684.00000000,63703.99000000,63606.60000000,63606.60000000,41.36955000
1785707700000,2026-08-02T21:55:00.000Z,63606.61000000,63634.00000000,63548.70000000,63578.00000000,34.83790000
1785708000000,2026-08-02T22:00:00.000Z,63578.01000000,63738.00000000,63578.01000000,63692.00000000,72.52825000
1785708300000,2026-08-02T22:05:00.000Z,63692.00000000,63729.80000000,63648.00000000,63709.45000000,34.44548000
1785708600000,2026-08-02T22:10:00.000Z,63709.46000000,63796.33000000,63692.69000000,63696.27000000,44.12136000
1785708900000,2026-08-02T22:15:00.000Z,63696.27000000,63790.94000000,63663.52000000,63680.00000000,40.44510000
1785709200000,2026-08-02T22:20:00.000Z,63680.01000000,63697.11000000,63655.00000000,63661.64000000,22.59294000
1785709500000,2026-08-02T22:25:00.000Z,63661.64000000,63669.15000000,63572.23000000,63591.99000000,45.19606000
1785709800000,2026-08-02T22:30:00.000Z,63592.00000000,63600.39000000,63446.00000000,63446.00000000,48.76359000
1785710100000,2026-08-02T22:35:00.000Z,63446.01000000,63464.00000000,63376.71000000,63401.19000000,58.29996000
1785710400000,2026-08-02T22:40:00.000Z,63401.19000000,63525.28000000,63377.58000000,63518.01000000,52.40237000
1785710700000,2026-08-02T22:45:00.000Z,63518.00000000,63572.50000000,63450.65000000,63450.65000000,37.42288000
1785711000000,2026-08-02T22:50:00.000Z,63450.66000000,63454.00000000,63429.09000000,63433.06000000,16.51849000
1785711300000,2026-08-02T22:55:00.000Z,63433.06000000,63436.46000000,63424.00000000,63424.58000000,11.40442000
1785711600000,2026-08-02T23:00:00.000Z,63424.58000000,63457.50000000,63394.00000000,63404.00000000,23.51352000
1785711900000,2026-08-02T23:05:00.000Z,63404.00000000,63404.00000000,63358.75000000,63388.63000000,39.05036000
1785712200000,2026-08-02T23:10:00.000Z,63388.64000000,63396.59000000,63344.00000000,63363.99000000,29.16999000
1785712500000,2026-08-02T23:15:00.000Z,63363.99000000,63533.42000000,63344.00000000,63530.60000000,80.72577000
1785712800000,2026-08-02T23:20:00.000Z,63530.61000000,63530.61000000,63462.72000000,63486.45000000,26.92366000
1785713100000,2026-08-02T23:25:00.000Z,63486.46000000,63546.88000000,63486.46000000,63542.65000000,20.42265000
1785713400000,2026-08-02T23:30:00.000Z,63542.65000000,63596.00000000,63534.15000000,63576.62000000,25.44211000
1785713700000,2026-08-02T23:35:00.000Z,63576.61000000,63585.79000000,63512.00000000,63526.00000000,12.37352000
1785714000000,2026-08-02T23:40:00.000Z,63526.00000000,63526.00000000,63490.00000000,63523.33000000,18.90484000
1785714300000,2026-08-02T23:45:00.000Z,63523.34000000,63552.02000000,63486.01000000,63514.64000000,29.68675000
1785714600000,2026-08-02T23:50:00.000Z,63514.65000000,63546.71000000,63498.00000000,63504.01000000,16.02252000
1785714900000,2026-08-02T23:55:00.000Z,63504.01000000,63575.19000000,63504.01000000,63570.00000000,15.43729000
1785715200000,2026-08-03T00:00:00.000Z,63570.01000000,63596.00000000,63492.40000000,63514.53000000,53.86020000
1785715500000,2026-08-03T00:05:00.000Z,63514.53000000,63514.53000000,63433.00000000,63447.99000000,18.52294000
1785715800000,2026-08-03T00:10:00.000Z,63447.99000000,63450.00000000,63390.00000000,63425.05000000,25.20456000
1785716100000,2026-08-03T00:15:00.000Z,63425.05000000,63442.00000000,63387.80000000,63387.80000000,17.84639000
1785716400000,2026-08-03T00:20:00.000Z,63387.80000000,63435.99000000,63372.55000000,63379.54000000,26.82474000
1785716700000,2026-08-03T00:25:00.000Z,63379.54000000,63379.54000000,63250.04000000,63262.84000000,71.63696000
1785717000000,2026-08-03T00:30:00.000Z,63262.84000000,63358.15000000,63208.30000000,63358.15000000,44.73970000
1785717300000,2026-08-03T00:35:00.000Z,63358.15000000,63396.79000000,63334.01000000,63396.79000000,22.41998000
1785717600000,2026-08-03T00:40:00.000Z,63396.79000000,63425.97000000,63310.15000000,63331.81000000,21.12301000
1785717900000,2026-08-03T00:45:00.000Z,63331.81000000,63344.00000000,63271.20000000,63336.00000000,27.65078000
1785718200000,2026-08-03T00:50:00.000Z,63335.99000000,63352.00000000,63300.00000000,63321.99000000,18.36298000
1785718500000,2026-08-03T00:55:00.000Z,63322.00000000,63324.00000000,63309.99000000,63317.60000000,9.13118000
1785718800000,2026-08-03T01:00:00.000Z,63317.61000000,63350.00000000,63242.66000000,63339.50000000,47.01209000
1785719100000,2026-08-03T01:05:00.000Z,63339.51000000,63349.74000000,63233.49000000,63276.01000000,25.92250000
1785719400000,2026-08-03T01:10:00.000Z,63276.01000000,63295.81000000,63180.00000000,63221.18000000,23.88234000
1785719700000,2026-08-03T01:15:00.000Z,63221.19000000,63243.50000000,63169.12000000,63203.99000000,32.50087000
1785720000000,2026-08-03T01:20:00.000Z,63203.99000000,63204.00000000,63158.00000000,63200.00000000,18.84105000
1785720300000,2026-08-03T01:25:00.000Z,63200.00000000,63260.00000000,63111.10000000,63175.99000000,61.08020000
1785720600000,2026-08-03T01:30:00.000Z,63175.99000000,63248.00000000,63160.66000000,63226.00000000,29.61645000
1785720900000,2026-08-03T01:35:00.000Z,63226.01000000,63234.00000000,63180.00000000,63194.00000000,20.24818000
1785721200000,2026-08-03T01:40:00.000Z,63194.00000000,63246.39000000,63184.00000000,63219.31000000,23.05386000
1785721500000,2026-08-03T01:45:00.000Z,63219.32000000,63230.00000000,63190.00000000,63190.01000000,33.47213000
1785721800000,2026-08-03T01:50:00.000Z,63190.01000000,63194.28000000,63165.39000000,63165.39000000,32.06545000
1785722100000,2026-08-03T01:55:00.000Z,63165.40000000,63223.79000000,63162.00000000,63212.16000000,24.61806000
1785722400000,2026-08-03T02:00:00.000Z,63212.16000000,63233.29000000,63165.22000000,63219.75000000,26.15570000
1785722700000,2026-08-03T02:05:00.000Z,63219.74000000,63220.00000000,63170.08000000,63182.00000000,21.61443000
1785723000000,2026-08-03T02:10:00.000Z,63182.00000000,63205.31000000,63138.93000000,63205.31000000,24.28012000
1785723300000,2026-08-03T02:15:00.000Z,63205.31000000,63233.29000000,63192.29000000,63228.27000000,30.79296000
1785723600000,2026-08-03T02:20:00.000Z,63228.28000000,63286.00000000,63218.20000000,63218.20000000,34.04429000
1785723900000,2026-08-03T02:25:00.000Z,63218.20000000,63228.13000000,63100.00000000,63128.00000000,31.46665000
1785724200000,2026-08-03T02:30:00.000Z,63128.01000000,63168.00000000,63108.33000000,63167.99000000,21.48835000
1785724500000,2026-08-03T02:35:00.000Z,63167.99000000,63206.00000000,63155.46000000,63199.99000000,17.77298000
1785724800000,2026-08-03T02:40:00.000Z,63200.00000000,63216.79000000,63180.39000000,63180.40000000,41.62374000
1785725100000,2026-08-03T02:45:00.000Z,63180.39000000,63196.00000000,63174.00000000,63193.99000000,37.19785000
1785725400000,2026-08-03T02:50:00.000Z,63193.99000000,63194.01000000,63150.00000000,63150.00000000,19.25985000
1785725700000,2026-08-03T02:55:00.000Z,63150.01000000,63157.52000000,63120.01000000,63141.40000000,28.49267000
1785726000000,2026-08-03T03:00:00.000Z,63141.39000000,63162.00000000,63116.17000000,63151.82000000,20.51721000
1785726300000,2026-08-03T03:05:00.000Z,63151.82000000,63168.44000000,63100.00000000,63131.70000000,16.18543000
1785726600000,2026-08-03T03:10:00.000Z,63131.70000000,63136.00000000,63100.01000000,63116.00000000,29.78145000
1785726900000,2026-08-03T03:15:00.000Z,63116.00000000,63138.37000000,63082.54000000,63091.30000000,28.88525000
1785727200000,2026-08-03T03:20:00.000Z,63091.30000000,63115.07000000,63073.24000000,63092.95000000,51.11721000
1785727500000,2026-08-03T03:25:00.000Z,63092.94000000,63092.95000000,63062.98000000,63080.01000000,23.45497000
1785727800000,2026-08-03T03:30:00.000Z,63080.01000000,63084.00000000,63039.99000000,63083.99000000,38.74049000
1785728100000,2026-08-03T03:35:00.000Z,63084.00000000,63089.98000000,63054.00000000,63058.48000000,34.21574000
1785728400000,2026-08-03T03:40:00.000Z,63058.48000000,63062.93000000,63045.08000000,63062.93000000,25.70007000
1785728700000,2026-08-03T03:45:00.000Z,63062.93000000,63065.89000000,62786.04000000,62930.00000000,191.62540000
1785729000000,2026-08-03T03:50:00.000Z,62930.00000000,62965.00000000,62913.25000000,62946.03000000,28.74225000
1785729300000,2026-08-03T03:55:00.000Z,62946.03000000,62946.03000000,62870.48000000,62870.49000000,27.49876000
1785729600000,2026-08-03T04:00:00.000Z,62870.48000000,62938.55000000,62851.71000000,62938.55000000,54.24248000
1785729900000,2026-08-03T04:05:00.000Z,62938.55000000,62938.55000000,62870.65000000,62872.00000000,40.49754000
1785730200000,2026-08-03T04:10:00.000Z,62872.00000000,62890.00000000,62816.34000000,62865.93000000,21.84444000
1785730500000,2026-08-03T04:15:00.000Z,62865.93000000,62934.78000000,62865.92000000,62926.00000000,18.02355000
1785730800000,2026-08-03T04:20:00.000Z,62926.00000000,62978.11000000,62920.00000000,62954.38000000,20.74753000
1785731100000,2026-08-03T04:25:00.000Z,62954.38000000,62978.00000000,62945.87000000,62972.67000000,12.40873000
1785731400000,2026-08-03T04:30:00.000Z,62972.67000000,63001.77000000,62972.66000000,62991.93000000,23.44218000
1785731700000,2026-08-03T04:35:00.000Z,62991.93000000,63001.77000000,62972.72000000,63000.12000000,29.25075000
1785732000000,2026-08-03T04:40:00.000Z,63000.12000000,63000.13000000,62965.00000000,62981.99000000,11.26719000
1785732300000,2026-08-03T04:45:00.000Z,62981.99000000,62982.00000000,62926.00000000,62926.00000000,19.33934000
1785732600000,2026-08-03T04:50:00.000Z,62926.01000000,62926.01000000,62853.00000000,62864.37000000,28.14280000
1785732900000,2026-08-03T04:55:00.000Z,62864.37000000,62870.57000000,62770.37000000,62790.00000000,41.21110000
1785733200000,2026-08-03T05:00:00.000Z,62790.00000000,62847.81000000,62790.00000000,62800.00000000,44.57149000
1785733500000,2026-08-03T05:05:00.000Z,62800.01000000,62834.91000000,62751.30000000,62834.91000000,51.58562000
1785733800000,2026-08-03T05:10:00.000Z,62834.91000000,62871.13000000,62830.00000000,62852.01000000,33.36581000
1785734100000,2026-08-03T05:15:00.000Z,62852.01000000,62862.01000000,62808.73000000,62862.00000000,102.21608000
1785734400000,2026-08-03T05:20:00.000Z,62862.01000000,62875.02000000,62802.00000000,62827.71000000,57.52578000
1785734700000,2026-08-03T05:25:00.000Z,62827.71000000,62856.00000000,62816.00000000,62816.00000000,95.70350000
1785735000000,2026-08-03T05:30:00.000Z,62816.01000000,62833.86000000,62793.44000000,62793.44000000,25.54974000
1785735300000,2026-08-03T05:35:00.000Z,62793.44000000,62812.16000000,62774.88000000,62812.16000000,31.06656000
1785735600000,2026-08-03T05:40:00.000Z,62812.16000000,62849.98000000,62808.09000000,62808.75000000,19.80805000
1785735900000,2026-08-03T05:45:00.000Z,62808.75000000,62862.92000000,62808.00000000,62856.03000000,43.65541000
1785736200000,2026-08-03T05:50:00.000Z,62856.03000000,62856.03000000,62811.00000000,62817.54000000,22.99961000
1785736500000,2026-08-03T05:55:00.000Z,62817.54000000,62839.99000000,62807.67000000,62827.17000000,18.64441000
1785736800000,2026-08-03T06:00:00.000Z,62827.17000000,62849.46000000,62823.20000000,62838.40000000,26.03932000
1785737100000,2026-08-03T06:05:00.000Z,62838.40000000,62872.58000000,62832.35000000,62861.06000000,20.75790000
1785737400000,2026-08-03T06:10:00.000Z,62861.06000000,62861.06000000,62827.15000000,62846.00000000,18.76633000
1785737700000,2026-08-03T06:15:00.000Z,62846.01000000,62850.00000000,62814.46000000,62814.47000000,16.63345000
1785738000000,2026-08-03T06:20:00.000Z,62814.46000000,62814.47000000,62778.00000000,62804.55000000,28.21042000
1785738300000,2026-08-03T06:25:00.000Z,62804.55000000,62804.55000000,62759.82000000,62793.17000000,36.27522000
1785738600000,2026-08-03T06:30:00.000Z,62793.17000000,62841.01000000,62784.25000000,62784.26000000,18.70102000
1785738900000,2026-08-03T06:35:00.000Z,62784.25000000,62784.26000000,62670.00000000,62702.00000000,56.62399000
1785739200000,2026-08-03T06:40:00.000Z,62702.00000000,62702.00000000,62640.00000000,62640.01000000,66.13291000
1785739500000,2026-08-03T06:45:00.000Z,62640.01000000,62672.00000000,62618.00000000,62663.49000000,38.49837000
1785739800000,2026-08-03T06:50:00.000Z,62663.49000000,62683.50000000,62646.00000000,62663.99000000,41.75228000
1785740100000,2026-08-03T06:55:00.000Z,62663.99000000,62663.99000000,62613.00000000,62623.60000000,27.92720000
1785740400000,2026-08-03T07:00:00.000Z,62623.60000000,62639.99000000,62592.00000000,62622.89000000,41.14445000
1785740700000,2026-08-03T07:05:00.000Z,62622.90000000,62676.85000000,62609.81000000,62610.00000000,391.61894000
1785741000000,2026-08-03T07:10:00.000Z,62610.00000000,62656.00000000,62599.61000000,62599.99000000,197.16124000
1785741300000,2026-08-03T07:15:00.000Z,62599.99000000,62626.37000000,62552.04000000,62597.99000000,124.86818000
1785741600000,2026-08-03T07:20:00.000Z,62597.99000000,62650.00000000,62592.00000000,62644.77000000,34.83976000
1785741900000,2026-08-03T07:25:00.000Z,62644.77000000,62674.64000000,62639.95000000,62639.96000000,77.95402000
1785742200000,2026-08-03T07:30:00.000Z,62639.95000000,62700.00000000,62632.05000000,62695.03000000,38.86376000
1785742500000,2026-08-03T07:35:00.000Z,62695.04000000,62695.04000000,62603.10000000,62640.01000000,56.68475000
1785742800000,2026-08-03T07:40:00.000Z,62640.01000000,62645.83000000,62638.32000000,62643.92000000,38.18846000
1785743100000,2026-08-03T07:45:00.000Z,62643.93000000,62675.31000000,62634.99000000,62635.00000000,130.53661000
1785743400000,2026-08-03T07:50:00.000Z,62635.00000000,62655.82000000,62608.00000000,62620.58000000,69.97766000
1785743700000,2026-08-03T07:55:00.000Z,62620.59000000,62627.14000000,62580.47000000,62621.10000000,62.89044000
1785744000000,2026-08-03T08:00:00.000Z,62621.10000000,62647.69000000,62586.00000000,62608.00000000,23.08662000
1785744300000,2026-08-03T08:05:00.000Z,62607.99000000,62630.26000000,62539.12000000,62539.13000000,24.57904000
1785744600000,2026-08-03T08:10:00.000Z,62539.12000000,62571.85000000,62516.01000000,62566.01000000,35.59122000
1785744900000,2026-08-03T08:15:00.000Z,62566.01000000,62569.30000000,62491.23000000,62491.24000000,57.16678000
1785745200000,2026-08-03T08:20:00.000Z,62491.24000000,62491.24000000,62340.00000000,62418.42000000,128.04348000
1785745500000,2026-08-03T08:25:00.000Z,62418.41000000,62418.42000000,62326.00000000,62340.01000000,69.39812000
1785745800000,2026-08-03T08:30:00.000Z,62340.00000000,62372.00000000,62300.00000000,62314.19000000,94.87475000
1785746100000,2026-08-03T08:35:00.000Z,62314.20000000,62428.30000000,62314.20000000,62396.01000000,58.12862000
1785746400000,2026-08-03T08:40:00.000Z,62396.00000000,62439.36000000,62396.00000000,62439.35000000,43.22621000
1785746700000,2026-08-03T08:45:00.000Z,62439.36000000,62457.36000000,62436.23000000,62455.06000000,41.88604000
1785747000000,2026-08-03T08:50:00.000Z,62455.06000000,62490.71000000,62436.23000000,62484.02000000,36.68078000
1785747300000,2026-08-03T08:55:00.000Z,62484.02000000,62541.50000000,62484.01000000,62541.50000000,44.66956000
1785747600000,2026-08-03T09:00:00.000Z,62541.50000000,62567.99000000,62520.00000000,62551.50000000,109.20740000
1785747900000,2026-08-03T09:05:00.000Z,62551.50000000,62590.20000000,62536.27000000,62540.96000000,72.11467000
1785748200000,2026-08-03T09:10:00.000Z,62540.96000000,62577.13000000,62540.95000000,62571.24000000,25.41020000
1785748500000,2026-08-03T09:15:00.000Z,62571.25000000,62606.06000000,62571.25000000,62600.19000000,19.79394000
1785748800000,2026-08-03T09:20:00.000Z,62600.18000000,62667.04000000,62600.18000000,62649.73000000,32.71604000
1785749100000,2026-08-03T09:25:00.000Z,62649.72000000,62653.36000000,62620.00000000,62653.36000000,42.67717000
1785749400000,2026-08-03T09:30:00.000Z,62653.36000000,62707.50000000,62628.00000000,62657.39000000,58.30867000
1785749700000,2026-08-03T09:35:00.000Z,62657.39000000,62672.15000000,62638.00000000,62664.94000000,30.34263000
1785750000000,2026-08-03T09:40:00.000Z,62664.95000000,62692.49000000,62664.94000000,62692.49000000,16.13337000
1785750300000,2026-08-03T09:45:00.000Z,62692.48000000,62749.45000000,62692.48000000,62734.40000000,29.98079000
1785750600000,2026-08-03T09:50:00.000Z,62734.41000000,62764.99000000,62734.41000000,62761.99000000,106.89227000
1785750900000,2026-08-03T09:55:00.000Z,62761.99000000,62863.10000000,62761.99000000,62837.40000000,41.83360000
1785751200000,2026-08-03T10:00:00.000Z,62837.40000000,62860.00000000,62784.83000000,62809.59000000,64.27226000
1785751500000,2026-08-03T10:05:00.000Z,62809.59000000,62809.59000000,62770.00000000,62775.08000000,29.19101000
1785751800000,2026-08-03T10:10:00.000Z,62775.08000000,62804.33000000,62766.66000000,62788.01000000,13.95636000
1785752100000,2026-08-03T10:15:00.000Z,62788.01000000,62800.00000000,62758.00000000,62793.99000000,103.28625000
1785752400000,2026-08-03T10:20:00.000Z,62793.99000000,62833.68000000,62775.42000000,62796.00000000,35.38032000
1785752700000,2026-08-03T10:25:00.000Z,62796.01000000,62796.01000000,62742.01000000,62742.02000000,14.52653000
1785753000000,2026-08-03T10:30:00.000Z,62742.02000000,62742.02000000,62674.00000000,62693.70000000,34.14522000
1785753300000,2026-08-03T10:35:00.000Z,62693.70000000,62697.39000000,62674.01000000,62677.99000000,29.13691000
1785753600000,2026-08-03T10:40:00.000Z,62677.99000000,62720.00000000,62677.99000000,62708.86000000,12.23336000
1785753900000,2026-08-03T10:45:00.000Z,62708.86000000,62708.86000000,62642.82000000,62642.82000000,27.49297000
1785754200000,2026-08-03T10:50:00.000Z,62642.82000000,62686.75000000,62615.11000000,62686.74000000,14.76282000
1785754500000,2026-08-03T10:55:00.000Z,62686.75000000,62782.00000000,62670.78000000,62742.01000000,65.42534000
1785754800000,2026-08-03T11:00:00.000Z,62742.01000000,62744.00000000,62655.44000000,62693.93000000,22.38402000
1785755100000,2026-08-03T11:05:00.000Z,62693.94000000,62693.94000000,62585.16000000,62599.99000000,32.36399000
1785755400000,2026-08-03T11:10:00.000Z,62600.00000000,62651.85000000,62599.99000000,62646.02000000,13.35453000
1785755700000,2026-08-03T11:15:00.000Z,62646.01000000,62730.62000000,62640.00000000,62727.80000000,14.59490000
1785756000000,2026-08-03T11:20:00.000Z,62727.81000000,62773.99000000,62727.80000000,62757.07000000,22.17534000
1785756300000,2026-08-03T11:25:00.000Z,62757.06000000,62757.06000000,62704.08000000,62704.09000000,22.93954000
1785756600000,2026-08-03T11:30:00.000Z,62704.09000000,62764.81000000,62695.54000000,62764.80000000,12.88563000
1785756900000,2026-08-03T11:35:00.000Z,62764.81000000,62778.92000000,62741.75000000,62741.76000000,19.40605000
1785757200000,2026-08-03T11:40:00.000Z,62741.75000000,62741.76000000,62669.86000000,62697.40000000,21.13500000
1785757500000,2026-08-03T11:45:00.000Z,62697.40000000,62700.00000000,62659.80000000,62674.55000000,12.59401000
1785757800000,2026-08-03T11:50:00.000Z,62674.56000000,62677.27000000,62634.13000000,62642.00000000,30.28865000
1785758100000,2026-08-03T11:55:00.000Z,62642.00000000,62642.01000000,62540.95000000,62560.01000000,58.14285000
1785758400000,2026-08-03T12:00:00.000Z,62560.01000000,62612.00000000,62546.00000000,62548.01000000,48.21045000
1785758700000,2026-08-03T12:05:00.000Z,62548.01000000,62554.00000000,62445.26000000,62485.99000000,72.71021000
1785759000000,2026-08-03T12:10:00.000Z,62486.00000000,62561.29000000,62470.00000000,62555.59000000,35.08691000
1785759300000,2026-08-03T12:15:00.000Z,62555.60000000,62694.00000000,62550.00000000,62656.26000000,60.72957000
1785759600000,2026-08-03T12:20:00.000Z,62656.27000000,62662.00000000,62620.00000000,62631.41000000,24.37697000
1785759900000,2026-08-03T12:25:00.000Z,62631.42000000,62640.00000000,62620.00000000,62630.93000000,14.34416000
1785760200000,2026-08-03T12:30:00.000Z,62630.92000000,62658.77000000,62626.00000000,62629.43000000,21.00518000
1785760500000,2026-08-03T12:35:00.000Z,62629.43000000,62656.00000000,62614.99000000,62625.99000000,17.24822000
1785760800000,2026-08-03T12:40:00.000Z,62625.99000000,62767.32000000,62625.99000000,62767.32000000,61.97608000
1785761100000,2026-08-03T12:45:00.000Z,62767.32000000,62799.30000000,62725.31000000,62730.09000000,34.17503000
1785761400000,2026-08-03T12:50:00.000Z,62730.08000000,62732.91000000,62702.00000000,62724.60000000,17.94313000
1785761700000,2026-08-03T12:55:00.000Z,62724.59000000,62729.97000000,62690.88000000,62700.00000000,29.42672000
1785762000000,2026-08-03T13:00:00.000Z,62700.01000000,62749.85000000,62700.00000000,62705.09000000,27.27053000
1785762300000,2026-08-03T13:05:00.000Z,62705.10000000,62727.31000000,62700.00000000,62716.01000000,24.60169000
1785762600000,2026-08-03T13:10:00.000Z,62716.01000000,62786.81000000,62704.00000000,62782.46000000,58.39946000
1785762900000,2026-08-03T13:15:00.000Z,62782.46000000,62980.00000000,62782.46000000,62954.01000000,92.06133000
1785763200000,2026-08-03T13:20:00.000Z,62954.00000000,62998.00000000,62886.51000000,62897.65000000,38.36452000
1785763500000,2026-08-03T13:25:00.000Z,62897.65000000,62897.65000000,62720.01000000,62769.00000000,61.58032000
1785763800000,2026-08-03T13:30:00.000Z,62769.00000000,62775.99000000,62562.42000000,62706.39000000,147.41717000
1785764100000,2026-08-03T13:35:00.000Z,62706.39000000,62936.62000000,62692.00000000,62878.00000000,115.05104000
1785764400000,2026-08-03T13:40:00.000Z,62877.99000000,62940.00000000,62851.65000000,62928.57000000,105.14363000
1785764700000,2026-08-03T13:45:00.000Z,62928.57000000,63090.89000000,62810.93000000,62982.01000000,143.34404000
1785765000000,2026-08-03T13:50:00.000Z,62982.00000000,63250.00000000,62962.00000000,63174.54000000,153.45308000
1785765300000,2026-08-03T13:55:00.000Z,63174.53000000,63390.00000000,63174.53000000,63351.09000000,154.70452000
1785765600000,2026-08-03T14:00:00.000Z,63351.09000000,63380.02000000,63136.00000000,63243.47000000,136.26963000
1785765900000,2026-08-03T14:05:00.000Z,63243.48000000,63290.00000000,63220.33000000,63288.00000000,82.71817000
1785766200000,2026-08-03T14:10:00.000Z,63288.00000000,63444.00000000,63287.99000000,63320.65000000,135.95932000
1785766500000,2026-08-03T14:15:00.000Z,63320.66000000,63498.00000000,63311.14000000,63341.85000000,123.48255000
1785766800000,2026-08-03T14:20:00.000Z,63341.59000000,63428.00000000,63170.00000000,63428.00000000,195.21409000
1785767100000,2026-08-03T14:25:00.000Z,63427.99000000,63795.00000000,63418.37000000,63766.01000000,385.92627000
1785767400000,2026-08-03T14:30:00.000Z,63766.00000000,63873.00000000,63670.00000000,63750.96000000,351.59321000
1785767700000,2026-08-03T14:35:00.000Z,63750.96000000,63843.38000000,63631.11000000,63816.00000000,228.01736000
1785768000000,2026-08-03T14:40:00.000Z,63816.00000000,63910.00000000,63716.91000000,63783.15000000,184.86056000
1785768300000,2026-08-03T14:45:00.000Z,63783.14000000,63811.15000000,63659.06000000,63723.99000000,132.00720000
1785768600000,2026-08-03T14:50:00.000Z,63724.00000000,63880.00000000,63723.99000000,63879.99000000,191.22533000
1785768900000,2026-08-03T14:55:00.000Z,63879.98000000,63992.71000000,63878.41000000,63967.19000000,240.55014000
1785769200000,2026-08-03T15:00:00.000Z,63967.19000000,63989.75000000,63856.01000000,63884.01000000,212.59990000
1785769500000,2026-08-03T15:05:00.000Z,63884.00000000,63911.95000000,63791.33000000,63842.59000000,146.45026000
1785769800000,2026-08-03T15:10:00.000Z,63842.59000000,63901.67000000,63764.18000000,63821.23000000,150.26853000
1785770100000,2026-08-03T15:15:00.000Z,63821.24000000,63862.37000000,63716.86000000,63800.00000000,131.12451000
1785770400000,2026-08-03T15:20:00.000Z,63800.00000000,63835.56000000,63741.99000000,63778.82000000,86.38131000
1785770700000,2026-08-03T15:25:00.000Z,63778.82000000,63778.82000000,63680.00000000,63715.08000000,99.01126000
1785771000000,2026-08-03T15:30:00.000Z,63715.07000000,63796.82000000,63709.27000000,63713.75000000,68.33238000
1785771300000,2026-08-03T15:35:00.000Z,63713.75000000,63886.00000000,63710.60000000,63885.99000000,124.05075000
1785771600000,2026-08-03T15:40:00.000Z,63886.00000000,63910.00000000,63722.87000000,63791.70000000,132.65683000
1785771900000,2026-08-03T15:45:00.000Z,63791.70000000,63848.00000000,63758.33000000,63774.00000000,81.04222000
1785772200000,2026-08-03T15:50:00.000Z,63774.00000000,63804.00000000,63738.84000000,63746.49000000,47.06030000
1785772500000,2026-08-03T15:55:00.000Z,63746.49000000,63748.00000000,63646.59000000,63694.91000000,89.55979000
1785772800000,2026-08-03T16:00:00.000Z,63694.90000000,63897.64000000,63664.00000000,63822.60000000,126.20956000
1785773100000,2026-08-03T16:05:00.000Z,63822.61000000,63886.55000000,63684.00000000,63740.00000000,128.61000000
1785773400000,2026-08-03T16:10:00.000Z,63740.00000000,63817.48000000,63712.85000000,63807.58000000,104.55014000
1785773700000,2026-08-03T16:15:00.000Z,63807.58000000,63903.69000000,63802.00000000,63845.99000000,80.01316000
1785774000000,2026-08-03T16:20:00.000Z,63845.99000000,63932.86000000,63824.00000000,63916.02000000,63.85292000
1785774300000,2026-08-03T16:25:00.000Z,63916.02000000,63939.99000000,63852.00000000,63903.78000000,49.77273000
1785774600000,2026-08-03T16:30:00.000Z,63903.78000000,63903.78000000,63808.52000000,63850.00000000,37.64018000
1785774900000,2026-08-03T16:35:00.000Z,63850.01000000,63854.00000000,63775.86000000,63789.99000000,53.04348000
1785775200000,2026-08-03T16:40:00.000Z,63790.00000000,63806.00000000,63710.71000000,63766.80000000,29.63417000
1785775500000,2026-08-03T16:45:00.000Z,63766.88000000,63879.94000000,63766.87000000,63874.01000000,47.72101000
1785775800000,2026-08-03T16:50:00.000Z,63874.00000000,63874.00000000,63762.00000000,63762.00000000,32.90165000
1785776100000,2026-08-03T16:55:00.000Z,63762.00000000,63778.32000000,63744.00000000,63776.46000000,46.13050000
1785776400000,2026-08-03T17:00:00.000Z,63776.46000000,63776.46000000,63714.55000000,63771.99000000,35.45238000
1785776700000,2026-08-03T17:05:00.000Z,63771.99000000,63836.00000000,63771.99000000,63802.02000000,34.15482000
1785777000000,2026-08-03T17:10:00.000Z,63802.02000000,63863.48000000,63791.63000000,63850.00000000,31.57274000
1785777300000,2026-08-03T17:15:00.000Z,63849.99000000,63877.09000000,63833.60000000,63838.00000000,26.75500000
1785777600000,2026-08-03T17:20:00.000Z,63838.00000000,64059.75000000,63816.00000000,63994.01000000,161.99110000
1785777900000,2026-08-03T17:25:00.000Z,63994.01000000,64004.00000000,63818.56000000,63828.00000000,111.33551000
1785778200000,2026-08-03T17:30:00.000Z,63828.00000000,63871.94000000,63793.21000000,63871.93000000,32.08341000
1785778500000,2026-08-03T17:35:00.000Z,63871.93000000,63930.81000000,63836.00000000,63844.00000000,58.30368000
1785778800000,2026-08-03T17:40:00.000Z,63843.99000000,63924.00000000,63826.69000000,63900.01000000,25.56420000
1785779100000,2026-08-03T17:45:00.000Z,63900.00000000,63956.67000000,63900.00000000,63940.00000000,40.40681000
1785779400000,2026-08-03T17:50:00.000Z,63940.01000000,63941.98000000,63888.16000000,63888.16000000,31.94692000
1785779700000,2026-08-03T17:55:00.000Z,63888.17000000,63910.00000000,63868.47000000,63906.00000000,38.54003000
1785780000000,2026-08-03T18:00:00.000Z,63905.99000000,63924.23000000,63876.05000000,63924.22000000,26.19738000
1785780300000,2026-08-03T18:05:00.000Z,63924.22000000,63929.22000000,63870.04000000,63908.00000000,18.14474000
1785780600000,2026-08-03T18:10:00.000Z,63908.01000000,64000.00000000,63887.91000000,63966.13000000,51.01106000
1785780900000,2026-08-03T18:15:00.000Z,63966.12000000,63988.00000000,63910.00000000,63919.80000000,33.91232000
1785781200000,2026-08-03T18:20:00.000Z,63919.80000000,63947.99000000,63882.00000000,63884.57000000,22.30322000
1785781500000,2026-08-03T18:25:00.000Z,63884.57000000,63897.23000000,63814.05000000,63849.36000000,31.15068000
1785781800000,2026-08-03T18:30:00.000Z,63849.37000000,63926.81000000,63849.37000000,63878.00000000,36.57384000
1785782100000,2026-08-03T18:35:00.000Z,63877.99000000,63890.93000000,63854.00000000,63866.16000000,23.57437000
1785782400000,2026-08-03T18:40:00.000Z,63866.16000000,63866.17000000,63810.00000000,63852.00000000,34.71035000
1785782700000,2026-08-03T18:45:00.000Z,63852.00000000,63852.01000000,63768.00000000,63820.00000000,30.79255000
1785783000000,2026-08-03T18:50:00.000Z,63820.01000000,63912.00000000,63812.00000000,63912.00000000,31.36161000
1785783300000,2026-08-03T18:55:00.000Z,63912.00000000,63919.31000000,63870.86000000,63870.87000000,28.31265000
1785783600000,2026-08-03T19:00:00.000Z,63870.87000000,63910.01000000,63862.36000000,63890.01000000,40.28433000
1785783900000,2026-08-03T19:05:00.000Z,63890.01000000,63910.00000000,63846.00000000,63904.87000000,22.16255000
1785784200000,2026-08-03T19:10:00.000Z,63904.88000000,63932.17000000,63884.26000000,63920.00000000,20.51279000
1785784500000,2026-08-03T19:15:00.000Z,63920.00000000,63971.79000000,63920.00000000,63934.05000000,29.21230000
1785784800000,2026-08-03T19:20:00.000Z,63934.06000000,63971.77000000,63928.00000000,63950.00000000,34.50060000
1785785100000,2026-08-03T19:25:00.000Z,63950.00000000,64012.00000000,63939.63000000,63967.99000000,62.57793000
1785785400000,2026-08-03T19:30:00.000Z,63968.00000000,64080.00000000,63968.00000000,64073.91000000,53.09035000
1785785700000,2026-08-03T19:35:00.000Z,64073.91000000,64079.91000000,63886.01000000,63886.01000000,79.03542000
1785786000000,2026-08-03T19:40:00.000Z,63886.01000000,63958.77000000,63864.27000000,63954.71000000,50.33606000
1785786300000,2026-08-03T19:45:00.000Z,63954.71000000,63961.97000000,63913.72000000,63931.99000000,26.92345000
1785786600000,2026-08-03T19:50:00.000Z,63932.00000000,63975.34000000,63923.00000000,63942.39000000,58.32081000
1785786900000,2026-08-03T19:55:00.000Z,63942.39000000,63942.39000000,63861.08000000,63869.38000000,68.22524000
1785787200000,2026-08-03T20:00:00.000Z,63869.38000000,63875.31000000,63816.65000000,63841.61000000,41.21841000
1785787500000,2026-08-03T20:05:00.000Z,63841.62000000,63896.83000000,63841.62000000,63896.83000000,25.61799000
1785787800000,2026-08-03T20:10:00.000Z,63896.82000000,63957.51000000,63896.82000000,63897.98000000,36.50692000
1785788100000,2026-08-03T20:15:00.000Z,63897.98000000,63972.01000000,63896.71000000,63972.01000000,38.82178000
1785788400000,2026-08-03T20:20:00.000Z,63972.01000000,64023.61000000,63945.00000000,63945.00000000,42.50224000
1785788700000,2026-08-03T20:25:00.000Z,63945.01000000,63959.00000000,63922.32000000,63958.99000000,40.81847000
1785789000000,2026-08-03T20:30:00.000Z,63958.99000000,63958.99000000,63929.75000000,63930.07000000,19.45167000
1785789300000,2026-08-03T20:35:00.000Z,63930.08000000,63945.01000000,63916.00000000,63916.00000000,27.71543000
1785789600000,2026-08-03T20:40:00.000Z,63916.00000000,63926.10000000,63907.70000000,63926.10000000,51.78549000
1785789900000,2026-08-03T20:45:00.000Z,63926.10000000,63926.10000000,63792.73000000,63793.06000000,76.54555000
1785790200000,2026-08-03T20:50:00.000Z,63793.05000000,63815.60000000,63769.92000000,63785.69000000,41.18106000
1785790500000,2026-08-03T20:55:00.000Z,63785.70000000,63808.92000000,63775.42000000,63775.43000000,56.82859000
1785790800000,2026-08-03T21:00:00.000Z,63775.43000000,63787.25000000,63734.00000000,63737.22000000,21.69436000
1785791100000,2026-08-03T21:05:00.000Z,63737.22000000,63752.51000000,63725.83000000,63750.00000000,78.13217000
1785791400000,2026-08-03T21:10:00.000Z,63750.00000000,63750.00000000,63712.23000000,63722.47000000,63.08590000
1785791700000,2026-08-03T21:15:00.000Z,63722.48000000,63791.98000000,63687.41000000,63725.99000000,65.16149000
1785792000000,2026-08-03T21:20:00.000Z,63726.00000000,63731.91000000,63707.11000000,63715.87000000,9.76123000
1785792300000,2026-08-03T21:25:00.000Z,63715.87000000,63734.98000000,63709.01000000,63730.01000000,28.84275000
1785792600000,2026-08-03T21:30:00.000Z,63730.01000000,63734.09000000,63694.40000000,63710.01000000,20.94566000
1785792900000,2026-08-03T21:35:00.000Z,63710.00000000,63722.00000000,63670.00000000,63707.99000000,32.81577000
1785793200000,2026-08-03T21:40:00.000Z,63708.00000000,63716.55000000,63670.00000000,63681.47000000,19.54925000
1785793500000,2026-08-03T21:45:00.000Z,63681.48000000,63681.48000000,63628.97000000,63642.69000000,25.71045000
1785793800000,2026-08-03T21:50:00.000Z,63642.70000000,63672.00000000,63606.00000000,63617.96000000,24.37027000
1785794100000,2026-08-03T21:55:00.000Z,63617.97000000,63617.97000000,63548.00000000,63590.15000000,37.88084000
1785794400000,2026-08-03T22:00:00.000Z,63590.15000000,63611.59000000,63485.01000000,63488.00000000,61.39672000
1785794700000,2026-08-03T22:05:00.000Z,63488.00000000,63499.05000000,63392.01000000,63496.00000000,117.84414000
1785795000000,2026-08-03T22:10:00.000Z,63496.00000000,63520.00000000,63486.00000000,63498.20000000,35.21942000
1785795300000,2026-08-03T22:15:00.000Z,63498.20000000,63680.00000000,63498.19000000,63620.00000000,45.27490000
1785795600000,2026-08-03T22:20:00.000Z,63620.01000000,63630.01000000,63524.00000000,63553.99000000,40.64955000
1785795900000,2026-08-03T22:25:00.000Z,63554.00000000,63563.99000000,63528.00000000,63535.63000000,9.94024000
1785796200000,2026-08-03T22:30:00.000Z,63535.63000000,63565.23000000,63517.11000000,63523.27000000,46.36248000
1785796500000,2026-08-03T22:35:00.000Z,63523.28000000,63526.91000000,63502.00000000,63502.00000000,17.82287000
1785796800000,2026-08-03T22:40:00.000Z,63502.00000000,63519.95000000,63496.18000000,63509.53000000,12.01509000
1785797100000,2026-08-03T22:45:00.000Z,63509.54000000,63590.54000000,63509.54000000,63568.35000000,13.12533000
1785797400000,2026-08-03T22:50:00.000Z,63568.36000000,63638.36000000,63568.36000000,63635.05000000,13.08835000
1785797700000,2026-08-03T22:55:00.000Z,63635.04000000,63635.05000000,63594.65000000,63618.00000000,9.74378000
1785798000000,2026-08-03T23:00:00.000Z,63618.01000000,63618.01000000,63551.14000000,63583.93000000,24.40091000
1785798300000,2026-08-03T23:05:00.000Z,63583.94000000,63586.00000000,63528.01000000,63585.99000000,13.39868000
1785798600000,2026-08-03T23:10:00.000Z,63585.99000000,63586.00000000,63532.00000000,63542.36000000,19.58949000
1785798900000,2026-08-03T23:15:00.000Z,63542.37000000,63621.35000000,63527.38000000,63531.99000000,208.66274000
1785799200000,2026-08-03T23:20:00.000Z,63532.00000000,63575.99000000,63531.99000000,63567.87000000,24.51249000
1785799500000,2026-08-03T23:25:00.000Z,63567.87000000,63586.15000000,63552.00000000,63572.00000000,11.69773000
1785799800000,2026-08-03T23:30:00.000Z,63572.00000000,63572.01000000,63525.24000000,63526.01000000,17.93848000
1785800100000,2026-08-03T23:35:00.000Z,63526.00000000,63528.79000000,63480.00000000,63480.01000000,52.05646000
1785800400000,2026-08-03T23:40:00.000Z,63480.01000000,63502.00000000,63465.43000000,63500.32000000,23.51243000
1785800700000,2026-08-03T23:45:00.000Z,63500.31000000,63523.70000000,63483.99000000,63494.00000000,32.64399000
1785801000000,2026-08-03T23:50:00.000Z,63494.00000000,63507.84000000,63483.99000000,63500.96000000,21.79244000
1785801300000,2026-08-03T23:55:00.000Z,63500.97000000,63520.00000000,63500.96000000,63520.00000000,10.00383000
1785801600000,2026-08-04T00:00:00.000Z,63520.00000000,63585.09000000,63482.00000000,63585.08000000,18.82833000
1785801900000,2026-08-04T00:05:00.000Z,63585.08000000,63585.09000000,63532.00000000,63550.01000000,41.30401000
1785802200000,2026-08-04T00:10:00.000Z,63550.01000000,63565.27000000,63469.90000000,63469.91000000,33.18992000
1785802500000,2026-08-04T00:15:00.000Z,63469.91000000,63477.10000000,63390.21000000,63422.00000000,42.18955000
1785802800000,2026-08-04T00:20:00.000Z,63422.00000000,63497.97000000,63421.99000000,63447.16000000,22.50373000
1785803100000,2026-08-04T00:25:00.000Z,63447.15000000,63462.23000000,63397.21000000,63462.22000000,142.27737000
1785803400000,2026-08-04T00:30:00.000Z,63462.22000000,63462.22000000,63390.21000000,63398.17000000,62.16995000
1785803700000,2026-08-04T00:35:00.000Z,63398.17000000,63403.56000000,63351.00000000,63376.86000000,50.35485000
1785804000000,2026-08-04T00:40:00.000Z,63376.86000000,63400.00000000,63343.19000000,63399.99000000,39.44871000
1785804300000,2026-08-04T00:45:00.000Z,63400.00000000,63439.54000000,63350.00000000,63439.54000000,25.41294000
1785804600000,2026-08-04T00:50:00.000Z,63439.54000000,63477.94000000,63396.25000000,63406.03000000,22.27585000
1785804900000,2026-08-04T00:55:00.000Z,63406.03000000,63414.00000000,63322.01000000,63361.99000000,36.27887000
1785805200000,2026-08-04T01:00:00.000Z,63362.00000000,63462.65000000,63361.99000000,63429.38000000,51.72196000
1785805500000,2026-08-04T01:05:00.000Z,63429.38000000,63497.54000000,63429.37000000,63456.01000000,26.37418000
1785805800000,2026-08-04T01:10:00.000Z,63456.01000000,63479.36000000,63445.00000000,63476.82000000,16.52602000
1785806100000,2026-08-04T01:15:00.000Z,63476.83000000,63524.36000000,63420.75000000,63516.01000000,47.54785000
1785806400000,2026-08-04T01:20:00.000Z,63516.00000000,63574.71000000,63505.64000000,63506.37000000,142.52507000
1785806700000,2026-08-04T01:25:00.000Z,63506.37000000,63525.99000000,63466.00000000,63525.99000000,83.77205000
1785807000000,2026-08-04T01:30:00.000Z,63526.00000000,63709.18000000,63526.00000000,63691.34000000,77.86520000
1785807300000,2026-08-04T01:35:00.000Z,63691.33000000,63742.00000000,63638.20000000,63712.00000000,63.70668000
1785807600000,2026-08-04T01:40:00.000Z,63712.00000000,63927.99000000,63711.99000000,63810.00000000,103.97190000
1785807900000,2026-08-04T01:45:00.000Z,63810.00000000,63861.57000000,63740.98000000,63806.52000000,111.13845000
1785808200000,2026-08-04T01:50:00.000Z,63806.52000000,63882.80000000,63760.17000000,63853.03000000,62.10078000
1785808500000,2026-08-04T01:55:00.000Z,63853.02000000,63866.00000000,63828.69000000,63847.93000000,21.38255000
1785808800000,2026-08-04T02:00:00.000Z,63847.92000000,63867.95000000,63803.53000000,63808.39000000,29.37004000
1785809100000,2026-08-04T02:05:00.000Z,63808.38000000,63820.01000000,63758.36000000,63820.00000000,145.84565000
1785809400000,2026-08-04T02:10:00.000Z,63820.00000000,63820.01000000,63772.00000000,63772.01000000,47.11365000
1785809700000,2026-08-04T02:15:00.000Z,63772.01000000,63808.79000000,63759.92000000,63760.00000000,135.92831000
1785810000000,2026-08-04T02:20:00.000Z,63759.99000000,63760.14000000,63694.27000000,63717.22000000,22.81938000
1785810300000,2026-08-04T02:25:00.000Z,63717.21000000,63728.67000000,63688.00000000,63693.56000000,35.04266000
1785810600000,2026-08-04T02:30:00.000Z,63693.56000000,63812.00000000,63686.44000000,63810.00000000,38.07695000
1785810900000,2026-08-04T02:35:00.000Z,63810.00000000,63972.00000000,63804.28000000,63853.31000000,78.71115000
1785811200000,2026-08-04T02:40:00.000Z,63853.31000000,63918.00000000,63844.55000000,63902.02000000,23.20803000
1785811500000,2026-08-04T02:45:00.000Z,63902.02000000,63926.43000000,63860.00000000,63867.18000000,16.80431000
1785811800000,2026-08-04T02:50:00.000Z,63867.17000000,63867.17000000,63807.35000000,63807.35000000,13.18891000
1785812100000,2026-08-04T02:55:00.000Z,63807.36000000,63822.45000000,63807.35000000,63822.44000000,10.10004000
1785812400000,2026-08-04T03:00:00.000Z,63822.45000000,63836.00000000,63780.86000000,63800.00000000,21.43478000
1785812700000,2026-08-04T03:05:00.000Z,63799.99000000,63800.00000000,63766.00000000,63777.30000000,17.10917000
1785813000000,2026-08-04T03:10:00.000Z,63777.30000000,63777.30000000,63690.18000000,63690.18000000,14.17659000
1785813300000,2026-08-04T03:15:00.000Z,63690.19000000,63732.00000000,63649.00000000,63668.00000000,42.57799000
1785813600000,2026-08-04T03:20:00.000Z,63668.00000000,63699.80000000,63667.99000000,63676.01000000,23.60905000
1785813900000,2026-08-04T03:25:00.000Z,63676.01000000,63792.00000000,63676.00000000,63774.00000000,34.87292000
1785814200000,2026-08-04T03:30:00.000Z,63773.99000000,63860.00000000,63773.99000000,63818.46000000,30.77694000
1785814500000,2026-08-04T03:35:00.000Z,63818.45000000,63830.35000000,63796.59000000,63829.14000000,34.44692000
1785814800000,2026-08-04T03:40:00.000Z,63829.14000000,63836.03000000,63814.00000000,63836.03000000,40.81413000
1785815100000,2026-08-04T03:45:00.000Z,63836.03000000,63837.79000000,63810.65000000,63822.89000000,42.37198000
1785815400000,2026-08-04T03:50:00.000Z,63822.90000000,63835.15000000,63800.65000000,63800.65000000,31.27058000
1785815700000,2026-08-04T03:55:00.000Z,63800.66000000,63813.57000000,63800.01000000,63800.01000000,9.67180000
1785816000000,2026-08-04T04:00:00.000Z,63800.01000000,63800.01000000,63790.00000000,63790.00000000,28.38728000
1785816300000,2026-08-04T04:05:00.000Z,63790.00000000,63801.91000000,63762.00000000,63801.91000000,87.20353000
1785816600000,2026-08-04T04:10:00.000Z,63801.91000000,63827.84000000,63801.90000000,63802.00000000,25.86641000
1785816900000,2026-08-04T04:15:00.000Z,63802.01000000,63870.18000000,63797.04000000,63867.61000000,52.95851000
1785817200000,2026-08-04T04:20:00.000Z,63867.62000000,63875.01000000,63852.55000000,63852.56000000,12.04454000
1785817500000,2026-08-04T04:25:00.000Z,63852.56000000,63852.56000000,63826.31000000,63834.02000000,74.87520000
1785817800000,2026-08-04T04:30:00.000Z,63834.01000000,63895.62000000,63834.01000000,63889.31000000,26.22819000
1785818100000,2026-08-04T04:35:00.000Z,63889.32000000,64023.23000000,63869.14000000,64023.22000000,64.99469000
1785818400000,2026-08-04T04:40:00.000Z,64023.22000000,64054.00000000,63999.97000000,64054.00000000,96.43196000
1785818700000,2026-08-04T04:45:00.000Z,64054.00000000,64243.81000000,64051.42000000,64162.20000000,249.07463000
1785819000000,2026-08-04T04:50:00.000Z,64162.21000000,64169.56000000,64116.00000000,64138.00000000,47.25326000
1785819300000,2026-08-04T04:55:00.000Z,64138.00000000,64140.68000000,64029.00000000,64029.00000000,29.77224000
1785819600000,2026-08-04T05:00:00.000Z,64029.01000000,64056.00000000,63960.00000000,63991.28000000,31.89573000
1785819900000,2026-08-04T05:05:00.000Z,63991.29000000,63993.57000000,63925.33000000,63925.34000000,27.43358000
1785820200000,2026-08-04T05:10:00.000Z,63925.34000000,63925.34000000,63840.36000000,63840.37000000,39.12666000
1785820500000,2026-08-04T05:15:00.000Z,63840.36000000,63886.00000000,63840.36000000,63881.84000000,22.15532000
1785820800000,2026-08-04T05:20:00.000Z,63881.83000000,63890.00000000,63852.42000000,63859.63000000,18.75910000
1785821100000,2026-08-04T05:25:00.000Z,63859.63000000,63859.63000000,63812.50000000,63817.63000000,15.38501000
1785821400000,2026-08-04T05:30:00.000Z,63817.64000000,63857.98000000,63810.00000000,63822.45000000,23.58080000
1785821700000,2026-08-04T05:35:00.000Z,63822.45000000,63834.79000000,63816.00000000,63827.92000000,5.66974000
1785822000000,2026-08-04T05:40:00.000Z,63827.91000000,63862.00000000,63824.00000000,63861.99000000,10.59599000
1785822300000,2026-08-04T05:45:00.000Z,63861.99000000,63862.00000000,63810.00000000,63820.00000000,19.20441000
1785822600000,2026-08-04T05:50:00.000Z,63819.99000000,63824.00000000,63797.04000000,63818.50000000,30.99451000
1785822900000,2026-08-04T05:55:00.000Z,63818.50000000,63834.00000000,63788.23000000,63818.48000000,61.94551000
1785823200000,2026-08-04T06:00:00.000Z,63818.47000000,63838.00000000,63774.91000000,63831.25000000,37.73807000
1785823500000,2026-08-04T06:05:00.000Z,63831.25000000,63847.82000000,63815.99000000,63834.99000000,24.82907000
1785823800000,2026-08-04T06:10:00.000Z,63834.99000000,63843.95000000,63786.00000000,63804.89000000,15.71189000
1785824100000,2026-08-04T06:15:00.000Z,63804.89000000,63859.15000000,63802.32000000,63859.14000000,32.96134000
1785824400000,2026-08-04T06:20:00.000Z,63859.15000000,63859.71000000,63825.45000000,63825.46000000,13.26533000
1785824700000,2026-08-04T06:25:00.000Z,63825.46000000,63830.21000000,63761.00000000,63764.07000000,19.25007000
1785825000000,2026-08-04T06:30:00.000Z,63764.07000000,63778.56000000,63752.26000000,63777.99000000,12.59372000
1785825300000,2026-08-04T06:35:00.000Z,63778.00000000,63780.70000000,63693.77000000,63693.78000000,21.47021000
1785825600000,2026-08-04T06:40:00.000Z,63693.77000000,63725.98000000,63693.77000000,63706.00000000,34.89971000
1785825900000,2026-08-04T06:45:00.000Z,63706.00000000,63706.00000000,63673.96000000,63675.08000000,19.58379000
1785826200000,2026-08-04T06:50:00.000Z,63675.07000000,63675.08000000,63654.16000000,63670.00000000,33.10095000
1785826500000,2026-08-04T06:55:00.000Z,63670.00000000,63670.00000000,63661.99000000,63670.00000000,56.41834000
1785826800000,2026-08-04T07:00:00.000Z,63670.00000000,63670.00000000,63660.01000000,63666.92000000,13.70476000
1785827100000,2026-08-04T07:05:00.000Z,63666.92000000,63666.93000000,63641.50000000,63641.50000000,18.27414000
1785827400000,2026-08-04T07:10:00.000Z,63641.51000000,63641.51000000,63588.00000000,63595.55000000,29.99046000
1785827700000,2026-08-04T07:15:00.000Z,63595.56000000,63595.56000000,63545.14000000,63548.59000000,37.22718000
1785828000000,2026-08-04T07:20:00.000Z,63548.58000000,63568.47000000,63506.78000000,63566.85000000,239.80179000
1785828300000,2026-08-04T07:25:00.000Z,63566.84000000,63651.01000000,63566.84000000,63645.10000000,67.00676000
1785828600000,2026-08-04T07:30:00.000Z,63645.10000000,63763.63000000,63645.10000000,63684.80000000,117.49553000
1785828900000,2026-08-04T07:35:00.000Z,63684.79000000,63704.00000000,63676.01000000,63676.24000000,40.98687000
1785829200000,2026-08-04T07:40:00.000Z,63676.23000000,63695.27000000,63659.99000000,63660.00000000,60.59987000
1785829500000,2026-08-04T07:45:00.000Z,63660.00000000,63742.58000000,63659.99000000,63740.25000000,63.27948000
1785829800000,2026-08-04T07:50:00.000Z,63740.24000000,63756.00000000,63701.64000000,63701.64000000,33.43592000
1785830100000,2026-08-04T07:55:00.000Z,63701.65000000,63715.45000000,63685.73000000,63685.74000000,57.99276000
1785830400000,2026-08-04T08:00:00.000Z,63685.73000000,63748.22000000,63685.73000000,63718.55000000,85.01512000
1785830700000,2026-08-04T08:05:00.000Z,63718.55000000,63728.39000000,63668.00000000,63668.01000000,28.22620000
1785831000000,2026-08-04T08:10:00.000Z,63668.01000000,63668.01000000,63630.00000000,63646.98000000,13.05105000
1785831300000,2026-08-04T08:15:00.000Z,63646.97000000,63646.98000000,63594.98000000,63594.98000000,24.60361000
1785831600000,2026-08-04T08:20:00.000Z,63594.99000000,63603.99000000,63589.55000000,63603.99000000,14.17943000
1785831900000,2026-08-04T08:25:00.000Z,63604.00000000,63660.00000000,63604.00000000,63626.10000000,26.39615000
1785832200000,2026-08-04T08:30:00.000Z,63626.11000000,63626.11000000,63567.13000000,63567.14000000,20.95904000
1785832500000,2026-08-04T08:35:00.000Z,63567.14000000,63593.19000000,63564.99000000,63593.18000000,33.56837000
1785832800000,2026-08-04T08:40:00.000Z,63593.19000000,63620.00000000,63564.99000000,63620.00000000,97.75143000
1785833100000,2026-08-04T08:45:00.000Z,63620.00000000,63620.00000000,63581.29000000,63612.57000000,26.94704000
1785833400000,2026-08-04T08:50:00.000Z,63612.57000000,63625.45000000,63588.00000000,63588.00000000,10.69317000
1785833700000,2026-08-04T08:55:00.000Z,63588.01000000,63599.67000000,63587.63000000,63588.94000000,30.75793000
1785834000000,2026-08-04T09:00:00.000Z,63589.04000000,63589.04000000,63575.20000000,63585.68000000,22.46475000
1785834300000,2026-08-04T09:05:00.000Z,63585.67000000,63585.68000000,63547.82000000,63560.01000000,18.80471000
1785834600000,2026-08-04T09:10:00.000Z,63560.00000000,63588.56000000,63540.01000000,63550.00000000,95.21842000
1785834900000,2026-08-04T09:15:00.000Z,63550.00000000,63570.88000000,63520.00000000,63520.00000000,26.47764000
1785835200000,2026-08-04T09:20:00.000Z,63520.01000000,63597.56000000,63516.43000000,63594.00000000,19.88505000
1785835500000,2026-08-04T09:25:00.000Z,63594.00000000,63594.00000000,63578.08000000,63578.09000000,13.39492000
1785835800000,2026-08-04T09:30:00.000Z,63578.08000000,63595.99000000,63532.58000000,63561.99000000,20.03584000
1785836100000,2026-08-04T09:35:00.000Z,63562.00000000,63578.00000000,63534.82000000,63542.52000000,11.51493000
1785836400000,2026-08-04T09:40:00.000Z,63542.53000000,63579.21000000,63542.52000000,63576.66000000,10.89559000
1785836700000,2026-08-04T09:45:00.000Z,63576.66000000,63581.37000000,63550.00000000,63581.36000000,23.97539000
1785837000000,2026-08-04T09:50:00.000Z,63581.37000000,63610.00000000,63581.36000000,63601.73000000,22.66831000
1785837300000,2026-08-04T09:55:00.000Z,63601.73000000,63603.73000000,63586.27000000,63603.73000000,71.34954000
1785837600000,2026-08-04T10:00:00.000Z,63603.73000000,63613.34000000,63529.87000000,63529.87000000,109.37898000
1785837900000,2026-08-04T10:05:00.000Z,63529.87000000,63549.99000000,63529.87000000,63532.00000000,23.82225000
1785838200000,2026-08-04T10:10:00.000Z,63532.01000000,63532.01000000,63507.51000000,63510.86000000,53.04495000
1785838500000,2026-08-04T10:15:00.000Z,63510.86000000,63510.86000000,63451.80000000,63505.09000000,57.85597000
1785838800000,2026-08-04T10:20:00.000Z,63505.10000000,63570.00000000,63488.00000000,63493.99000000,59.51299000
1785839100000,2026-08-04T10:25:00.000Z,63494.00000000,63512.89000000,63470.00000000,63470.00000000,25.50770000
1785839400000,2026-08-04T10:30:00.000Z,63470.00000000,63501.63000000,63465.00000000,63498.90000000,37.77077000
1785839700000,2026-08-04T10:35:00.000Z,63498.90000000,63503.65000000,63473.89000000,63503.64000000,13.15190000
1785840000000,2026-08-04T10:40:00.000Z,63503.65000000,63667.34000000,63503.64000000,63666.51000000,37.59640000
1785840300000,2026-08-04T10:45:00.000Z,63666.51000000,63842.00000000,63652.12000000,63766.01000000,123.49480000
1785840600000,2026-08-04T10:50:00.000Z,63766.00000000,63823.17000000,63718.30000000,63735.51000000,49.56880000
1785840900000,2026-08-04T10:55:00.000Z,63735.51000000,63775.93000000,63735.50000000,63764.00000000,23.12789000
1785841200000,2026-08-04T11:00:00.000Z,63763.99000000,63804.52000000,63740.00000000,63786.27000000,28.86966000
1785841500000,2026-08-04T11:05:00.000Z,63786.28000000,63791.25000000,63718.30000000,63767.43000000,19.12894000
1785841800000,2026-08-04T11:10:00.000Z,63767.43000000,63767.44000000,63734.79000000,63746.00000000,26.27449000
1785842100000,2026-08-04T11:15:00.000Z,63745.99000000,63745.99000000,63712.00000000,63743.36000000,21.19780000
1785842400000,2026-08-04T11:20:00.000Z,63743.36000000,63866.00000000,63743.36000000,63773.72000000,38.62977000
1785842700000,2026-08-04T11:25:00.000Z,63773.72000000,63789.40000000,63763.11000000,63783.32000000,16.03181000
1785843000000,2026-08-04T11:30:00.000Z,63783.32000000,63783.32000000,63720.00000000,63763.73000000,21.96566000
1785843300000,2026-08-04T11:35:00.000Z,63763.73000000,63763.73000000,63745.02000000,63760.50000000,19.01207000
1785843600000,2026-08-04T11:40:00.000Z,63760.51000000,63894.99000000,63722.07000000,63876.59000000,45.21872000
1785843900000,2026-08-04T11:45:00.000Z,63876.58000000,63934.07000000,63840.52000000,63934.06000000,62.96734000
1785844200000,2026-08-04T11:50:00.000Z,63934.07000000,63950.00000000,63910.00000000,63942.00000000,74.00785000
1785844500000,2026-08-04T11:55:00.000Z,63942.00000000,63949.99000000,63904.24000000,63926.00000000,84.46787000
1785844800000,2026-08-04T12:00:00.000Z,63926.00000000,63926.00000000,63843.74000000,63871.47000000,42.96689000
1785845100000,2026-08-04T12:05:00.000Z,63871.48000000,63873.99000000,63838.16000000,63838.16000000,31.75142000
1785845400000,2026-08-04T12:10:00.000Z,63838.16000000,63866.30000000,63811.41000000,63811.42000000,42.54204000
1785845700000,2026-08-04T12:15:00.000Z,63811.42000000,63824.75000000,63798.01000000,63798.01000000,24.83230000
1785846000000,2026-08-04T12:20:00.000Z,63798.01000000,63836.00000000,63788.00000000,63788.01000000,65.24530000
1785846300000,2026-08-04T12:25:00.000Z,63788.01000000,63835.17000000,63788.01000000,63834.60000000,15.57487000
1785846600000,2026-08-04T12:30:00.000Z,63834.60000000,63882.00000000,63814.57000000,63881.99000000,25.39920000
1785846900000,2026-08-04T12:35:00.000Z,63882.00000000,64062.46000000,63879.08000000,63986.00000000,143.23342000
1785847200000,2026-08-04T12:40:00.000Z,63986.01000000,64021.66000000,63942.00000000,63966.00000000,62.33692000
1785847500000,2026-08-04T12:45:00.000Z,63966.01000000,63974.00000000,63918.88000000,63918.88000000,27.29965000
1785847800000,2026-08-04T12:50:00.000Z,63918.89000000,64008.24000000,63912.51000000,63951.75000000,52.96769000
1785848100000,2026-08-04T12:55:00.000Z,63951.75000000,63951.76000000,63906.40000000,63906.41000000,12.39567000
1785848400000,2026-08-04T13:00:00.000Z,63906.41000000,63966.00000000,63845.68000000,63932.00000000,41.71162000
1785848700000,2026-08-04T13:05:00.000Z,63932.00000000,64015.22000000,63931.99000000,63962.01000000,66.77342000
1785849000000,2026-08-04T13:10:00.000Z,63962.00000000,63984.08000000,63945.30000000,63945.30000000,23.54162000
1785849300000,2026-08-04T13:15:00.000Z,63945.30000000,63947.87000000,63860.19000000,63860.20000000,21.57471000
1785849600000,2026-08-04T13:20:00.000Z,63860.19000000,64023.45000000,63860.19000000,63919.86000000,77.84109000
1785849900000,2026-08-04T13:25:00.000Z,63919.85000000,63947.89000000,63880.01000000,63890.82000000,66.90521000
1785850200000,2026-08-04T13:30:00.000Z,63890.82000000,64032.36000000,63819.48000000,63982.02000000,130.70930000
1785850500000,2026-08-04T13:35:00.000Z,63982.02000000,64071.99000000,63934.50000000,64033.24000000,138.19875000
1785850800000,2026-08-04T13:40:00.000Z,64033.24000000,64097.74000000,64013.80000000,64013.80000000,112.58002000
1785851100000,2026-08-04T13:45:00.000Z,64013.80000000,64013.80000000,63772.00000000,63861.68000000,154.45758000
1785851400000,2026-08-04T13:50:00.000Z,63861.68000000,63922.00000000,63760.00000000,63798.00000000,115.62563000
1785851700000,2026-08-04T13:55:00.000Z,63798.00000000,63802.19000000,63656.00000000,63683.94000000,102.98460000
1785852000000,2026-08-04T14:00:00.000Z,63683.95000000,63790.00000000,63615.38000000,63786.01000000,92.42311000
1785852300000,2026-08-04T14:05:00.000Z,63786.00000000,63926.00000000,63710.00000000,63723.31000000,100.59349000
1785852600000,2026-08-04T14:10:00.000Z,63723.30000000,63816.00000000,63708.90000000,63803.16000000,40.56495000
1785852900000,2026-08-04T14:15:00.000Z,63803.16000000,63845.00000000,63624.04000000,63668.16000000,72.52636000
1785853200000,2026-08-04T14:20:00.000Z,63668.17000000,63771.77000000,63618.01000000,63721.99000000,62.18288000
1785853500000,2026-08-04T14:25:00.000Z,63721.99000000,63903.02000000,63714.00000000,63887.51000000,47.09023000
1785853800000,2026-08-04T14:30:00.000Z,63887.51000000,64011.54000000,63860.00000000,63943.55000000,79.12819000
1785854100000,2026-08-04T14:35:00.000Z,63943.54000000,64047.60000000,63908.00000000,63993.48000000,75.93963000
1785854400000,2026-08-04T14:40:00.000Z,63993.48000000,64180.00000000,63983.21000000,64124.84000000,149.40332000
1785854700000,2026-08-04T14:45:00.000Z,64124.84000000,64130.00000000,64058.00000000,64077.01000000,68.34930000
1785855000000,2026-08-04T14:50:00.000Z,64077.00000000,64135.23000000,64058.00000000,64094.29000000,55.00241000
1785855300000,2026-08-04T14:55:00.000Z,64094.29000000,64193.54000000,64084.25000000,64128.72000000,36.72205000
1785855600000,2026-08-04T15:00:00.000Z,64128.73000000,64218.07000000,64128.73000000,64180.01000000,129.57990000
1785855900000,2026-08-04T15:05:00.000Z,64180.01000000,64180.01000000,64070.00000000,64070.00000000,76.22365000
1785856200000,2026-08-04T15:10:00.000Z,64070.00000000,64079.60000000,64000.00000000,64065.94000000,78.47965000
1785856500000,2026-08-04T15:15:00.000Z,64065.94000000,64066.00000000,64009.13000000,64012.65000000,44.49852000
1785856800000,2026-08-04T15:20:00.000Z,64012.66000000,64041.60000000,64002.67000000,64004.19000000,36.76404000
1785857100000,2026-08-04T15:25:00.000Z,64004.19000000,64034.62000000,63930.75000000,63953.13000000,28.48507000
1785857400000,2026-08-04T15:30:00.000Z,63953.13000000,63962.00000000,63814.29000000,63854.67000000,73.54504000
1785857700000,2026-08-04T15:35:00.000Z,63854.67000000,63944.00000000,63816.00000000,63907.97000000,72.36458000
1785858000000,2026-08-04T15:40:00.000Z,63908.00000000,64126.55000000,63908.00000000,64126.54000000,85.14970000
1785858300000,2026-08-04T15:45:00.000Z,64126.54000000,64238.00000000,64088.00000000,64145.08000000,156.40262000
1785858600000,2026-08-04T15:50:00.000Z,64145.07000000,64227.60000000,64112.82000000,64160.00000000,64.16432000
1785858900000,2026-08-04T15:55:00.000Z,64159.99000000,64187.65000000,64125.14000000,64125.14000000,30.46071000
1785859200000,2026-08-04T16:00:00.000Z,64125.14000000,64130.00000000,64042.00000000,64044.00000000,42.21511000
1785859500000,2026-08-04T16:05:00.000Z,64043.99000000,64047.65000000,63970.00000000,64037.36000000,43.96148000
1785859800000,2026-08-04T16:10:00.000Z,64037.35000000,64090.00000000,64007.00000000,64033.59000000,38.80984000
1785860100000,2026-08-04T16:15:00.000Z,64033.60000000,64092.00000000,64008.00000000,64069.41000000,33.44335000
1785860400000,2026-08-04T16:20:00.000Z,64069.42000000,64115.71000000,64038.00000000,64068.01000000,60.02937000
1785860700000,2026-08-04T16:25:00.000Z,64068.01000000,64099.99000000,64030.00000000,64032.00000000,24.72965000
1785861000000,2026-08-04T16:30:00.000Z,64032.00000000,64060.41000000,64006.21000000,64022.54000000,24.69273000
1785861300000,2026-08-04T16:35:00.000Z,64022.54000000,64032.00000000,63932.85000000,63976.00000000,40.54548000
1785861600000,2026-08-04T16:40:00.000Z,63976.00000000,63976.00000000,63897.22000000,63945.53000000,46.58891000
1785861900000,2026-08-04T16:45:00.000Z,63945.54000000,64007.88000000,63938.01000000,64007.87000000,38.66944000
1785862200000,2026-08-04T16:50:00.000Z,64007.87000000,64016.00000000,63910.03000000,63910.03000000,65.84198000
1785862500000,2026-08-04T16:55:00.000Z,63910.03000000,63967.06000000,63909.96000000,63950.93000000,86.87572000
1785862800000,2026-08-04T17:00:00.000Z,63950.94000000,64080.00000000,63950.93000000,64073.89000000,134.71830000
1785863100000,2026-08-04T17:05:00.000Z,64073.89000000,64184.00000000,64043.67000000,64128.33000000,103.32521000
1785863400000,2026-08-04T17:10:00.000Z,64128.32000000,64128.33000000,64053.30000000,64067.53000000,74.34254000
1785863700000,2026-08-04T17:15:00.000Z,64067.54000000,64086.59000000,64029.78000000,64040.00000000,30.91040000
1785864000000,2026-08-04T17:20:00.000Z,64040.00000000,64113.80000000,64030.44000000,64036.01000000,52.24590000
1785864300000,2026-08-04T17:25:00.000Z,64036.00000000,64176.58000000,64029.78000000,64156.71000000,107.78905000
1785864600000,2026-08-04T17:30:00.000Z,64156.72000000,64167.37000000,64102.11000000,64167.37000000,32.23590000
1785864900000,2026-08-04T17:35:00.000Z,64167.38000000,64178.83000000,64090.90000000,64136.78000000,27.97053000
1785865200000,2026-08-04T17:40:00.000Z,64136.78000000,64150.00000000,64094.81000000,64094.81000000,24.91887000
1785865500000,2026-08-04T17:45:00.000Z,64094.81000000,64100.77000000,63994.00000000,63994.01000000,44.12429000
1785865800000,2026-08-04T17:50:00.000Z,63994.01000000,63994.01000000,63892.00000000,63971.57000000,64.70547000
1785866100000,2026-08-04T17:55:00.000Z,63971.57000000,64004.80000000,63946.19000000,63972.09000000,22.48862000
1785866400000,2026-08-04T18:00:00.000Z,63972.09000000,64084.01000000,63965.73000000,64066.00000000,26.08634000
1785866700000,2026-08-04T18:05:00.000Z,64066.01000000,64174.60000000,64066.00000000,64124.71000000,63.48385000
1785867000000,2026-08-04T18:10:00.000Z,64124.72000000,64220.00000000,64110.12000000,64219.99000000,41.12771000
1785867300000,2026-08-04T18:15:00.000Z,64219.99000000,64315.63000000,64200.00000000,64309.98000000,115.47888000
1785867600000,2026-08-04T18:20:00.000Z,64309.99000000,64399.99000000,64309.98000000,64379.29000000,121.17606000
1785867900000,2026-08-04T18:25:00.000Z,64379.29000000,64400.00000000,64330.76000000,64364.18000000,70.12830000
1785868200000,2026-08-04T18:30:00.000Z,64364.19000000,64400.00000000,64310.00000000,64313.05000000,70.94174000
1785868500000,2026-08-04T18:35:00.000Z,64313.05000000,64349.98000000,64261.46000000,64261.47000000,32.93654000
1785868800000,2026-08-04T18:40:00.000Z,64261.46000000,64296.34000000,64212.61000000,64296.34000000,38.38816000
1785869100000,2026-08-04T18:45:00.000Z,64296.34000000,64326.00000000,64273.84000000,64310.00000000,43.73052000
1785869400000,2026-08-04T18:50:00.000Z,64310.00000000,64312.74000000,64286.14000000,64311.90000000,38.89383000
1785869700000,2026-08-04T18:55:00.000Z,64311.90000000,64322.83000000,64286.69000000,64305.99000000,30.97479000
1785870000000,2026-08-04T19:00:00.000Z,64305.99000000,64332.60000000,64286.76000000,64330.85000000,37.11424000
1785870300000,2026-08-04T19:05:00.000Z,64330.84000000,64348.00000000,64301.27000000,64347.99000000,58.06130000
1785870600000,2026-08-04T19:10:00.000Z,64347.99000000,64371.04000000,64308.00000000,64350.18000000,48.95131000
1785870900000,2026-08-04T19:15:00.000Z,64350.18000000,64368.65000000,64317.09000000,64317.09000000,25.13967000
1785871200000,2026-08-04T19:20:00.000Z,64317.09000000,64317.10000000,64265.48000000,64271.62000000,26.50658000
1785871500000,2026-08-04T19:25:00.000Z,64271.61000000,64299.68000000,64271.61000000,64284.93000000,31.92465000
1785871800000,2026-08-04T19:30:00.000Z,64284.93000000,64316.00000000,64277.41000000,64290.00000000,28.44045000
1785872100000,2026-08-04T19:35:00.000Z,64290.01000000,64390.57000000,64257.46000000,64303.99000000,77.66355000
1785872400000,2026-08-04T19:40:00.000Z,64303.99000000,64413.21000000,64286.00000000,64380.00000000,56.11331000
1785872700000,2026-08-04T19:45:00.000Z,64380.00000000,64392.00000000,64314.88000000,64329.98000000,37.08977000
1785873000000,2026-08-04T19:50:00.000Z,64329.99000000,64332.75000000,64292.45000000,64306.00000000,36.78785000
1785873300000,2026-08-04T19:55:00.000Z,64305.99000000,64313.26000000,64193.57000000,64233.36000000,71.03116000
1785873600000,2026-08-04T20:00:00.000Z,64233.35000000,64247.40000000,64115.68000000,64150.01000000,101.57984000
1785873900000,2026-08-04T20:05:00.000Z,64150.01000000,64197.54000000,64149.35000000,64183.99000000,28.85875000
1785874200000,2026-08-04T20:10:00.000Z,64183.99000000,64184.00000000,64162.68000000,64175.52000000,7.84145000
1785874500000,2026-08-04T20:15:00.000Z,64175.52000000,64175.52000000,64001.68000000,64016.82000000,105.16089000
1785874800000,2026-08-04T20:20:00.000Z,64016.82000000,64126.14000000,64016.82000000,64119.71000000,24.34774000
1785875100000,2026-08-04T20:25:00.000Z,64119.70000000,64131.10000000,64119.70000000,64124.33000000,24.74015000
1785875400000,2026-08-04T20:30:00.000Z,64124.33000000,64223.03000000,64124.33000000,64183.30000000,37.36686000
1785875700000,2026-08-04T20:35:00.000Z,64183.29000000,64255.09000000,64183.29000000,64255.09000000,35.66098000
1785876000000,2026-08-04T20:40:00.000Z,64255.10000000,64420.00000000,64255.10000000,64392.01000000,130.24918000
1785876300000,2026-08-04T20:45:00.000Z,64392.00000000,64392.00000000,64344.31000000,64347.01000000,20.31352000
1785876600000,2026-08-04T20:50:00.000Z,64347.01000000,64347.01000000,64304.61000000,64316.00000000,22.80968000
1785876900000,2026-08-04T20:55:00.000Z,64316.01000000,64341.00000000,64316.00000000,64341.00000000,19.42334000
1785877200000,2026-08-04T21:00:00.000Z,64341.00000000,64341.99000000,64280.00000000,64318.00000000,38.55103000
1785877500000,2026-08-04T21:05:00.000Z,64318.00000000,64319.57000000,64308.01000000,64313.99000000,18.73924000
1785877800000,2026-08-04T21:10:00.000Z,64314.00000000,64314.00000000,64200.29000000,64223.88000000,33.72599000
1785878100000,2026-08-04T21:15:00.000Z,64223.88000000,64238.00000000,64202.01000000,64206.04000000,9.51472000
1785878400000,2026-08-04T21:20:00.000Z,64206.05000000,64285.25000000,64192.01000000,64273.99000000,24.60785000
1785878700000,2026-08-04T21:25:00.000Z,64273.99000000,64284.00000000,64255.60000000,64255.60000000,4.28221000
1785879000000,2026-08-04T21:30:00.000Z,64255.60000000,64255.61000000,64208.44000000,64208.44000000,4.94587000
1785879300000,2026-08-04T21:35:00.000Z,64208.45000000,64240.00000000,64199.00000000,64235.99000000,12.60706000
1785879600000,2026-08-04T21:40:00.000Z,64236.00000000,64270.00000000,64223.02000000,64248.15000000,20.55890000
1785879900000,2026-08-04T21:45:00.000Z,64248.14000000,64256.00000000,64202.00000000,64202.00000000,18.57419000
1785880200000,2026-08-04T21:50:00.000Z,64202.01000000,64227.98000000,64176.79000000,64176.80000000,23.01234000
1785880500000,2026-08-04T21:55:00.000Z,64176.80000000,64194.00000000,64175.52000000,64194.00000000,11.61668000
1785880800000,2026-08-04T22:00:00.000Z,64193.99000000,64201.99000000,64140.00000000,64201.99000000,25.94153000
1785881100000,2026-08-04T22:05:00.000Z,64202.00000000,64226.90000000,64202.00000000,64212.00000000,13.57398000
1785881400000,2026-08-04T22:10:00.000Z,64212.00000000,64226.01000000,64212.00000000,64226.01000000,8.23417000
1785881700000,2026-08-04T22:15:00.000Z,64226.00000000,64232.00000000,64196.79000000,64210.01000000,11.63498000
1785882000000,2026-08-04T22:20:00.000Z,64210.01000000,64260.00000000,64171.55000000,64198.00000000,25.86420000
1785882300000,2026-08-04T22:25:00.000Z,64198.01000000,64265.67000000,64198.00000000,64259.67000000,17.78431000
1785882600000,2026-08-04T22:30:00.000Z,64259.68000000,64293.91000000,64253.04000000,64255.98000000,24.47710000
1785882900000,2026-08-04T22:35:00.000Z,64255.97000000,64255.98000000,64232.11000000,64234.68000000,7.61707000
1785883200000,2026-08-04T22:40:00.000Z,64234.69000000,64234.69000000,64215.96000000,64216.01000000,6.81317000
1785883500000,2026-08-04T22:45:00.000Z,64216.01000000,64222.63000000,64199.99000000,64199.99000000,7.23323000
1785883800000,2026-08-04T22:50:00.000Z,64200.00000000,64218.67000000,64176.93000000,64209.23000000,14.93691000
1785884100000,2026-08-04T22:55:00.000Z,64209.23000000,64270.62000000,64209.22000000,64270.61000000,17.42169000
1785884400000,2026-08-04T23:00:00.000Z,64270.62000000,64275.28000000,64213.31000000,64244.97000000,20.23664000
1785884700000,2026-08-04T23:05:00.000Z,64244.98000000,64474.92000000,64244.98000000,64397.06000000,93.09406000
1785885000000,2026-08-04T23:10:00.000Z,64397.07000000,64429.30000000,64381.59000000,64425.99000000,19.74210000
1785885300000,2026-08-04T23:15:00.000Z,64425.99000000,64549.16000000,64404.75000000,64497.05000000,189.18900000
1785885600000,2026-08-04T23:20:00.000Z,64497.06000000,64497.06000000,64327.48000000,64327.48000000,52.80250000
1785885900000,2026-08-04T23:25:00.000Z,64327.48000000,64327.48000000,64175.52000000,64175.52000000,38.27319000
1785886200000,2026-08-04T23:30:00.000Z,64175.53000000,64228.44000000,64153.78000000,64184.00000000,43.10828000
1785886500000,2026-08-04T23:35:00.000Z,64184.00000000,64203.13000000,64144.69000000,64170.00000000,17.57470000
1785886800000,2026-08-04T23:40:00.000Z,64170.00000000,64263.62000000,64169.99000000,64214.90000000,19.67716000
1785887100000,2026-08-04T23:45:00.000Z,64214.90000000,64223.68000000,64160.86000000,64160.87000000,9.75367000
1785887400000,2026-08-04T23:50:00.000Z,64160.87000000,64164.01000000,64124.33000000,64132.00000000,33.20021000
1785887700000,2026-08-04T23:55:00.000Z,64132.00000000,64132.00000000,64081.26000000,64106.56000000,15.26292000
1785888000000,2026-08-05T00:00:00.000Z,64106.55000000,64106.56000000,64056.00000000,64075.79000000,39.14658000
1785888300000,2026-08-05T00:05:00.000Z,64075.78000000,64084.00000000,64017.30000000,64023.77000000,43.92915000
1785888600000,2026-08-05T00:10:00.000Z,64023.77000000,64046.65000000,64018.00000000,64036.00000000,27.63286000
1785888900000,2026-08-05T00:15:00.000Z,64036.00000000,64041.27000000,64008.65000000,64028.82000000,25.83141000
1785889200000,2026-08-05T00:20:00.000Z,64028.82000000,64044.00000000,64008.68000000,64044.00000000,67.90027000
1785889500000,2026-08-05T00:25:00.000Z,64043.99000000,64068.00000000,64009.48000000,64068.00000000,101.62790000
1785889800000,2026-08-05T00:30:00.000Z,64068.00000000,64142.80000000,64068.00000000,64126.00000000,43.09693000
1785890100000,2026-08-05T00:35:00.000Z,64126.01000000,64193.25000000,64104.59000000,64112.14000000,67.32301000
1785890400000,2026-08-05T00:40:00.000Z,64112.14000000,64112.15000000,64024.00000000,64072.00000000,32.85713000
1785890700000,2026-08-05T00:45:00.000Z,64072.00000000,64072.00000000,63999.00000000,63999.01000000,54.83428000
1785891000000,2026-08-05T00:50:00.000Z,63999.01000000,64040.02000000,63978.44000000,63994.00000000,51.89363000
1785891300000,2026-08-05T00:55:00.000Z,63994.01000000,64029.64000000,63987.99000000,63988.00000000,93.71284000
1785891600000,2026-08-05T01:00:00.000Z,63988.00000000,64005.86000000,63950.00000000,63980.00000000,62.38969000
1785891900000,2026-08-05T01:05:00.000Z,63980.00000000,64023.88000000,63977.43000000,64016.00000000,29.30944000
1785892200000,2026-08-05T01:10:00.000Z,64016.00000000,64028.93000000,64003.79000000,64010.00000000,18.96735000
1785892500000,2026-08-05T01:15:00.000Z,64010.00000000,64010.01000000,63954.18000000,64003.67000000,37.65355000
1785892800000,2026-08-05T01:20:00.000Z,64003.68000000,64118.64000000,64003.67000000,64108.00000000,38.49811000
1785893100000,2026-08-05T01:25:00.000Z,64108.00000000,64112.69000000,64040.39000000,64112.69000000,20.71372000
1785893400000,2026-08-05T01:30:00.000Z,64112.68000000,64185.56000000,64112.68000000,64162.20000000,48.97237000
1785893700000,2026-08-05T01:35:00.000Z,64162.21000000,64265.56000000,64152.06000000,64265.56000000,27.20623000
1785894000000,2026-08-05T01:40:00.000Z,64265.57000000,64298.34000000,64182.04000000,64182.04000000,41.26979000
1785894300000,2026-08-05T01:45:00.000Z,64182.04000000,64273.95000000,64182.03000000,64273.94000000,20.97931000
1785894600000,2026-08-05T01:50:00.000Z,64273.95000000,64342.21000000,64270.19000000,64312.04000000,23.88097000
1785894900000,2026-08-05T01:55:00.000Z,64312.04000000,64346.00000000,64312.03000000,64333.84000000,23.18685000
1785895200000,2026-08-05T02:00:00.000Z,64333.85000000,64494.00000000,64333.85000000,64441.57000000,54.51589000
1785895500000,2026-08-05T02:05:00.000Z,64441.56000000,64462.00000000,64394.55000000,64450.38000000,44.22044000
1785895800000,2026-08-05T02:10:00.000Z,64450.39000000,64504.00000000,64402.87000000,64460.13000000,85.64516000
1785896100000,2026-08-05T02:15:00.000Z,64460.14000000,64460.14000000,64325.84000000,64343.65000000,62.04464000
1785896400000,2026-08-05T02:20:00.000Z,64343.66000000,64430.00000000,64322.59000000,64415.95000000,49.17027000
1785896700000,2026-08-05T02:25:00.000Z,64415.95000000,64486.00000000,64415.95000000,64420.08000000,58.78382000
1785897000000,2026-08-05T02:30:00.000Z,64420.09000000,64483.99000000,64412.56000000,64483.99000000,21.19950000
1785897300000,2026-08-05T02:35:00.000Z,64483.99000000,64484.00000000,64420.81000000,64425.32000000,52.48128000
1785897600000,2026-08-05T02:40:00.000Z,64425.32000000,64446.00000000,64421.00000000,64433.06000000,33.17405000
1785897900000,2026-08-05T02:45:00.000Z,64433.16000000,64438.00000000,64410.00000000,64427.99000000,33.18303000
1785898200000,2026-08-05T02:50:00.000Z,64428.00000000,64449.99000000,64400.01000000,64439.66000000,44.25847000
1785898500000,2026-08-05T02:55:00.000Z,64439.65000000,64439.66000000,64367.21000000,64368.26000000,24.04399000
1785898800000,2026-08-05T03:00:00.000Z,64368.27000000,64436.00000000,64368.26000000,64393.27000000,19.54464000
1785899100000,2026-08-05T03:05:00.000Z,64393.27000000,64446.00000000,64373.03000000,64392.00000000,18.32740000
1785899400000,2026-08-05T03:10:00.000Z,64391.99000000,64411.14000000,64352.99000000,64353.00000000,20.99416000
1785899700000,2026-08-05T03:15:00.000Z,64353.00000000,64356.00000000,64120.00000000,64130.91000000,72.20450000
1785900000000,2026-08-05T03:20:00.000Z,64130.91000000,64173.36000000,64064.01000000,64119.05000000,97.53462000
1785900300000,2026-08-05T03:25:00.000Z,64119.05000000,64126.98000000,64062.00000000,64062.22000000,62.94261000
1785900600000,2026-08-05T03:30:00.000Z,64062.22000000,64120.53000000,64046.00000000,64120.00000000,60.69898000
1785900900000,2026-08-05T03:35:00.000Z,64119.99000000,64161.74000000,64105.00000000,64146.01000000,17.14612000
1785901200000,2026-08-05T03:40:00.000Z,64146.01000000,64172.00000000,64127.63000000,64139.99000000,27.74594000
1785901500000,2026-08-05T03:45:00.000Z,64139.99000000,64171.06000000,64139.64000000,64169.14000000,20.80750000
1785901800000,2026-08-05T03:50:00.000Z,64169.15000000,64185.99000000,64140.44000000,64175.59000000,9.99107000
1785902100000,2026-08-05T03:55:00.000Z,64175.58000000,64188.72000000,64164.00000000,64183.27000000,17.80097000
1785902400000,2026-08-05T04:00:00.000Z,64183.27000000,64197.27000000,64130.37000000,64141.99000000,23.80168000
1785902700000,2026-08-05T04:05:00.000Z,64142.00000000,64149.99000000,64128.00000000,64140.85000000,12.51496000
1785903000000,2026-08-05T04:10:00.000Z,64140.85000000,64152.56000000,64128.71000000,64128.71000000,15.84262000
1785903300000,2026-08-05T04:15:00.000Z,64128.71000000,64156.00000000,64088.01000000,64155.99000000,26.96823000
1785903600000,2026-08-05T04:20:00.000Z,64156.00000000,64200.00000000,64140.00000000,64140.01000000,17.87501000
1785903900000,2026-08-05T04:25:00.000Z,64140.01000000,64159.99000000,64130.00000000,64159.99000000,12.51528000
1785904200000,2026-08-05T04:30:00.000Z,64159.99000000,64218.00000000,64158.00000000,64200.01000000,19.29485000
1785904500000,2026-08-05T04:35:00.000Z,64200.01000000,64218.00000000,64178.90000000,64178.91000000,12.87891000
1785904800000,2026-08-05T04:40:00.000Z,64178.90000000,64187.99000000,64178.90000000,64182.40000000,5.30596000
1785905100000,2026-08-05T04:45:00.000Z,64182.40000000,64191.40000000,64178.76000000,64178.76000000,10.76661000
1785905400000,2026-08-05T04:50:00.000Z,64178.77000000,64178.77000000,64120.00000000,64160.02000000,14.70257000
1785905700000,2026-08-05T04:55:00.000Z,64160.02000000,64177.70000000,64160.01000000,64176.70000000,11.74805000
1785906000000,2026-08-05T05:00:00.000Z,64176.69000000,64290.00000000,64163.36000000,64290.00000000,31.93216000
1785906300000,2026-08-05T05:05:00.000Z,64289.99000000,64320.00000000,64286.01000000,64297.99000000,18.23862000
1785906600000,2026-08-05T05:10:00.000Z,64297.99000000,64327.55000000,64296.00000000,64318.00000000,27.45872000
1785906900000,2026-08-05T05:15:00.000Z,64318.01000000,64341.11000000,64302.00000000,64341.11000000,13.10280000
1785907200000,2026-08-05T05:20:00.000Z,64341.12000000,64407.24000000,64341.12000000,64399.12000000,29.27520000
1785907500000,2026-08-05T05:25:00.000Z,64399.12000000,64525.97000000,64399.12000000,64433.12000000,61.94873000
1785907800000,2026-08-05T05:30:00.000Z,64433.13000000,64437.41000000,64373.33000000,64373.33000000,26.36004000
1785908100000,2026-08-05T05:35:00.000Z,64373.34000000,64373.34000000,64341.56000000,64370.92000000,26.59478000
1785908400000,2026-08-05T05:40:00.000Z,64370.92000000,64370.92000000,64342.75000000,64362.26000000,14.47025000
1785908700000,2026-08-05T05:45:00.000Z,64362.25000000,64373.33000000,64318.00000000,64323.40000000,43.88763000
1785909000000,2026-08-05T05:50:00.000Z,64323.39000000,64354.22000000,64309.98000000,64348.53000000,19.68503000
1785909300000,2026-08-05T05:55:00.000Z,64348.52000000,64370.62000000,64312.81000000,64330.87000000,167.42527000
1785909600000,2026-08-05T06:00:00.000Z,64330.86000000,64362.00000000,64305.54000000,64361.99000000,63.64826000
1785909900000,2026-08-05T06:05:00.000Z,64361.99000000,64362.00000000,64306.72000000,64318.00000000,12.42743000
1785910200000,2026-08-05T06:10:00.000Z,64318.01000000,64358.00000000,64309.22000000,64323.32000000,15.89701000
1785910500000,2026-08-05T06:15:00.000Z,64323.31000000,64342.77000000,64294.00000000,64334.70000000,88.16110000
1785910800000,2026-08-05T06:20:00.000Z,64334.71000000,64344.00000000,64282.24000000,64336.00000000,68.24425000
1785911100000,2026-08-05T06:25:00.000Z,64336.00000000,64336.00000000,64309.59000000,64309.60000000,14.88527000
1785911400000,2026-08-05T06:30:00.000Z,64309.59000000,64334.67000000,64309.59000000,64334.67000000,26.22329000
1785911700000,2026-08-05T06:35:00.000Z,64334.67000000,64373.31000000,64316.34000000,64316.34000000,30.82701000
1785912000000,2026-08-05T06:40:00.000Z,64316.35000000,64325.74000000,64295.88000000,64295.89000000,8.11126000
1785912300000,2026-08-05T06:45:00.000Z,64295.89000000,64295.89000000,64244.75000000,64283.29000000,41.71235000
1785912600000,2026-08-05T06:50:00.000Z,64283.28000000,64283.29000000,64229.34000000,64254.59000000,18.84720000
1785912900000,2026-08-05T06:55:00.000Z,64254.60000000,64254.60000000,64253.58000000,64253.58000000,7.59931000
1785913200000,2026-08-05T07:00:00.000Z,64253.59000000,64272.00000000,64200.00000000,64223.19000000,48.12566000
1785913500000,2026-08-05T07:05:00.000Z,64223.19000000,64246.00000000,64192.43000000,64202.01000000,30.04663000
1785913800000,2026-08-05T07:10:00.000Z,64202.00000000,64202.00000000,64166.88000000,64188.00000000,23.75211000
1785914100000,2026-08-05T07:15:00.000Z,64187.99000000,64187.99000000,64122.74000000,64122.74000000,17.82148000
1785914400000,2026-08-05T07:20:00.000Z,64122.74000000,64122.74000000,64054.59000000,64061.34000000,46.00175000
1785914700000,2026-08-05T07:25:00.000Z,64061.33000000,64104.00000000,64060.00000000,64073.94000000,40.27293000
1785915000000,2026-08-05T07:30:00.000Z,64073.95000000,64084.00000000,64060.13000000,64075.15000000,62.20220000
1785915300000,2026-08-05T07:35:00.000Z,64075.14000000,64075.15000000,64050.54000000,64050.55000000,51.47700000
1785915600000,2026-08-05T07:40:00.000Z,64050.54000000,64062.00000000,63995.89000000,64006.08000000,80.54537000
1785915900000,2026-08-05T07:45:00.000Z,64006.08000000,64077.12000000,64006.08000000,64063.77000000,52.38800000
1785916200000,2026-08-05T07:50:00.000Z,64063.77000000,64068.00000000,64028.06000000,64044.07000000,44.80113000
1785916500000,2026-08-05T07:55:00.000Z,64044.06000000,64164.00000000,64044.06000000,64163.99000000,79.57472000
1785916800000,2026-08-05T08:00:00.000Z,64164.00000000,64210.00000000,64152.18000000,64209.99000000,58.60991000
1785917100000,2026-08-05T08:05:00.000Z,64209.99000000,64209.99000000,64138.01000000,64184.00000000,16.36934000
1785917400000,2026-08-05T08:10:00.000Z,64183.99000000,64252.99000000,64180.01000000,64200.47000000,33.04275000
1785917700000,2026-08-05T08:15:00.000Z,64200.47000000,64200.47000000,64156.00000000,64184.00000000,23.62224000
1785918000000,2026-08-05T08:20:00.000Z,64184.00000000,64205.89000000,64177.04000000,64205.89000000,20.51496000
1785918300000,2026-08-05T08:25:00.000Z,64205.89000000,64270.01000000,64205.89000000,64268.01000000,17.87620000
1785918600000,2026-08-05T08:30:00.000Z,64268.01000000,64280.00000000,64231.19000000,64235.99000000,18.19421000
1785918900000,2026-08-05T08:35:00.000Z,64236.00000000,64260.00000000,64232.00000000,64234.28000000,26.45074000
1785919200000,2026-08-05T08:40:00.000Z,64234.28000000,64236.50000000,64129.75000000,64130.00000000,64.44156000
1785919500000,2026-08-05T08:45:00.000Z,64130.00000000,64148.00000000,64098.00000000,64148.00000000,13.85707000
1785919800000,2026-08-05T08:50:00.000Z,64148.00000000,64159.55000000,64129.02000000,64137.99000000,20.99366000
1785920100000,2026-08-05T08:55:00.000Z,64137.99000000,64164.02000000,64105.69000000,64120.81000000,21.31419000
1785920400000,2026-08-05T09:00:00.000Z,64120.81000000,64130.00000000,64102.95000000,64127.54000000,15.08377000
1785920700000,2026-08-05T09:05:00.000Z,64127.55000000,64156.00000000,64127.54000000,64155.26000000,11.51928000
1785921000000,2026-08-05T09:10:00.000Z,64155.26000000,64158.00000000,64127.47000000,64127.47000000,14.76056000
1785921300000,2026-08-05T09:15:00.000Z,64127.48000000,64175.61000000,64120.00000000,64141.27000000,18.05668000
1785921600000,2026-08-05T09:20:00.000Z,64141.27000000,64190.37000000,64141.27000000,64156.60000000,21.26257000
1785921900000,2026-08-05T09:25:00.000Z,64156.60000000,64162.00000000,64142.19000000,64156.00000000,17.92653000
1785922200000,2026-08-05T09:30:00.000Z,64156.00000000,64187.62000000,64155.99000000,64187.61000000,7.45712000
1785922500000,2026-08-05T09:35:00.000Z,64187.62000000,64210.83000000,64187.61000000,64202.95000000,11.53298000
1785922800000,2026-08-05T09:40:00.000Z,64202.95000000,64202.95000000,64170.10000000,64170.11000000,14.41004000
1785923100000,2026-08-05T09:45:00.000Z,64170.11000000,64175.80000000,64166.97000000,64169.37000000,13.88941000
1785923400000,2026-08-05T09:50:00.000Z,64169.38000000,64182.73000000,64164.38000000,64164.39000000,18.48332000
1785923700000,2026-08-05T09:55:00.000Z,64164.39000000,64164.39000000,64150.00000000,64155.05000000,19.61883000
1785924000000,2026-08-05T10:00:00.000Z,64155.06000000,64167.06000000,64128.18000000,64167.06000000,25.04222000
1785924300000,2026-08-05T10:05:00.000Z,64167.06000000,64190.77000000,64160.23000000,64160.24000000,30.21256000
1785924600000,2026-08-05T10:10:00.000Z,64160.23000000,64189.02000000,64114.60000000,64149.62000000,55.57046000
1785924900000,2026-08-05T10:15:00.000Z,64149.61000000,64149.61000000,64080.77000000,64143.99000000,63.68844000
1785925200000,2026-08-05T10:20:00.000Z,64144.00000000,64167.67000000,64134.01000000,64167.59000000,16.42112000
1785925500000,2026-08-05T10:25:00.000Z,64167.58000000,64242.93000000,64167.58000000,64209.03000000,28.17496000
1785925800000,2026-08-05T10:30:00.000Z,64209.04000000,64209.04000000,64183.17000000,64183.87000000,24.46991000
1785926100000,2026-08-05T10:35:00.000Z,64183.86000000,64208.00000000,64180.01000000,64207.99000000,14.19349000
1785926400000,2026-08-05T10:40:00.000Z,64208.00000000,64238.43000000,64190.00000000,64195.28000000,21.24416000
1785926700000,2026-08-05T10:45:00.000Z,64195.28000000,64209.26000000,64034.25000000,64052.00000000,76.38309000
1785927000000,2026-08-05T10:50:00.000Z,64052.00000000,64070.84000000,64020.00000000,64043.58000000,20.43378000
1785927300000,2026-08-05T10:55:00.000Z,64043.57000000,64081.22000000,64043.57000000,64062.23000000,12.07002000
1785927600000,2026-08-05T11:00:00.000Z,64062.23000000,64108.20000000,64062.23000000,64090.00000000,19.49777000
1785927900000,2026-08-05T11:05:00.000Z,64090.00000000,64116.00000000,64058.02000000,64114.25000000,34.12451000
1785928200000,2026-08-05T11:10:00.000Z,64114.24000000,64116.64000000,64084.31000000,64089.33000000,17.61825000
1785928500000,2026-08-05T11:15:00.000Z,64089.33000000,64089.33000000,64044.50000000,64067.07000000,37.89049000
1785928800000,2026-08-05T11:20:00.000Z,64067.07000000,64091.50000000,64058.00000000,64091.50000000,17.14646000
1785929100000,2026-08-05T11:25:00.000Z,64091.49000000,64091.50000000,64068.00000000,64076.79000000,8.14431000
1785929400000,2026-08-05T11:30:00.000Z,64076.79000000,64150.00000000,64060.97000000,64139.31000000,40.27541000
1785929700000,2026-08-05T11:35:00.000Z,64139.31000000,64139.31000000,64107.28000000,64113.70000000,12.88073000
1785930000000,2026-08-05T11:40:00.000Z,64113.70000000,64125.50000000,64100.78000000,64100.78000000,27.87856000
1785930300000,2026-08-05T11:45:00.000Z,64100.78000000,64100.79000000,64058.00000000,64094.73000000,21.28858000
1785930600000,2026-08-05T11:50:00.000Z,64094.73000000,64099.77000000,64063.77000000,64063.78000000,12.54996000
1785930900000,2026-08-05T11:55:00.000Z,64063.78000000,64075.29000000,64063.77000000,64075.28000000,9.29314000
1785931200000,2026-08-05T12:00:00.000Z,64075.28000000,64118.51000000,64050.00000000,64112.58000000,18.40639000
1785931500000,2026-08-05T12:05:00.000Z,64112.57000000,64164.00000000,64082.00000000,64164.00000000,17.83331000
1785931800000,2026-08-05T12:10:00.000Z,64163.99000000,64233.53000000,64163.99000000,64206.00000000,141.64907000
1785932100000,2026-08-05T12:15:00.000Z,64205.99000000,64450.00000000,64190.00000000,64450.00000000,177.28110000
1785932400000,2026-08-05T12:20:00.000Z,64449.99000000,64581.43000000,64446.95000000,64465.24000000,287.07067000
1785932700000,2026-08-05T12:25:00.000Z,64465.23000000,64574.00000000,64458.00000000,64515.81000000,146.78588000
1785933000000,2026-08-05T12:30:00.000Z,64515.81000000,64547.99000000,64389.65000000,64428.00000000,49.88901000
1785933300000,2026-08-05T12:35:00.000Z,64428.00000000,64499.99000000,64421.07000000,64475.68000000,53.00433000
1785933600000,2026-08-05T12:40:00.000Z,64475.67000000,64510.00000000,64464.93000000,64472.01000000,44.47440000
1785933900000,2026-08-05T12:45:00.000Z,64472.00000000,64472.01000000,64399.31000000,64414.69000000,42.91762000
1785934200000,2026-08-05T12:50:00.000Z,64414.68000000,64414.68000000,64334.99000000,64334.99000000,33.49063000
1785934500000,2026-08-05T12:55:00.000Z,64334.99000000,64374.00000000,64330.00000000,64332.43000000,25.17195000
1785934800000,2026-08-05T13:00:00.000Z,64332.43000000,64342.00000000,64269.22000000,64277.08000000,38.81708000
1785935100000,2026-08-05T13:05:00.000Z,64277.07000000,64289.29000000,64231.56000000,64231.56000000,35.54620000
1785935400000,2026-08-05T13:10:00.000Z,64231.56000000,64231.56000000,64105.26000000,64141.99000000,92.75314000
1785935700000,2026-08-05T13:15:00.000Z,64142.00000000,64212.81000000,64130.01000000,64210.01000000,43.50696000
1785936000000,2026-08-05T13:20:00.000Z,64210.00000000,64212.81000000,64170.00000000,64170.01000000,24.94278000
1785936300000,2026-08-05T13:25:00.000Z,64170.01000000,64173.99000000,64115.45000000,64145.19000000,71.42933000
1785936600000,2026-08-05T13:30:00.000Z,64145.20000000,64149.99000000,63891.09000000,63926.00000000,178.48409000
1785936900000,2026-08-05T13:35:00.000Z,63926.00000000,64265.62000000,63880.00000000,64232.01000000,129.68252000
1785937200000,2026-08-05T13:40:00.000Z,64232.00000000,64294.00000000,64169.67000000,64176.00000000,83.67496000
1785937500000,2026-08-05T13:45:00.000Z,64176.00000000,64255.73000000,64036.00000000,64255.72000000,98.35559000
1785937800000,2026-08-05T13:50:00.000Z,64255.73000000,64412.00000000,64155.45000000,64277.94000000,154.00395000
1785938100000,2026-08-05T13:55:00.000Z,64277.95000000,64408.00000000,64260.33000000,64407.99000000,71.09662000
1785938400000,2026-08-05T14:00:00.000Z,64407.99000000,64407.99000000,64310.00000000,64374.00000000,81.62073000
1785938700000,2026-08-05T14:05:00.000Z,64374.00000000,64529.99000000,64374.00000000,64446.01000000,194.83330000
1785939000000,2026-08-05T14:10:00.000Z,64446.01000000,64504.06000000,64439.70000000,64472.56000000,84.06969000
1785939300000,2026-08-05T14:15:00.000Z,64472.55000000,64578.00000000,64472.55000000,64552.68000000,142.06830000
1785939600000,2026-08-05T14:20:00.000Z,64552.67000000,64552.67000000,64354.00000000,64368.00000000,103.55381000
1785939900000,2026-08-05T14:25:00.000Z,64368.01000000,64444.00000000,64319.31000000,64356.00000000,62.68996000
1785940200000,2026-08-05T14:30:00.000Z,64355.99000000,64464.00000000,64304.95000000,64358.41000000,73.92715000
1785940500000,2026-08-05T14:35:00.000Z,64358.41000000,64412.00000000,64315.54000000,64315.54000000,71.18879000
1785940800000,2026-08-05T14:40:00.000Z,64315.55000000,64431.09000000,64300.00000000,64429.13000000,69.00559000
1785941100000,2026-08-05T14:45:00.000Z,64429.12000000,64470.60000000,64402.00000000,64470.60000000,52.56131000
1785941400000,2026-08-05T14:50:00.000Z,64470.59000000,64498.22000000,64319.16000000,64415.84000000,64.59915000
1785941700000,2026-08-05T14:55:00.000Z,64415.84000000,64536.00000000,64382.00000000,64476.39000000,47.38931000
1785942000000,2026-08-05T15:00:00.000Z,64476.40000000,64590.66000000,64453.45000000,64559.99000000,69.24988000
1785942300000,2026-08-05T15:05:00.000Z,64560.00000000,64694.85000000,64518.00000000,64687.55000000,118.24717000
1785942600000,2026-08-05T15:10:00.000Z,64687.55000000,64744.00000000,64628.00000000,64628.00000000,142.23078000
1785942900000,2026-08-05T15:15:00.000Z,64628.00000000,64635.55000000,64440.55000000,64570.00000000,168.90759000
1785943200000,2026-08-05T15:20:00.000Z,64570.00000000,64584.00000000,64468.17000000,64502.89000000,110.43442000
1785943500000,2026-08-05T15:25:00.000Z,64502.89000000,64582.88000000,64484.00000000,64505.25000000,65.71884000
1785943800000,2026-08-05T15:30:00.000Z,64505.25000000,64597.82000000,64505.25000000,64582.01000000,45.47880000
1785944100000,2026-08-05T15:35:00.000Z,64582.01000000,64721.00000000,64526.40000000,64675.35000000,96.18316000
1785944400000,2026-08-05T15:40:00.000Z,64675.35000000,64676.00000000,64557.12000000,64557.12000000,40.75309000
1785944700000,2026-08-05T15:45:00.000Z,64557.13000000,64557.13000000,64482.70000000,64513.18000000,38.56965000
1785945000000,2026-08-05T15:50:00.000Z,64513.18000000,64513.19000000,64428.00000000,64436.00000000,33.56241000
1785945300000,2026-08-05T15:55:00.000Z,64436.00000000,64440.00000000,64385.49000000,64388.01000000,57.50295000
1785945600000,2026-08-05T16:00:00.000Z,64388.01000000,64456.00000000,64388.00000000,64435.95000000,35.51762000
1785945900000,2026-08-05T16:05:00.000Z,64435.99000000,64524.00000000,64430.00000000,64506.00000000,34.83985000
1785946200000,2026-08-05T16:10:00.000Z,64506.00000000,64613.98000000,64506.00000000,64613.98000000,30.69412000
1785946500000,2026-08-05T16:15:00.000Z,64613.99000000,64644.00000000,64570.80000000,64627.88000000,60.83232000
1785946800000,2026-08-05T16:20:00.000Z,64627.88000000,64760.49000000,64627.88000000,64650.00000000,79.71795000
1785947100000,2026-08-05T16:25:00.000Z,64650.01000000,64760.99000000,64650.01000000,64747.74000000,68.80427000
1785947400000,2026-08-05T16:30:00.000Z,64747.75000000,64758.83000000,64662.00000000,64701.50000000,83.67602000
1785947700000,2026-08-05T16:35:00.000Z,64701.50000000,64724.00000000,64655.07000000,64693.18000000,27.76748000
1785948000000,2026-08-05T16:40:00.000Z,64693.17000000,64730.48000000,64662.56000000,64687.73000000,27.56091000
1785948300000,2026-08-05T16:45:00.000Z,64687.72000000,64687.72000000,64623.89000000,64648.00000000,41.12219000
1785948600000,2026-08-05T16:50:00.000Z,64648.00000000,64661.74000000,64624.21000000,64632.00000000,24.04693000
1785948900000,2026-08-05T16:55:00.000Z,64631.99000000,64686.02000000,64619.79000000,64661.99000000,24.35474000
1785949200000,2026-08-05T17:00:00.000Z,64661.99000000,64696.93000000,64640.00000000,64659.99000000,25.42299000
1785949500000,2026-08-05T17:05:00.000Z,64659.99000000,64659.99000000,64615.04000000,64615.04000000,26.06511000
1785949800000,2026-08-05T17:10:00.000Z,64615.05000000,64650.00000000,64590.00000000,64590.21000000,18.30016000
1785950100000,2026-08-05T17:15:00.000Z,64590.21000000,64598.83000000,64549.04000000,64592.99000000,22.74615000
1785950400000,2026-08-05T17:20:00.000Z,64592.99000000,64593.00000000,64541.71000000,64585.49000000,18.96396000
1785950700000,2026-08-05T17:25:00.000Z,64585.49000000,64616.00000000,64574.00000000,64605.16000000,27.45728000
1785951000000,2026-08-05T17:30:00.000Z,64605.16000000,64614.00000000,64585.37000000,64594.99000000,34.62125000
1785951300000,2026-08-05T17:35:00.000Z,64594.99000000,64749.99000000,64594.99000000,64730.44000000,69.24371000
1785951600000,2026-08-05T17:40:00.000Z,64730.44000000,64746.00000000,64690.17000000,64698.00000000,43.23495000
1785951900000,2026-08-05T17:45:00.000Z,64698.00000000,64733.98000000,64676.99000000,64728.77000000,25.58983000
1785952200000,2026-08-05T17:50:00.000Z,64728.77000000,64780.00000000,64728.27000000,64766.55000000,106.60917000
1785952500000,2026-08-05T17:55:00.000Z,64766.55000000,64804.00000000,64760.12000000,64770.00000000,61.82088000
1785952800000,2026-08-05T18:00:00.000Z,64770.00000000,64784.00000000,64745.08000000,64777.99000000,57.24817000
1785953100000,2026-08-05T18:05:00.000Z,64777.98000000,64780.80000000,64670.08000000,64686.95000000,74.90771000
1785953400000,2026-08-05T18:10:00.000Z,64686.95000000,64807.97000000,64670.01000000,64800.31000000,35.13530000
1785953700000,2026-08-05T18:15:00.000Z,64800.31000000,64813.62000000,64702.38000000,64702.85000000,40.67526000
1785954000000,2026-08-05T18:20:00.000Z,64702.86000000,64792.30000000,64680.12000000,64691.44000000,46.48299000
1785954300000,2026-08-05T18:25:00.000Z,64691.45000000,64733.37000000,64682.12000000,64730.77000000,27.89250000
1785954600000,2026-08-05T18:30:00.000Z,64730.77000000,64730.78000000,64678.31000000,64697.62000000,37.35889000
1785954900000,2026-08-05T18:35:00.000Z,64697.62000000,64788.00000000,64697.62000000,64788.00000000,40.44011000
1785955200000,2026-08-05T18:40:00.000Z,64788.00000000,64804.19000000,64759.83000000,64804.18000000,30.56352000
1785955500000,2026-08-05T18:45:00.000Z,64804.18000000,64844.99000000,64788.00000000,64793.39000000,68.94566000
1785955800000,2026-08-05T18:50:00.000Z,64793.38000000,64802.51000000,64760.01000000,64760.01000000,26.65537000
1785956100000,2026-08-05T18:55:00.000Z,64760.01000000,64800.79000000,64760.01000000,64799.10000000,22.86678000
1785956400000,2026-08-05T19:00:00.000Z,64799.10000000,64901.01000000,64781.79000000,64901.01000000,77.57847000
1785956700000,2026-08-05T19:05:00.000Z,64901.00000000,64917.17000000,64864.63000000,64900.81000000,55.17322000
1785957000000,2026-08-05T19:10:00.000Z,64900.81000000,64900.82000000,64855.43000000,64885.50000000,29.84004000
1785957300000,2026-08-05T19:15:00.000Z,64885.51000000,64888.37000000,64871.99000000,64872.01000000,24.29237000
1785957600000,2026-08-05T19:20:00.000Z,64872.01000000,64905.03000000,64868.00000000,64905.03000000,27.32292000
1785957900000,2026-08-05T19:25:00.000Z,64905.03000000,64930.00000000,64905.02000000,64914.99000000,60.24978000
1785958200000,2026-08-05T19:30:00.000Z,64915.00000000,64925.27000000,64886.67000000,64886.67000000,30.03963000
1785958500000,2026-08-05T19:35:00.000Z,64886.67000000,64923.49000000,64870.88000000,64920.80000000,22.60823000
1785958800000,2026-08-05T19:40:00.000Z,64920.79000000,64925.07000000,64898.00000000,64898.01000000,14.66617000
1785959100000,2026-08-05T19:45:00.000Z,64898.01000000,64898.01000000,64869.66000000,64879.82000000,38.43852000
1785959400000,2026-08-05T19:50:00.000Z,64879.83000000,64936.18000000,64879.83000000,64931.03000000,38.65618000
1785959700000,2026-08-05T19:55:00.000Z,64931.03000000,64931.03000000,64838.52000000,64840.28000000,48.12126000
1785960000000,2026-08-05T20:00:00.000Z,64840.27000000,64869.74000000,64818.00000000,64856.00000000,53.37281000
1785960300000,2026-08-05T20:05:00.000Z,64855.99000000,64858.00000000,64806.46000000,64858.00000000,43.13105000
1785960600000,2026-08-05T20:10:00.000Z,64858.00000000,64921.97000000,64857.99000000,64921.97000000,11.93790000
1785960900000,2026-08-05T20:15:00.000Z,64921.96000000,64927.42000000,64888.00000000,64888.00000000,24.34745000
1785961200000,2026-08-05T20:20:00.000Z,64888.00000000,65025.22000000,64873.26000000,64990.28000000,233.45319000
1785961500000,2026-08-05T20:25:00.000Z,64990.29000000,64990.29000000,64926.00000000,64982.11000000,22.56488000
1785961800000,2026-08-05T20:30:00.000Z,64982.12000000,64982.12000000,64947.01000000,64947.61000000,16.53549000
1785962100000,2026-08-05T20:35:00.000Z,64947.60000000,64978.00000000,64931.69000000,64954.67000000,25.22507000
1785962400000,2026-08-05T20:40:00.000Z,64954.66000000,64991.88000000,64946.00000000,64975.76000000,22.54237000
1785962700000,2026-08-05T20:45:00.000Z,64975.77000000,64991.66000000,64894.93000000,64894.93000000,16.52125000
1785963000000,2026-08-05T20:50:00.000Z,64894.94000000,64900.00000000,64890.83000000,64897.94000000,9.27992000
1785963300000,2026-08-05T20:55:00.000Z,64897.94000000,64897.94000000,64822.89000000,64822.89000000,19.47762000
1785963600000,2026-08-05T21:00:00.000Z,64822.88000000,64825.78000000,64702.57000000,64788.00000000,84.03106000
1785963900000,2026-08-05T21:05:00.000Z,64787.60000000,64796.98000000,64751.85000000,64751.86000000,27.35442000
1785964200000,2026-08-05T21:10:00.000Z,64751.85000000,64814.59000000,64751.85000000,64779.47000000,31.37074000
1785964500000,2026-08-05T21:15:00.000Z,64779.47000000,64782.00000000,64761.00000000,64769.70000000,20.50466000
1785964800000,2026-08-05T21:20:00.000Z,64769.70000000,64769.70000000,64675.67000000,64689.85000000,121.57809000
1785965100000,2026-08-05T21:25:00.000Z,64689.85000000,64693.40000000,64657.69000000,64665.92000000,16.41288000
1785965400000,2026-08-05T21:30:00.000Z,64665.92000000,64748.05000000,64665.92000000,64700.01000000,14.86317000
1785965700000,2026-08-05T21:35:00.000Z,64700.02000000,64709.82000000,64666.00000000,64692.54000000,33.79022000
1785966000000,2026-08-05T21:40:00.000Z,64692.54000000,64734.94000000,64692.39000000,64723.23000000,55.82609000
1785966300000,2026-08-05T21:45:00.000Z,64723.22000000,64723.22000000,64676.00000000,64706.87000000,20.38809000
1785966600000,2026-08-05T21:50:00.000Z,64706.88000000,64763.77000000,64706.87000000,64740.00000000,24.46778000
1785966900000,2026-08-05T21:55:00.000Z,64740.01000000,64753.92000000,64733.13000000,64733.13000000,16.78571000
1785967200000,2026-08-05T22:00:00.000Z,64733.13000000,64767.26000000,64648.01000000,64676.98000000,47.40164000
1785967500000,2026-08-05T22:05:00.000Z,64676.98000000,64718.00000000,64667.76000000,64680.39000000,19.72269000
1785967800000,2026-08-05T22:10:00.000Z,64680.39000000,64732.02000000,64666.90000000,64684.01000000,23.10946000
1785968100000,2026-08-05T22:15:00.000Z,64684.00000000,64704.00000000,64679.25000000,64701.05000000,12.46330000
1785968400000,2026-08-05T22:20:00.000Z,64701.05000000,64708.68000000,64684.51000000,64702.40000000,17.55582000
1785968700000,2026-08-05T22:25:00.000Z,64702.39000000,64730.00000000,64678.96000000,64729.99000000,26.46667000
1785969000000,2026-08-05T22:30:00.000Z,64730.00000000,64783.84000000,64730.00000000,64757.72000000,17.53320000
1785969300000,2026-08-05T22:35:00.000Z,64757.72000000,64757.73000000,64694.37000000,64694.37000000,14.40799000
1785969600000,2026-08-05T22:40:00.000Z,64694.37000000,64694.38000000,64684.00000000,64693.95000000,8.27966000
1785969900000,2026-08-05T22:45:00.000Z,64693.95000000,64716.00000000,64686.00000000,64686.01000000,24.07365000
1785970200000,2026-08-05T22:50:00.000Z,64686.01000000,64689.99000000,64650.00000000,64650.00000000,27.51375000
1785970500000,2026-08-05T22:55:00.000Z,64650.01000000,64652.62000000,64629.81000000,64636.00000000,32.54262000
1785970800000,2026-08-05T23:00:00.000Z,64636.00000000,64636.00000000,64579.15000000,64623.75000000,46.93274000
1785971100000,2026-08-05T23:05:00.000Z,64623.76000000,64672.01000000,64610.00000000,64672.01000000,14.66645000
1785971400000,2026-08-05T23:10:00.000Z,64672.01000000,64692.00000000,64671.85000000,64678.67000000,15.88066000
1785971700000,2026-08-05T23:15:00.000Z,64678.66000000,64678.67000000,64629.35000000,64670.00000000,21.82188000
1785972000000,2026-08-05T23:20:00.000Z,64669.99000000,64738.00000000,64669.99000000,64730.01000000,57.10860000
1785972300000,2026-08-05T23:25:00.000Z,64730.01000000,64749.99000000,64699.52000000,64699.55000000,42.06049000
1785972600000,2026-08-05T23:30:00.000Z,64699.56000000,64708.00000000,64671.71000000,64671.72000000,20.07604000
1785972900000,2026-08-05T23:35:00.000Z,64671.71000000,64694.00000000,64671.71000000,64694.00000000,25.83069000
1785973200000,2026-08-05T23:40:00.000Z,64693.99000000,64708.00000000,64665.12000000,64665.12000000,88.97481000
1785973500000,2026-08-05T23:45:00.000Z,64665.11000000,64680.01000000,64580.57000000,64680.01000000,189.56527000
1785973800000,2026-08-05T23:50:00.000Z,64680.00000000,64680.01000000,64652.58000000,64670.66000000,19.75064000
1785974100000,2026-08-05T23:55:00.000Z,64670.67000000,64670.67000000,64641.06000000,64665.23000000,18.33295000
1785974400000,2026-08-06T00:00:00.000Z,64665.24000000,64679.76000000,64619.33000000,64620.22000000,41.32017000
1785974700000,2026-08-06T00:05:00.000Z,64620.23000000,64682.92000000,64609.99000000,64609.99000000,106.17080000
1785975000000,2026-08-06T00:10:00.000Z,64609.99000000,64642.00000000,64598.72000000,64604.07000000,126.75960000
1785975300000,2026-08-06T00:15:00.000Z,64604.07000000,64623.48000000,64572.00000000,64623.47000000,33.73452000
1785975600000,2026-08-06T00:20:00.000Z,64623.47000000,64710.75000000,64623.47000000,64710.75000000,42.50851000
1785975900000,2026-08-06T00:25:00.000Z,64710.75000000,64711.06000000,64686.79000000,64686.79000000,25.27919000
1785976200000,2026-08-06T00:30:00.000Z,64686.80000000,64700.40000000,64680.34000000,64691.86000000,17.69860000
1785976500000,2026-08-06T00:35:00.000Z,64691.85000000,64724.38000000,64683.49000000,64686.01000000,24.24675000
1785976800000,2026-08-06T00:40:00.000Z,64686.01000000,64690.00000000,64645.71000000,64645.72000000,15.08773000
1785977100000,2026-08-06T00:45:00.000Z,64645.71000000,64654.00000000,64622.00000000,64636.79000000,15.44143000
1785977400000,2026-08-06T00:50:00.000Z,64636.79000000,64682.00000000,64622.38000000,64678.00000000,9.00027000
1785977700000,2026-08-06T00:55:00.000Z,64678.01000000,64695.02000000,64644.99000000,64644.99000000,19.74583000
1785978000000,2026-08-06T01:00:00.000Z,64644.92000000,64658.01000000,64611.53000000,64658.00000000,132.59057000
1785978300000,2026-08-06T01:05:00.000Z,64658.00000000,64658.01000000,64589.46000000,64629.99000000,38.99207000
1785978600000,2026-08-06T01:10:00.000Z,64629.99000000,64635.41000000,64582.55000000,64606.83000000,10.64170000
1785978900000,2026-08-06T01:15:00.000Z,64606.84000000,64609.29000000,64581.46000000,64583.77000000,17.11145000
1785979200000,2026-08-06T01:20:00.000Z,64583.77000000,64583.77000000,64550.76000000,64561.99000000,15.23397000
1785979500000,2026-08-06T01:25:00.000Z,64562.00000000,64567.70000000,64518.08000000,64518.08000000,15.97460000
1785979800000,2026-08-06T01:30:00.000Z,64518.09000000,64583.77000000,64498.00000000,64570.01000000,34.75303000
1785980100000,2026-08-06T01:35:00.000Z,64570.01000000,64616.76000000,64550.00000000,64561.28000000,54.27898000
1785980400000,2026-08-06T01:40:00.000Z,64561.28000000,64579.88000000,64560.00000000,64565.99000000,15.89035000
1785980700000,2026-08-06T01:45:00.000Z,64565.99000000,64650.00000000,64565.99000000,64649.04000000,15.46406000
1785981000000,2026-08-06T01:50:00.000Z,64649.05000000,64659.65000000,64616.15000000,64616.16000000,16.67530000
1785981300000,2026-08-06T01:55:00.000Z,64616.15000000,64616.60000000,64579.22000000,64580.07000000,26.33382000
1785981600000,2026-08-06T02:00:00.000Z,64580.08000000,64591.36000000,64533.03000000,64568.97000000,16.69558000
1785981900000,2026-08-06T02:05:00.000Z,64568.97000000,64579.44000000,64538.77000000,64579.43000000,13.65798000
1785982200000,2026-08-06T02:10:00.000Z,64579.43000000,64650.62000000,64560.51000000,64560.51000000,20.73327000
1785982500000,2026-08-06T02:15:00.000Z,64560.50000000,64585.20000000,64518.58000000,64518.58000000,32.33133000
1785982800000,2026-08-06T02:20:00.000Z,64518.59000000,64556.82000000,64439.34000000,64548.78000000,98.28007000
1785983100000,2026-08-06T02:25:00.000Z,64548.77000000,64558.00000000,64496.00000000,64527.82000000,20.28832000
1785983400000,2026-08-06T02:30:00.000Z,64527.81000000,64553.99000000,64501.72000000,64553.99000000,16.65539000
1785983700000,2026-08-06T02:35:00.000Z,64554.00000000,64568.53000000,64482.14000000,64536.08000000,28.26119000
1785984000000,2026-08-06T02:40:00.000Z,64536.08000000,64579.12000000,64536.08000000,64579.11000000,11.32587000
1785984300000,2026-08-06T02:45:00.000Z,64579.12000000,64598.00000000,64540.63000000,64589.00000000,159.64820000
1785984600000,2026-08-06T02:50:00.000Z,64589.01000000,64594.68000000,64570.35000000,64570.36000000,8.55290000
1785984900000,2026-08-06T02:55:00.000Z,64570.35000000,64580.00000000,64559.10000000,64579.36000000,5.82497000
1785985200000,2026-08-06T03:00:00.000Z,64579.36000000,64579.36000000,64519.08000000,64559.22000000,13.67015000
1785985500000,2026-08-06T03:05:00.000Z,64559.22000000,64572.00000000,64536.00000000,64564.85000000,15.00884000
1785985800000,2026-08-06T03:10:00.000Z,64564.85000000,64577.53000000,64562.47000000,64572.00000000,15.96942000
1785986100000,2026-08-06T03:15:00.000Z,64572.00000000,64572.00000000,64528.56000000,64533.12000000,8.89248000
1785986400000,2026-08-06T03:20:00.000Z,64533.13000000,64542.00000000,64513.83000000,64513.83000000,15.46229000
1785986700000,2026-08-06T03:25:00.000Z,64513.84000000,64541.99000000,64510.75000000,64541.73000000,20.55852000
1785987000000,2026-08-06T03:30:00.000Z,64541.74000000,64583.63000000,64522.41000000,64540.00000000,24.53394000
1785987300000,2026-08-06T03:35:00.000Z,64540.00000000,64553.41000000,64532.01000000,64539.00000000,52.77252000
1785987600000,2026-08-06T03:40:00.000Z,64538.99000000,64538.99000000,64505.13000000,64505.14000000,7.24760000
1785987900000,2026-08-06T03:45:00.000Z,64505.13000000,64530.64000000,64500.00000000,64530.64000000,5.96419000
1785988200000,2026-08-06T03:50:00.000Z,64530.64000000,64530.64000000,64504.19000000,64504.19000000,5.40074000
1785988500000,2026-08-06T03:55:00.000Z,64504.20000000,64543.27000000,64493.20000000,64531.03000000,12.51192000
1785988800000,2026-08-06T04:00:00.000Z,64531.03000000,64546.86000000,64498.62000000,64499.93000000,18.34829000
1785989100000,2026-08-06T04:05:00.000Z,64499.93000000,64559.99000000,64496.27000000,64559.98000000,19.68682000
1785989400000,2026-08-06T04:10:00.000Z,64559.99000000,64590.55000000,64554.00000000,64582.61000000,16.11252000
1785989700000,2026-08-06T04:15:00.000Z,64582.60000000,64643.29000000,64582.60000000,64630.00000000,22.22831000
1785990000000,2026-08-06T04:20:00.000Z,64630.00000000,64695.46000000,64629.99000000,64673.81000000,22.37507000
1785990300000,2026-08-06T04:25:00.000Z,64673.81000000,64696.00000000,64673.80000000,64695.92000000,15.74559000
1785990600000,2026-08-06T04:30:00.000Z,64695.93000000,64730.00000000,64694.00000000,64694.01000000,38.86077000
1785990900000,2026-08-06T04:35:00.000Z,64694.00000000,64721.97000000,64677.22000000,64677.23000000,62.01630000
1785991200000,2026-08-06T04:40:00.000Z,64677.22000000,64677.23000000,64656.90000000,64660.00000000,27.02522000
1785991500000,2026-08-06T04:45:00.000Z,64659.99000000,64660.00000000,64634.41000000,64654.00000000,15.66385000
1785991800000,2026-08-06T04:50:00.000Z,64654.01000000,64696.94000000,64654.00000000,64696.94000000,6.14481000
1785992100000,2026-08-06T04:55:00.000Z,64696.94000000,64755.72000000,64694.00000000,64734.65000000,90.17480000
1785992400000,2026-08-06T05:00:00.000Z,64734.65000000,64774.77000000,64730.26000000,64771.99000000,26.52126000
1785992700000,2026-08-06T05:05:00.000Z,64772.00000000,64996.00000000,64771.99000000,64959.35000000,93.64112000
1785993000000,2026-08-06T05:10:00.000Z,64959.36000000,64961.81000000,64910.38000000,64913.88000000,42.69650000
1785993300000,2026-08-06T05:15:00.000Z,64913.88000000,64996.00000000,64912.00000000,64929.99000000,107.01755000
1785993600000,2026-08-06T05:20:00.000Z,64930.00000000,64982.00000000,64918.00000000,64981.99000000,34.26666000
1785993900000,2026-08-06T05:25:00.000Z,64981.99000000,64982.00000000,64887.01000000,64889.99000000,22.29082000
1785994200000,2026-08-06T05:30:00.000Z,64889.99000000,64916.79000000,64856.16000000,64881.58000000,29.54915000
1785994500000,2026-08-06T05:35:00.000Z,64881.58000000,64908.47000000,64851.59000000,64868.01000000,31.82983000
1785994800000,2026-08-06T05:40:00.000Z,64868.01000000,64905.69000000,64868.00000000,64902.54000000,61.73115000
1785995100000,2026-08-06T05:45:00.000Z,64902.54000000,64911.89000000,64868.00000000,64868.01000000,29.41534000
1785995400000,2026-08-06T05:50:00.000Z,64868.01000000,64888.00000000,64865.27000000,64865.28000000,17.62080000
1785995700000,2026-08-06T05:55:00.000Z,64865.28000000,64908.10000000,64860.08000000,64908.09000000,18.65809000
1785996000000,2026-08-06T06:00:00.000Z,64908.10000000,64908.10000000,64851.77000000,64871.99000000,35.36679000
1785996300000,2026-08-06T06:05:00.000Z,64871.99000000,64889.42000000,64840.93000000,64840.93000000,16.54831000
1785996600000,2026-08-06T06:10:00.000Z,64840.94000000,64840.94000000,64778.06000000,64781.19000000,21.68016000
1785996900000,2026-08-06T06:15:00.000Z,64781.20000000,64786.00000000,64745.69000000,64751.99000000,18.38337000
1785997200000,2026-08-06T06:20:00.000Z,64752.00000000,64828.82000000,64751.99000000,64825.76000000,17.87831000
1785997500000,2026-08-06T06:25:00.000Z,64825.76000000,64828.82000000,64812.62000000,64828.00000000,10.51588000
1785997800000,2026-08-06T06:30:00.000Z,64828.00000000,64846.00000000,64813.88000000,64843.86000000,15.27210000
1785998100000,2026-08-06T06:35:00.000Z,64843.86000000,64858.11000000,64823.66000000,64842.71000000,19.26559000
1785998400000,2026-08-06T06:40:00.000Z,64842.71000000,64842.72000000,64816.23000000,64837.99000000,15.14194000
1785998700000,2026-08-06T06:45:00.000Z,64838.00000000,64839.92000000,64809.43000000,64837.84000000,19.28430000
1785999000000,2026-08-06T06:50:00.000Z,64837.85000000,64851.36000000,64829.39000000,64845.55000000,21.03108000
1785999300000,2026-08-06T06:55:00.000Z,64845.55000000,64860.00000000,64839.99000000,64860.00000000,22.92598000
1785999600000,2026-08-06T07:00:00.000Z,64860.00000000,64860.00000000,64820.00000000,64822.19000000,30.78588000
1785999900000,2026-08-06T07:05:00.000Z,64822.20000000,64862.00000000,64822.19000000,64857.45000000,34.56847000
1786000200000,2026-08-06T07:10:00.000Z,64857.45000000,64945.72000000,64848.64000000,64945.71000000,37.91893000
1786000500000,2026-08-06T07:15:00.000Z,64945.71000000,64945.72000000,64894.01000000,64928.83000000,53.44071000
1786000800000,2026-08-06T07:20:00.000Z,64928.83000000,64965.66000000,64914.05000000,64951.28000000,45.08874000
1786001100000,2026-08-06T07:25:00.000Z,64951.28000000,64951.28000000,64902.99000000,64903.00000000,33.06672000
1786001400000,2026-08-06T07:30:00.000Z,64902.99000000,64903.00000000,64872.55000000,64882.04000000,58.22111000
1786001700000,2026-08-06T07:35:00.000Z,64882.03000000,64902.00000000,64858.78000000,64858.79000000,71.00074000
1786002000000,2026-08-06T07:40:00.000Z,64858.78000000,64858.79000000,64776.00000000,64815.99000000,94.32627000
1786002300000,2026-08-06T07:45:00.000Z,64815.99000000,64841.93000000,64815.99000000,64841.57000000,74.85874000
1786002600000,2026-08-06T07:50:00.000Z,64841.56000000,64841.57000000,64785.99000000,64814.00000000,78.95490000
1786002900000,2026-08-06T07:55:00.000Z,64814.00000000,64840.00000000,64809.70000000,64809.70000000,67.60961000
1786003200000,2026-08-06T08:00:00.000Z,64809.70000000,64854.00000000,64809.70000000,64842.00000000,32.73942000
1786003500000,2026-08-06T08:05:00.000Z,64841.99000000,64842.00000000,64796.00000000,64796.01000000,36.44439000
1786003800000,2026-08-06T08:10:00.000Z,64796.00000000,64796.01000000,64763.11000000,64772.00000000,20.79921000
1786004100000,2026-08-06T08:15:00.000Z,64772.00000000,64792.00000000,64760.00000000,64785.78000000,23.13831000
1786004400000,2026-08-06T08:20:00.000Z,64785.77000000,64832.00000000,64785.77000000,64828.81000000,26.04188000
1786004700000,2026-08-06T08:25:00.000Z,64828.82000000,64897.50000000,64828.81000000,64897.50000000,24.49508000
1786005000000,2026-08-06T08:30:00.000Z,64897.50000000,64922.79000000,64887.55000000,64896.81000000,34.27122000
1786005300000,2026-08-06T08:35:00.000Z,64896.82000000,64896.82000000,64867.40000000,64874.16000000,16.29722000
1786005600000,2026-08-06T08:40:00.000Z,64874.17000000,64903.04000000,64874.16000000,64884.39000000,23.34503000
1786005900000,2026-08-06T08:45:00.000Z,64884.39000000,64916.00000000,64881.34000000,64908.01000000,15.22152000
1786006200000,2026-08-06T08:50:00.000Z,64908.01000000,64999.00000000,64908.00000000,64969.83000000,41.51769000
1786006500000,2026-08-06T08:55:00.000Z,64969.83000000,64984.00000000,64941.06000000,64941.99000000,29.19471000
1786006800000,2026-08-06T09:00:00.000Z,64942.00000000,64944.00000000,64860.48000000,64870.33000000,69.24549000
1786007100000,2026-08-06T09:05:00.000Z,64870.33000000,64870.33000000,64785.84000000,64836.00000000,41.06531000
1786007400000,2026-08-06T09:10:00.000Z,64835.99000000,64836.00000000,64750.00000000,64769.72000000,45.94813000
1786007700000,2026-08-06T09:15:00.000Z,64769.72000000,64812.31000000,64766.84000000,64812.30000000,17.62985000
1786008000000,2026-08-06T09:20:00.000Z,64812.30000000,64841.14000000,64784.00000000,64796.92000000,39.88085000
1786008300000,2026-08-06T09:25:00.000Z,64796.91000000,64808.00000000,64722.12000000,64729.65000000,46.60511000
1786008600000,2026-08-06T09:30:00.000Z,64729.65000000,64729.66000000,64630.00000000,64694.33000000,45.87475000
1786008900000,2026-08-06T09:35:00.000Z,64694.33000000,64707.93000000,64684.15000000,64685.79000000,21.49195000
1786009200000,2026-08-06T09:40:00.000Z,64685.80000000,64687.61000000,64667.21000000,64667.22000000,12.44641000
1786009500000,2026-08-06T09:45:00.000Z,64667.21000000,64690.00000000,64637.99000000,64684.08000000,32.53706000
1786009800000,2026-08-06T09:50:00.000Z,64684.08000000,64697.93000000,64681.83000000,64693.63000000,9.56552000
1786010100000,2026-08-06T09:55:00.000Z,64693.62000000,64697.54000000,64673.88000000,64683.62000000,21.79342000
1786010400000,2026-08-06T10:00:00.000Z,64683.62000000,64683.62000000,64642.01000000,64642.01000000,20.84660000
1786010700000,2026-08-06T10:05:00.000Z,64642.01000000,64653.56000000,64623.47000000,64640.00000000,16.35029000
1786011000000,2026-08-06T10:10:00.000Z,64640.01000000,64640.01000000,64594.29000000,64602.01000000,31.33564000
1786011300000,2026-08-06T10:15:00.000Z,64602.01000000,64670.46000000,64581.21000000,64667.32000000,21.73454000
1786011600000,2026-08-06T10:20:00.000Z,64667.32000000,64685.05000000,64654.91000000,64674.00000000,19.20893000
1786011900000,2026-08-06T10:25:00.000Z,64673.99000000,64683.99000000,64671.58000000,64682.00000000,22.12117000
1786012200000,2026-08-06T10:30:00.000Z,64681.99000000,64682.00000000,64662.00000000,64662.00000000,15.92599000
1786012500000,2026-08-06T10:35:00.000Z,64662.00000000,64670.00000000,64654.91000000,64656.65000000,13.25599000
1786012800000,2026-08-06T10:40:00.000Z,64656.66000000,64656.66000000,64625.17000000,64625.18000000,11.95659000
1786013100000,2026-08-06T10:45:00.000Z,64625.17000000,64648.79000000,64620.00000000,64643.23000000,19.64692000
1786013400000,2026-08-06T10:50:00.000Z,64643.22000000,64643.23000000,64612.83000000,64612.84000000,6.14950000
1786013700000,2026-08-06T10:55:00.000Z,64612.83000000,64615.95000000,64608.31000000,64615.95000000,9.35094000
1786014000000,2026-08-06T11:00:00.000Z,64615.95000000,64623.48000000,64554.00000000,64554.01000000,32.86208000
1786014300000,2026-08-06T11:05:00.000Z,64554.00000000,64554.01000000,64503.54000000,64548.00000000,53.69732000
1786014600000,2026-08-06T11:10:00.000Z,64547.99000000,64574.31000000,64547.99000000,64574.30000000,12.81470000
1786014900000,2026-08-06T11:15:00.000Z,64574.31000000,64642.29000000,64574.30000000,64623.48000000,47.96505000
1786015200000,2026-08-06T11:20:00.000Z,64623.48000000,64626.00000000,64596.00000000,64596.01000000,13.78590000
1786015500000,2026-08-06T11:25:00.000Z,64596.01000000,64596.17000000,64584.00000000,64584.11000000,14.39120000
1786015800000,2026-08-06T11:30:00.000Z,64584.11000000,64639.53000000,64584.11000000,64634.00000000,31.98401000
1786016100000,2026-08-06T11:35:00.000Z,64634.00000000,64661.26000000,64627.12000000,64646.00000000,91.31675000
1786016400000,2026-08-06T11:40:00.000Z,64646.00000000,64653.20000000,64639.54000000,64643.63000000,15.91614000
1786016700000,2026-08-06T11:45:00.000Z,64643.64000000,64646.00000000,64622.00000000,64622.01000000,17.40190000
1786017000000,2026-08-06T11:50:00.000Z,64622.01000000,64626.56000000,64583.78000000,64597.69000000,21.59367000
1786017300000,2026-08-06T11:55:00.000Z,64597.69000000,64625.62000000,64597.68000000,64622.09000000,18.41299000
1786017600000,2026-08-06T12:00:00.000Z,64622.08000000,64637.68000000,64550.00000000,64556.52000000,23.44094000
1786017900000,2026-08-06T12:05:00.000Z,64556.52000000,64556.52000000,64474.76000000,64474.76000000,40.70161000
1786018200000,2026-08-06T12:10:00.000Z,64474.77000000,64500.00000000,64471.04000000,64478.06000000,35.79732000
1786018500000,2026-08-06T12:15:00.000Z,64478.06000000,64488.34000000,64450.00000000,64464.00000000,24.75350000
1786018800000,2026-08-06T12:20:00.000Z,64464.00000000,64544.00000000,64464.00000000,64544.00000000,20.12853000
1786019100000,2026-08-06T12:25:00.000Z,64543.99000000,64545.55000000,64543.99000000,64545.55000000,3.96518000
1786019400000,2026-08-06T12:30:00.000Z,64545.54000000,64545.55000000,64506.55000000,64510.44000000,24.09217000
1786019700000,2026-08-06T12:35:00.000Z,64510.45000000,64591.24000000,64508.00000000,64591.24000000,35.74708000
1786020000000,2026-08-06T12:40:00.000Z,64591.25000000,64592.57000000,64526.54000000,64526.55000000,18.13053000
1786020300000,2026-08-06T12:45:00.000Z,64526.56000000,64534.91000000,64500.00000000,64500.01000000,13.27506000
1786020600000,2026-08-06T12:50:00.000Z,64500.01000000,64500.01000000,64467.40000000,64467.40000000,22.05767000
1786020900000,2026-08-06T12:55:00.000Z,64467.12000000,64469.85000000,64381.96000000,64424.00000000,74.36846000
1786021200000,2026-08-06T13:00:00.000Z,64424.01000000,64436.88000000,64370.00000000,64374.59000000,52.27323000
1786021500000,2026-08-06T13:05:00.000Z,64374.59000000,64374.59000000,64205.72000000,64212.80000000,129.17720000
1786021800000,2026-08-06T13:10:00.000Z,64212.81000000,64256.27000000,64206.62000000,64256.27000000,48.12316000
1786022100000,2026-08-06T13:15:00.000Z,64256.26000000,64298.00000000,64232.00000000,64251.17000000,69.94839000
1786022400000,2026-08-06T13:20:00.000Z,64251.16000000,64281.88000000,64196.67000000,64212.39000000,108.95454000
1786022700000,2026-08-06T13:25:00.000Z,64212.38000000,64245.45000000,64180.00000000,64243.78000000,56.56013000
1786023000000,2026-08-06T13:30:00.000Z,64243.78000000,64245.08000000,64172.00000000,64234.21000000,108.24902000
1786023300000,2026-08-06T13:35:00.000Z,64234.22000000,64330.00000000,64201.97000000,64329.99000000,71.47819000
1786023600000,2026-08-06T13:40:00.000Z,64329.98000000,64431.09000000,64320.22000000,64398.01000000,70.77556000
1786023900000,2026-08-06T13:45:00.000Z,64398.01000000,64486.00000000,64382.00000000,64464.00000000,59.37022000
1786024200000,2026-08-06T13:50:00.000Z,64464.01000000,64500.01000000,64405.08000000,64424.01000000,43.95360000
1786024500000,2026-08-06T13:55:00.000Z,64424.01000000,64524.21000000,64410.17000000,64434.01000000,51.33224000
1786024800000,2026-08-06T14:00:00.000Z,64434.01000000,64473.82000000,64380.42000000,64460.00000000,64.22589000
1786025100000,2026-08-06T14:05:00.000Z,64459.99000000,64521.56000000,64457.24000000,64470.00000000,65.09905000
1786025400000,2026-08-06T14:10:00.000Z,64470.00000000,64556.00000000,64468.39000000,64468.40000000,54.87480000
1786025700000,2026-08-06T14:15:00.000Z,64468.39000000,64490.78000000,64420.00000000,64420.00000000,62.36671000
1786026000000,2026-08-06T14:20:00.000Z,64420.01000000,64580.00000000,64420.00000000,64484.00000000,59.84405000
1786026300000,2026-08-06T14:25:00.000Z,64484.00000000,64515.65000000,64427.53000000,64429.70000000,37.45139000
1786026600000,2026-08-06T14:30:00.000Z,64429.70000000,64567.42000000,64362.00000000,64567.42000000,72.63405000
1786026900000,2026-08-06T14:35:00.000Z,64567.41000000,64650.00000000,64561.43000000,64580.46000000,63.72586000
1786027200000,2026-08-06T14:40:00.000Z,64580.45000000,64833.19000000,64566.75000000,64810.31000000,130.11670000
1786027500000,2026-08-06T14:45:00.000Z,64810.32000000,64850.00000000,64711.77000000,64714.00000000,73.23292000
1786027800000,2026-08-06T14:50:00.000Z,64714.00000000,64738.00000000,64682.00000000,64716.43000000,44.30929000
1786028100000,2026-08-06T14:55:00.000Z,64716.43000000,64814.12000000,64716.43000000,64778.00000000,53.24653000
1786028400000,2026-08-06T15:00:00.000Z,64778.01000000,64836.00000000,64764.00000000,64800.00000000,67.36912000
1786028700000,2026-08-06T15:05:00.000Z,64800.01000000,64934.00000000,64764.01000000,64919.99000000,80.57047000
1786029000000,2026-08-06T15:10:00.000Z,64920.00000000,64987.26000000,64852.00000000,64852.33000000,106.35981000
1786029300000,2026-08-06T15:15:00.000Z,64852.33000000,64894.00000000,64722.71000000,64739.99000000,71.02294000
1786029600000,2026-08-06T15:20:00.000Z,64740.00000000,64819.47000000,64705.42000000,64806.00000000,70.17444000
1786029900000,2026-08-06T15:25:00.000Z,64806.00000000,64841.46000000,64765.62000000,64826.00000000,78.83969000
1786030200000,2026-08-06T15:30:00.000Z,64826.00000000,64873.20000000,64758.00000000,64758.00000000,46.22422000
1786030500000,2026-08-06T15:35:00.000Z,64758.00000000,64819.94000000,64708.00000000,64784.65000000,46.16441000
1786030800000,2026-08-06T15:40:00.000Z,64784.66000000,64795.01000000,64744.86000000,64754.00000000,33.07272000
1786031100000,2026-08-06T15:45:00.000Z,64754.01000000,64868.83000000,64750.14000000,64839.56000000,41.31769000
1786031400000,2026-08-06T15:50:00.000Z,64839.57000000,64862.52000000,64680.01000000,64680.01000000,68.13357000
1786031700000,2026-08-06T15:55:00.000Z,64680.01000000,64685.11000000,64624.29000000,64631.87000000,63.58494000
1786032000000,2026-08-06T16:00:00.000Z,64631.88000000,64682.00000000,64600.00000000,64682.00000000,49.85603000
1786032300000,2026-08-06T16:05:00.000Z,64682.00000000,64714.82000000,64648.00000000,64701.37000000,47.33953000
1786032600000,2026-08-06T16:10:00.000Z,64701.38000000,64717.99000000,64622.14000000,64637.99000000,33.37884000
1786032900000,2026-08-06T16:15:00.000Z,64637.99000000,64685.57000000,64592.37000000,64681.98000000,32.18056000
1786033200000,2026-08-06T16:20:00.000Z,64681.98000000,64681.99000000,64606.75000000,64629.99000000,33.31384000
1786033500000,2026-08-06T16:25:00.000Z,64630.00000000,64660.00000000,64604.00000000,64654.57000000,22.65586000
1786033800000,2026-08-06T16:30:00.000Z,64654.57000000,64694.00000000,64618.93000000,64660.00000000,27.71146000
1786034100000,2026-08-06T16:35:00.000Z,64659.99000000,64700.76000000,64630.11000000,64693.99000000,28.77256000
1786034400000,2026-08-06T16:40:00.000Z,64694.00000000,64756.00000000,64694.00000000,64716.80000000,33.83584000
1786034700000,2026-08-06T16:45:00.000Z,64716.80000000,64728.00000000,64662.18000000,64711.10000000,22.60163000
1786035000000,2026-08-06T16:50:00.000Z,64711.11000000,64778.00000000,64711.11000000,64718.00000000,27.24841000
1786035300000,2026-08-06T16:55:00.000Z,64718.00000000,64758.00000000,64714.64000000,64757.99000000,11.42267000
1786035600000,2026-08-06T17:00:00.000Z,64758.00000000,64828.00000000,64758.00000000,64815.99000000,26.83359000
1786035900000,2026-08-06T17:05:00.000Z,64816.00000000,64834.00000000,64741.83000000,64741.83000000,30.71075000
1786036200000,2026-08-06T17:10:00.000Z,64741.83000000,64750.83000000,64721.74000000,64721.74000000,26.04234000
1786036500000,2026-08-06T17:15:00.000Z,64721.73000000,64729.82000000,64690.29000000,64723.19000000,20.36347000
1786036800000,2026-08-06T17:20:00.000Z,64723.20000000,64742.39000000,64680.00000000,64683.71000000,21.11775000
1786037100000,2026-08-06T17:25:00.000Z,64683.71000000,64714.03000000,64683.71000000,64688.45000000,16.45700000
1786037400000,2026-08-06T17:30:00.000Z,64688.45000000,64715.99000000,64656.00000000,64660.24000000,30.28404000
1786037700000,2026-08-06T17:35:00.000Z,64660.25000000,64673.54000000,64578.02000000,64578.56000000,33.65362000
1786038000000,2026-08-06T17:40:00.000Z,64578.56000000,64597.73000000,64548.81000000,64597.72000000,21.93097000
1786038300000,2026-08-06T17:45:00.000Z,64597.73000000,64623.48000000,64582.00000000,64595.99000000,40.98813000
1786038600000,2026-08-06T17:50:00.000Z,64595.99000000,64647.56000000,64595.98000000,64645.99000000,7.61944000
1786038900000,2026-08-06T17:55:00.000Z,64646.00000000,64649.07000000,64621.68000000,64621.69000000,17.75098000
1786039200000,2026-08-06T18:00:00.000Z,64621.68000000,64621.69000000,64504.92000000,64527.99000000,38.87564000
1786039500000,2026-08-06T18:05:00.000Z,64527.99000000,64530.00000000,64472.16000000,64503.99000000,64.17420000
1786039800000,2026-08-06T18:10:00.000Z,64504.00000000,64540.00000000,64487.65000000,64539.98000000,26.78512000
1786040100000,2026-08-06T18:15:00.000Z,64539.99000000,64565.61000000,64510.13000000,64556.01000000,45.92313000
1786040400000,2026-08-06T18:20:00.000Z,64556.01000000,64594.00000000,64539.68000000,64539.68000000,19.42906000
1786040700000,2026-08-06T18:25:00.000Z,64539.67000000,64539.67000000,64508.01000000,64518.01000000,14.04264000
1786041000000,2026-08-06T18:30:00.000Z,64518.01000000,64520.00000000,64441.93000000,64441.93000000,35.87438000
1786041300000,2026-08-06T18:35:00.000Z,64441.94000000,64469.57000000,64441.93000000,64446.01000000,23.38138000
1786041600000,2026-08-06T18:40:00.000Z,64446.01000000,64446.01000000,64412.85000000,64420.01000000,18.64511000
1786041900000,2026-08-06T18:45:00.000Z,64420.01000000,64449.05000000,64407.28000000,64410.01000000,16.09740000
1786042200000,2026-08-06T18:50:00.000Z,64410.01000000,64420.00000000,64392.00000000,64392.24000000,21.31690000
1786042500000,2026-08-06T18:55:00.000Z,64392.25000000,64430.86000000,64378.67000000,64418.47000000,22.74810000
1786042800000,2026-08-06T19:00:00.000Z,64418.48000000,64464.04000000,64418.47000000,64443.62000000,30.47523000
1786043100000,2026-08-06T19:05:00.000Z,64443.62000000,64451.17000000,64418.14000000,64447.55000000,35.08374000
1786043400000,2026-08-06T19:10:00.000Z,64447.55000000,64454.14000000,64441.52000000,64441.52000000,32.78141000
1786043700000,2026-08-06T19:15:00.000Z,64441.53000000,64444.00000000,64423.94000000,64431.42000000,46.03251000
1786044000000,2026-08-06T19:20:00.000Z,64431.42000000,64459.79000000,64427.36000000,64437.68000000,52.24074000
1786044300000,2026-08-06T19:25:00.000Z,64437.67000000,64437.67000000,64392.38000000,64405.39000000,54.65499000
1786044600000,2026-08-06T19:30:00.000Z,64405.39000000,64412.00000000,64365.00000000,64412.00000000,47.00089000
1786044900000,2026-08-06T19:35:00.000Z,64412.00000000,64454.96000000,64397.09000000,64430.01000000,26.85939000
1786045200000,2026-08-06T19:40:00.000Z,64430.01000000,64440.81000000,64411.80000000,64430.00000000,21.80985000
1786045500000,2026-08-06T19:45:00.000Z,64430.00000000,64442.02000000,64420.78000000,64426.11000000,24.67350000
1786045800000,2026-08-06T19:50:00.000Z,64426.11000000,64474.00000000,64400.00000000,64461.36000000,38.66399000
1786046100000,2026-08-06T19:55:00.000Z,64461.37000000,64474.71000000,64445.79000000,64446.00000000,39.31733000
1786046400000,2026-08-06T20:00:00.000Z,64446.01000000,64524.00000000,64446.00000000,64524.00000000,35.95763000
1786046700000,2026-08-06T20:05:00.000Z,64523.99000000,64536.32000000,64513.79000000,64518.38000000,13.49062000
1786047000000,2026-08-06T20:10:00.000Z,64518.38000000,64532.79000000,64510.76000000,64527.68000000,10.11908000
1786047300000,2026-08-06T20:15:00.000Z,64527.68000000,64527.68000000,64480.00000000,64490.90000000,10.43390000
1786047600000,2026-08-06T20:20:00.000Z,64490.91000000,64492.00000000,64444.46000000,64492.00000000,27.53838000
1786047900000,2026-08-06T20:25:00.000Z,64491.99000000,64492.00000000,64472.84000000,64483.99000000,10.78298000
1786048200000,2026-08-06T20:30:00.000Z,64483.99000000,64484.44000000,64461.38000000,64474.96000000,12.30487000
1786048500000,2026-08-06T20:35:00.000Z,64474.96000000,64488.26000000,64460.85000000,64467.93000000,22.90859000
1786048800000,2026-08-06T20:40:00.000Z,64467.93000000,64486.00000000,64461.51000000,64461.51000000,16.75476000
1786049100000,2026-08-06T20:45:00.000Z,64461.52000000,64461.52000000,64451.40000000,64461.23000000,9.83991000
1786049400000,2026-08-06T20:50:00.000Z,64461.23000000,64476.61000000,64442.52000000,64442.52000000,16.75068000
1786049700000,2026-08-06T20:55:00.000Z,64442.52000000,64448.00000000,64439.70000000,64439.70000000,8.59389000
1786050000000,2026-08-06T21:00:00.000Z,64439.71000000,64498.11000000,64439.70000000,64458.18000000,28.46879000
1786050300000,2026-08-06T21:05:00.000Z,64458.17000000,64499.29000000,64451.43000000,64467.26000000,19.44061000
1786050600000,2026-08-06T21:10:00.000Z,64467.26000000,64486.00000000,64452.00000000,64486.00000000,26.03495000
1786050900000,2026-08-06T21:15:00.000Z,64486.00000000,64513.99000000,64462.87000000,64478.16000000,17.68078000
1786051200000,2026-08-06T21:20:00.000Z,64478.17000000,64489.63000000,64462.54000000,64474.48000000,10.11429000
1786051500000,2026-08-06T21:25:00.000Z,64474.47000000,64474.48000000,64450.00000000,64450.01000000,8.25354000
1786051800000,2026-08-06T21:30:00.000Z,64450.00000000,64472.00000000,64450.00000000,64461.60000000,22.96632000
1786052100000,2026-08-06T21:35:00.000Z,64461.59000000,64461.60000000,64404.74000000,64418.13000000,32.24024000
1786052400000,2026-08-06T21:40:00.000Z,64418.14000000,64483.45000000,64414.36000000,64456.01000000,55.94859000
1786052700000,2026-08-06T21:45:00.000Z,64456.00000000,64461.78000000,64440.00000000,64449.62000000,10.25459000
1786053000000,2026-08-06T21:50:00.000Z,64449.62000000,64480.00000000,64449.62000000,64453.16000000,9.46631000
1786053300000,2026-08-06T21:55:00.000Z,64453.15000000,64453.16000000,64436.83000000,64440.74000000,8.86382000
1786053600000,2026-08-06T22:00:00.000Z,64440.74000000,64450.00000000,64382.81000000,64401.75000000,41.29140000
1786053900000,2026-08-06T22:05:00.000Z,64401.75000000,64436.00000000,64401.75000000,64417.99000000,14.05461000
1786054200000,2026-08-06T22:10:00.000Z,64418.00000000,64442.00000000,64418.00000000,64435.61000000,15.82240000
1786054500000,2026-08-06T22:15:00.000Z,64435.62000000,64435.62000000,64404.28000000,64404.29000000,14.99787000
1786054800000,2026-08-06T22:20:00.000Z,64404.28000000,64405.28000000,64330.40000000,64347.99000000,24.25107000
1786055100000,2026-08-06T22:25:00.000Z,64348.00000000,64369.13000000,64347.99000000,64361.38000000,14.74586000
1786055400000,2026-08-06T22:30:00.000Z,64361.38000000,64386.00000000,64347.99000000,64368.64000000,21.54447000
1786055700000,2026-08-06T22:35:00.000Z,64368.64000000,64374.43000000,64356.00000000,64374.43000000,15.52358000
1786056000000,2026-08-06T22:40:00.000Z,64374.43000000,64374.43000000,64336.55000000,64336.55000000,10.50670000
1786056300000,2026-08-06T22:45:00.000Z,64336.56000000,64364.60000000,64336.56000000,64362.78000000,16.84794000
1786056600000,2026-08-06T22:50:00.000Z,64362.78000000,64370.00000000,64353.55000000,64353.56000000,14.37984000
1786056900000,2026-08-06T22:55:00.000Z,64353.56000000,64353.56000000,64351.48000000,64351.49000000,6.74093000
1786057200000,2026-08-06T23:00:00.000Z,64351.48000000,64354.00000000,64332.21000000,64353.95000000,13.23536000
1786057500000,2026-08-06T23:05:00.000Z,64353.95000000,64360.01000000,64348.16000000,64360.00000000,13.22773000
1786057800000,2026-08-06T23:10:00.000Z,64360.01000000,64360.01000000,64337.92000000,64337.92000000,8.68632000
1786058100000,2026-08-06T23:15:00.000Z,64337.93000000,64338.00000000,64270.88000000,64276.81000000,35.69191000
1786058400000,2026-08-06T23:20:00.000Z,64276.82000000,64280.00000000,64237.99000000,64267.99000000,26.16707000
1786058700000,2026-08-06T23:25:00.000Z,64267.99000000,64270.06000000,64224.57000000,64247.29000000,22.45555000
1786059000000,2026-08-06T23:30:00.000Z,64247.29000000,64251.70000000,64232.68000000,64251.70000000,13.41412000
1786059300000,2026-08-06T23:35:00.000Z,64251.70000000,64251.70000000,64200.00000000,64218.00000000,133.35459000
1786059600000,2026-08-06T23:40:00.000Z,64217.99000000,64221.98000000,64205.57000000,64221.98000000,50.47654000
1786059900000,2026-08-06T23:45:00.000Z,64221.98000000,64243.39000000,64200.00000000,64228.50000000,42.46391000
1786060200000,2026-08-06T23:50:00.000Z,64228.51000000,64305.98000000,64228.50000000,64304.65000000,21.16772000
1786060500000,2026-08-06T23:55:00.000Z,64304.65000000,64330.00000000,64304.64000000,64323.61000000,15.05593000
1786060800000,2026-08-07T00:00:00.000Z,64323.61000000,64354.00000000,64308.93000000,64354.00000000,28.57122000
1786061100000,2026-08-07T00:05:00.000Z,64354.00000000,64410.00000000,64354.00000000,64380.00000000,20.61357000
1786061400000,2026-08-07T00:10:00.000Z,64380.00000000,64380.98000000,64282.93000000,64290.00000000,32.99029000
1786061700000,2026-08-07T00:15:00.000Z,64290.00000000,64296.20000000,64238.00000000,64280.00000000,31.51816000
1786062000000,2026-08-07T00:20:00.000Z,64280.01000000,64280.01000000,64230.59000000,64265.91000000,29.62964000
1786062300000,2026-08-07T00:25:00.000Z,64265.92000000,64317.18000000,64264.00000000,64264.99000000,38.60801000
1786062600000,2026-08-07T00:30:00.000Z,64265.00000000,64336.29000000,64237.85000000,64336.29000000,23.15034000
1786062900000,2026-08-07T00:35:00.000Z,64336.29000000,64337.56000000,64258.51000000,64284.84000000,15.81805000
1786063200000,2026-08-07T00:40:00.000Z,64284.83000000,64323.92000000,64251.00000000,64323.92000000,14.66381000
1786063500000,2026-08-07T00:45:00.000Z,64323.91000000,64342.52000000,64261.09000000,64264.00000000,21.00448000
1786063800000,2026-08-07T00:50:00.000Z,64263.99000000,64330.43000000,64263.99000000,64300.00000000,12.01577000
1786064100000,2026-08-07T00:55:00.000Z,64300.01000000,64320.00000000,64271.04000000,64317.99000000,16.86897000
1786064400000,2026-08-07T01:00:00.000Z,64318.00000000,64448.00000000,64317.99000000,64411.05000000,55.04339000
1786064700000,2026-08-07T01:05:00.000Z,64411.05000000,64426.82000000,64372.13000000,64373.03000000,22.15872000
1786065000000,2026-08-07T01:10:00.000Z,64373.03000000,64383.90000000,64347.25000000,64363.60000000,15.64535000
1786065300000,2026-08-07T01:15:00.000Z,64363.60000000,64363.60000000,64314.28000000,64353.99000000,20.05916000
1786065600000,2026-08-07T01:20:00.000Z,64353.99000000,64354.00000000,64322.95000000,64340.00000000,21.34619000
1786065900000,2026-08-07T01:25:00.000Z,64340.01000000,64430.00000000,64340.00000000,64427.26000000,48.88125000
1786066200000,2026-08-07T01:30:00.000Z,64427.26000000,64476.78000000,64421.15000000,64455.66000000,36.87390000
1786066500000,2026-08-07T01:35:00.000Z,64455.65000000,64455.66000000,64346.11000000,64346.11000000,30.01972000
1786066800000,2026-08-07T01:40:00.000Z,64346.11000000,64381.05000000,64300.00000000,64375.99000000,26.19662000
1786067100000,2026-08-07T01:45:00.000Z,64376.00000000,64430.64000000,64375.99000000,64430.63000000,18.36615000
1786067400000,2026-08-07T01:50:00.000Z,64430.63000000,64440.00000000,64388.00000000,64425.00000000,38.19107000
1786067700000,2026-08-07T01:55:00.000Z,64425.01000000,64445.44000000,64396.64000000,64422.55000000,18.24015000
1786068000000,2026-08-07T02:00:00.000Z,64422.54000000,64435.81000000,64400.00000000,64416.29000000,35.14802000
1786068300000,2026-08-07T02:05:00.000Z,64416.30000000,64416.30000000,64332.00000000,64334.59000000,23.38258000
1786068600000,2026-08-07T02:10:00.000Z,64334.59000000,64403.06000000,64252.09000000,64396.79000000,33.66862000
1786068900000,2026-08-07T02:15:00.000Z,64396.80000000,64544.00000000,64396.80000000,64462.23000000,90.42233000
1786069200000,2026-08-07T02:20:00.000Z,64462.24000000,64462.24000000,64325.73000000,64364.96000000,42.38592000
1786069500000,2026-08-07T02:25:00.000Z,64364.95000000,64364.96000000,64310.00000000,64314.74000000,28.85564000
1786069800000,2026-08-07T02:30:00.000Z,64314.74000000,64346.40000000,64305.05000000,64318.00000000,23.06895000
1786070100000,2026-08-07T02:35:00.000Z,64318.00000000,64369.65000000,64305.71000000,64305.71000000,14.85802000
1786070400000,2026-08-07T02:40:00.000Z,64305.71000000,64418.14000000,64280.00000000,64414.72000000,49.40151000
1786070700000,2026-08-07T02:45:00.000Z,64414.71000000,64441.36000000,64408.55000000,64425.74000000,19.82457000
1786071000000,2026-08-07T02:50:00.000Z,64425.75000000,64471.73000000,64425.75000000,64431.17000000,17.27793000
1786071300000,2026-08-07T02:55:00.000Z,64431.17000000,64431.17000000,64396.63000000,64399.87000000,10.40039000
1786071600000,2026-08-07T03:00:00.000Z,64399.88000000,64407.73000000,64320.29000000,64357.22000000,25.59827000
1786071900000,2026-08-07T03:05:00.000Z,64357.22000000,64391.93000000,64357.21000000,64374.00000000,9.35648000
1786072200000,2026-08-07T03:10:00.000Z,64374.01000000,64378.00000000,64328.32000000,64336.14000000,11.18575000
1786072500000,2026-08-07T03:15:00.000Z,64336.14000000,64340.01000000,64320.00000000,64322.12000000,6.05751000
1786072800000,2026-08-07T03:20:00.000Z,64322.11000000,64336.00000000,64260.00000000,64301.99000000,26.27833000
1786073100000,2026-08-07T03:25:00.000Z,64302.00000000,64344.60000000,64302.00000000,64320.48000000,9.72974000
1786073400000,2026-08-07T03:30:00.000Z,64320.49000000,64374.00000000,64318.00000000,64342.41000000,18.61674000
1786073700000,2026-08-07T03:35:00.000Z,64342.41000000,64353.20000000,64308.38000000,64320.01000000,19.68162000
1786074000000,2026-08-07T03:40:00.000Z,64320.01000000,64351.48000000,64320.01000000,64343.33000000,14.21670000
1786074300000,2026-08-07T03:45:00.000Z,64343.33000000,64343.34000000,64306.84000000,64341.99000000,13.02536000
1786074600000,2026-08-07T03:50:00.000Z,64342.00000000,64368.00000000,64300.47000000,64314.78000000,26.41535000
1786074900000,2026-08-07T03:55:00.000Z,64314.79000000,64314.79000000,64277.00000000,64289.99000000,19.80118000
1786075200000,2026-08-07T04:00:00.000Z,64289.99000000,64299.83000000,64250.55000000,64299.83000000,18.71999000
1786075500000,2026-08-07T04:05:00.000Z,64299.82000000,64323.60000000,64266.00000000,64310.00000000,10.79395000
1786075800000,2026-08-07T04:10:00.000Z,64310.01000000,64322.01000000,64307.01000000,64308.93000000,9.05629000
1786076100000,2026-08-07T04:15:00.000Z,64308.93000000,64342.00000000,64308.00000000,64341.99000000,10.90906000
1786076400000,2026-08-07T04:20:00.000Z,64341.99000000,64364.08000000,64312.28000000,64316.47000000,23.84573000
1786076700000,2026-08-07T04:25:00.000Z,64316.48000000,64316.48000000,64290.07000000,64302.01000000,19.19356000
1786077000000,2026-08-07T04:30:00.000Z,64302.00000000,64325.03000000,64290.00000000,64323.96000000,11.27553000
1786077300000,2026-08-07T04:35:00.000Z,64323.96000000,64355.20000000,64269.33000000,64275.99000000,26.11524000
1786077600000,2026-08-07T04:40:00.000Z,64276.00000000,64276.00000000,64258.00000000,64258.00000000,12.03689000
1786077900000,2026-08-07T04:45:00.000Z,64258.01000000,64266.68000000,64221.01000000,64232.54000000,28.20101000
1786078200000,2026-08-07T04:50:00.000Z,64232.54000000,64232.55000000,64166.00000000,64203.98000000,41.64476000
1786078500000,2026-08-07T04:55:00.000Z,64203.98000000,64255.14000000,64203.98000000,64255.13000000,11.10548000
1786078800000,2026-08-07T05:00:00.000Z,64255.14000000,64255.14000000,64237.30000000,64247.95000000,16.36710000
1786079100000,2026-08-07T05:05:00.000Z,64247.95000000,64248.00000000,64192.53000000,64247.83000000,27.82367000
1786079400000,2026-08-07T05:10:00.000Z,64247.83000000,64261.21000000,64232.65000000,64252.02000000,16.04446000
1786079700000,2026-08-07T05:15:00.000Z,64252.02000000,64256.67000000,64211.57000000,64211.57000000,18.03441000
1786080000000,2026-08-07T05:20:00.000Z,64211.57000000,64222.00000000,64177.62000000,64179.99000000,20.01870000
1786080300000,2026-08-07T05:25:00.000Z,64179.99000000,64182.00000000,64177.82000000,64178.00000000,8.43447000
1786080600000,2026-08-07T05:30:00.000Z,64178.01000000,64192.65000000,64178.00000000,64187.37000000,14.87366000
1786080900000,2026-08-07T05:35:00.000Z,64187.37000000,64223.16000000,64187.37000000,64223.15000000,14.66621000
1786081200000,2026-08-07T05:40:00.000Z,64223.16000000,64278.00000000,64223.15000000,64276.01000000,22.28797000
1786081500000,2026-08-07T05:45:00.000Z,64276.01000000,64322.00000000,64256.04000000,64317.99000000,30.05510000
1786081800000,2026-08-07T05:50:00.000Z,64318.00000000,64400.00000000,64318.00000000,64381.99000000,93.67862000
1786082100000,2026-08-07T05:55:00.000Z,64382.00000000,64382.00000000,64336.43000000,64336.43000000,38.92159000
1786082400000,2026-08-07T06:00:00.000Z,64336.42000000,64341.44000000,64316.12000000,64323.27000000,18.49265000
1786082700000,2026-08-07T06:05:00.000Z,64323.27000000,64362.00000000,64323.27000000,64341.34000000,20.40105000
1786083000000,2026-08-07T06:10:00.000Z,64341.34000000,64416.45000000,64341.33000000,64413.84000000,20.49228000
1786083300000,2026-08-07T06:15:00.000Z,64413.85000000,64419.99000000,64392.19000000,64412.88000000,26.59890000
1786083600000,2026-08-07T06:20:00.000Z,64412.89000000,64431.71000000,64382.05000000,64431.71000000,31.60649000
1786083900000,2026-08-07T06:25:00.000Z,64431.70000000,64463.75000000,64416.15000000,64416.15000000,26.51937000
1786084200000,2026-08-07T06:30:00.000Z,64416.16000000,64426.00000000,64344.53000000,64344.53000000,28.73403000
1786084500000,2026-08-07T06:35:00.000Z,64344.53000000,64381.34000000,64344.53000000,64364.32000000,20.15527000
1786084800000,2026-08-07T06:40:00.000Z,64364.32000000,64369.43000000,64348.82000000,64353.50000000,35.34983000
1786085100000,2026-08-07T06:45:00.000Z,64353.50000000,64372.51000000,64306.06000000,64311.99000000,60.30148000
1786085400000,2026-08-07T06:50:00.000Z,64312.00000000,64322.08000000,64283.91000000,64322.07000000,90.82370000
1786085700000,2026-08-07T06:55:00.000Z,64322.08000000,64337.34000000,64304.11000000,64304.12000000,72.79332000
1786086000000,2026-08-07T07:00:00.000Z,64304.12000000,64306.72000000,64264.00000000,64305.70000000,29.09882000
1786086300000,2026-08-07T07:05:00.000Z,64305.70000000,64351.68000000,64305.70000000,64351.67000000,51.02803000
1786086600000,2026-08-07T07:10:00.000Z,64351.68000000,64371.06000000,64338.39000000,64338.40000000,20.71781000
1786086900000,2026-08-07T07:15:00.000Z,64338.39000000,64350.20000000,64338.39000000,64343.55000000,20.04828000
1786087200000,2026-08-07T07:20:00.000Z,64343.56000000,64436.13000000,64333.00000000,64424.96000000,78.62456000
1786087500000,2026-08-07T07:25:00.000Z,64424.96000000,64424.97000000,64402.00000000,64408.45000000,33.55001000
1786087800000,2026-08-07T07:30:00.000Z,64408.45000000,64408.45000000,64378.54000000,64389.39000000,25.40950000
1786088100000,2026-08-07T07:35:00.000Z,64389.38000000,64418.14000000,64389.38000000,64390.01000000,29.29581000
1786088400000,2026-08-07T07:40:00.000Z,64390.01000000,64398.00000000,64371.86000000,64371.86000000,19.27668000
1786088700000,2026-08-07T07:45:00.000Z,64371.86000000,64371.87000000,64367.76000000,64367.76000000,21.58627000
1786089000000,2026-08-07T07:50:00.000Z,64367.76000000,64374.64000000,64367.76000000,64372.56000000,17.08159000
1786089300000,2026-08-07T07:55:00.000Z,64372.57000000,64372.57000000,64311.35000000,64319.84000000,36.67413000
1786089600000,2026-08-07T08:00:00.000Z,64319.84000000,64331.04000000,64304.22000000,64331.03000000,23.33545000
1786089900000,2026-08-07T08:05:00.000Z,64331.04000000,64354.63000000,64324.00000000,64324.00000000,27.44551000
1786090200000,2026-08-07T08:10:00.000Z,64324.01000000,64385.84000000,64315.03000000,64370.65000000,29.12772000
1786090500000,2026-08-07T08:15:00.000Z,64370.65000000,64440.00000000,64370.65000000,64425.55000000,28.61910000
1786090800000,2026-08-07T08:20:00.000Z,64425.55000000,64429.67000000,64398.02000000,64427.29000000,42.15063000
1786091100000,2026-08-07T08:25:00.000Z,64427.30000000,64455.25000000,64427.29000000,64450.84000000,17.30831000
1786091400000,2026-08-07T08:30:00.000Z,64450.83000000,64524.66000000,64450.83000000,64521.66000000,41.68076000
1786091700000,2026-08-07T08:35:00.000Z,64521.66000000,64523.24000000,64450.17000000,64485.00000000,30.06079000
1786092000000,2026-08-07T08:40:00.000Z,64485.00000000,64672.10000000,64484.99000000,64632.00000000,93.15311000
1786092300000,2026-08-07T08:45:00.000Z,64632.01000000,64632.01000000,64584.09000000,64603.28000000,46.05661000
1786092600000,2026-08-07T08:50:00.000Z,64603.27000000,64614.00000000,64589.93000000,64597.94000000,26.71925000
1786092900000,2026-08-07T08:55:00.000Z,64597.94000000,64600.00000000,64580.01000000,64600.00000000,27.56684000
1786093200000,2026-08-07T09:00:00.000Z,64600.00000000,64689.00000000,64599.99000000,64688.99000000,37.15550000
1786093500000,2026-08-07T09:05:00.000Z,64688.99000000,64692.00000000,64667.33000000,64692.00000000,35.48464000
1786093800000,2026-08-07T09:10:00.000Z,64691.99000000,64773.12000000,64691.99000000,64733.26000000,51.41536000
1786094100000,2026-08-07T09:15:00.000Z,64733.27000000,64777.90000000,64733.26000000,64777.90000000,36.90861000
1786094400000,2026-08-07T09:20:00.000Z,64777.91000000,64819.64000000,64738.59000000,64814.68000000,82.00860000
1786094700000,2026-08-07T09:25:00.000Z,64814.68000000,64885.91000000,64800.81000000,64833.99000000,198.67286000
1786095000000,2026-08-07T09:30:00.000Z,64834.00000000,64940.00000000,64809.07000000,64926.20000000,156.31133000
1786095300000,2026-08-07T09:35:00.000Z,64926.20000000,64965.00000000,64917.38000000,64936.99000000,64.54923000
1786095600000,2026-08-07T09:40:00.000Z,64936.99000000,64950.00000000,64883.94000000,64905.62000000,124.18583000
1786095900000,2026-08-07T09:45:00.000Z,64905.62000000,64910.00000000,64840.35000000,64895.03000000,70.24767000
1786096200000,2026-08-07T09:50:00.000Z,64895.04000000,64895.04000000,64845.61000000,64856.02000000,33.64221000
1786096500000,2026-08-07T09:55:00.000Z,64856.02000000,64856.03000000,64825.32000000,64839.32000000,26.56975000
1786096800000,2026-08-07T10:00:00.000Z,64839.32000000,64872.12000000,64803.82000000,64850.00000000,42.34935000
1786097100000,2026-08-07T10:05:00.000Z,64850.00000000,64862.00000000,64822.25000000,64839.71000000,23.16570000
1786097400000,2026-08-07T10:10:00.000Z,64839.71000000,64850.00000000,64826.33000000,64846.96000000,30.05667000
1786097700000,2026-08-07T10:15:00.000Z,64846.97000000,64862.00000000,64840.00000000,64861.13000000,16.22822000
1786098000000,2026-08-07T10:20:00.000Z,64861.13000000,64864.94000000,64812.00000000,64812.00000000,56.91236000
1786098300000,2026-08-07T10:25:00.000Z,64812.01000000,64895.04000000,64802.00000000,64895.04000000,31.50972000
1786098600000,2026-08-07T10:30:00.000Z,64895.03000000,64916.00000000,64877.96000000,64877.97000000,40.30683000
1786098900000,2026-08-07T10:35:00.000Z,64877.96000000,64887.48000000,64860.15000000,64863.69000000,33.84075000
1786099200000,2026-08-07T10:40:00.000Z,64863.70000000,64880.02000000,64855.73000000,64863.99000000,24.51899000
1786099500000,2026-08-07T10:45:00.000Z,64864.00000000,64894.55000000,64861.87000000,64891.98000000,31.73756000
1786099800000,2026-08-07T10:50:00.000Z,64891.98000000,64910.70000000,64888.00000000,64893.06000000,22.68031000
1786100100000,2026-08-07T10:55:00.000Z,64893.06000000,64894.21000000,64893.05000000,64893.98000000,9.40980000
1786100400000,2026-08-07T11:00:00.000Z,64893.99000000,64973.89000000,64893.64000000,64963.01000000,46.05268000
1786100700000,2026-08-07T11:05:00.000Z,64963.00000000,64976.00000000,64959.99000000,64976.00000000,12.13168000
1786101000000,2026-08-07T11:10:00.000Z,64976.00000000,64977.85000000,64955.87000000,64963.00000000,28.29755000
1786101300000,2026-08-07T11:15:00.000Z,64962.99000000,65016.65000000,64934.52000000,64934.53000000,123.33011000
1786101600000,2026-08-07T11:20:00.000Z,64934.52000000,65213.33000000,64934.52000000,65137.77000000,174.30747000
1786101900000,2026-08-07T11:25:00.000Z,65137.77000000,65138.59000000,65084.82000000,65084.82000000,46.64618000
1786102200000,2026-08-07T11:30:00.000Z,65084.82000000,65099.99000000,65015.99000000,65027.70000000,59.05205000
1786102500000,2026-08-07T11:35:00.000Z,65027.71000000,65088.11000000,65025.00000000,65081.21000000,45.91359000
1786102800000,2026-08-07T11:40:00.000Z,65081.20000000,65086.16000000,65026.87000000,65026.87000000,45.61494000
1786103100000,2026-08-07T11:45:00.000Z,65026.87000000,65044.37000000,65026.87000000,65043.25000000,18.75457000
1786103400000,2026-08-07T11:50:00.000Z,65043.24000000,65044.31000000,65000.00000000,65023.30000000,31.62691000
1786103700000,2026-08-07T11:55:00.000Z,65023.31000000,65029.98000000,65018.25000000,65029.98000000,20.94668000
1786104000000,2026-08-07T12:00:00.000Z,65029.98000000,65083.44000000,65029.97000000,65044.38000000,52.73584000
1786104300000,2026-08-07T12:05:00.000Z,65044.37000000,65153.02000000,65037.96000000,65148.75000000,45.97482000
1786104600000,2026-08-07T12:10:00.000Z,65148.75000000,65280.60000000,65148.75000000,65213.99000000,138.67204000
1786104900000,2026-08-07T12:15:00.000Z,65214.00000000,65235.89000000,65163.72000000,65163.72000000,51.99340000
1786105200000,2026-08-07T12:20:00.000Z,65163.72000000,65163.73000000,65105.05000000,65116.00000000,36.09577000
1786105500000,2026-08-07T12:25:00.000Z,65116.00000000,65137.83000000,65055.93000000,65128.51000000,64.20259000
1786105800000,2026-08-07T12:30:00.000Z,65129.11000000,65365.60000000,64988.00000000,65003.99000000,312.78529000
1786106100000,2026-08-07T12:35:00.000Z,65003.99000000,65156.34000000,64986.26000000,65142.19000000,93.44579000
1786106400000,2026-08-07T12:40:00.000Z,65142.19000000,65214.00000000,65130.00000000,65160.28000000,155.82524000
1786106700000,2026-08-07T12:45:00.000Z,65160.27000000,65254.97000000,65160.27000000,65247.25000000,128.53345000
1786107000000,2026-08-07T12:50:00.000Z,65247.25000000,65345.33000000,65247.25000000,65345.32000000,170.77136000
1786107300000,2026-08-07T12:55:00.000Z,65345.33000000,65390.99000000,65261.39000000,65292.32000000,161.72801000
1786107600000,2026-08-07T13:00:00.000Z,65292.31000000,65300.00000000,65189.31000000,65291.13000000,91.87890000
1786107900000,2026-08-07T13:05:00.000Z,65291.14000000,65330.00000000,65250.00000000,65255.08000000,55.77753000
1786108200000,2026-08-07T13:10:00.000Z,65255.08000000,65255.08000000,65208.01000000,65223.48000000,47.86545000
1786108500000,2026-08-07T13:15:00.000Z,65223.47000000,65271.18000000,65214.53000000,65270.00000000,39.29828000
1786108800000,2026-08-07T13:20:00.000Z,65270.00000000,65277.77000000,65178.70000000,65178.71000000,59.80156000
1786109100000,2026-08-07T13:25:00.000Z,65178.70000000,65196.00000000,65114.67000000,65163.16000000,88.67653000
1786109400000,2026-08-07T13:30:00.000Z,65163.16000000,65328.31000000,65106.81000000,65298.48000000,113.69928000
1786109700000,2026-08-07T13:35:00.000Z,65298.47000000,65316.52000000,65123.49000000,65299.70000000,114.14819000
1786110000000,2026-08-07T13:40:00.000Z,65299.70000000,65321.77000000,65184.00000000,65308.35000000,126.58046000
1786110300000,2026-08-07T13:45:00.000Z,65308.35000000,65338.00000000,65104.00000000,65223.48000000,114.34439000
1786110600000,2026-08-07T13:50:00.000Z,65223.49000000,65280.24000000,65107.29000000,65136.55000000,220.73986000
1786110900000,2026-08-07T13:55:00.000Z,65136.55000000,65157.38000000,64984.68000000,65009.24000000,198.44182000
1786111200000,2026-08-07T14:00:00.000Z,65009.23000000,65041.99000000,64844.07000000,64857.91000000,163.66391000
1786111500000,2026-08-07T14:05:00.000Z,64857.91000000,64892.00000000,64808.00000000,64824.47000000,75.74828000
1786111800000,2026-08-07T14:10:00.000Z,64824.47000000,64898.11000000,64788.00000000,64830.84000000,70.47334000
1786112100000,2026-08-07T14:15:00.000Z,64830.84000000,64998.81000000,64800.00000000,64994.78000000,63.67681000
1786112400000,2026-08-07T14:20:00.000Z,64994.78000000,65078.97000000,64994.00000000,65075.71000000,83.46087000
1786112700000,2026-08-07T14:25:00.000Z,65075.72000000,65235.99000000,65068.64000000,65190.00000000,75.61333000
1786113000000,2026-08-07T14:30:00.000Z,65190.00000000,65201.18000000,65098.00000000,65194.00000000,84.44588000
1786113300000,2026-08-07T14:35:00.000Z,65194.00000000,65275.03000000,65136.35000000,65160.46000000,97.51548000
1786113600000,2026-08-07T14:40:00.000Z,65160.46000000,65211.37000000,65091.63000000,65100.46000000,71.78479000
1786113900000,2026-08-07T14:45:00.000Z,65100.46000000,65155.99000000,65073.10000000,65093.12000000,73.14408000
1786114200000,2026-08-07T14:50:00.000Z,65093.12000000,65117.51000000,64957.37000000,64992.87000000,78.44505000
1786114500000,2026-08-07T14:55:00.000Z,64993.22000000,65042.58000000,64950.00000000,64957.98000000,44.61389000
1786114800000,2026-08-07T15:00:00.000Z,64957.98000000,64978.67000000,64894.83000000,64894.83000000,64.55367000
1786115100000,2026-08-07T15:05:00.000Z,64894.84000000,65027.14000000,64894.84000000,65027.13000000,35.14651000
1786115400000,2026-08-07T15:10:00.000Z,65027.13000000,65040.84000000,64942.86000000,64966.00000000,28.58243000
1786115700000,2026-08-07T15:15:00.000Z,64965.99000000,65002.00000000,64933.82000000,64984.76000000,29.85728000
1786116000000,2026-08-07T15:20:00.000Z,64984.76000000,65040.00000000,64970.47000000,65029.99000000,26.47508000
1786116300000,2026-08-07T15:25:00.000Z,65030.00000000,65066.00000000,65012.98000000,65025.99000000,30.94273000
1786116600000,2026-08-07T15:30:00.000Z,65026.00000000,65136.17000000,65013.04000000,65059.81000000,46.08911000
1786116900000,2026-08-07T15:35:00.000Z,65059.81000000,65084.00000000,64992.72000000,64999.99000000,37.33085000
1786117200000,2026-08-07T15:40:00.000Z,65000.00000000,65045.36000000,64996.00000000,65020.82000000,37.35113000
1786117500000,2026-08-07T15:45:00.000Z,65020.82000000,65022.49000000,64986.08000000,65005.23000000,50.90068000
1786117800000,2026-08-07T15:50:00.000Z,65005.23000000,65026.00000000,64935.96000000,64954.75000000,36.75972000
1786118100000,2026-08-07T15:55:00.000Z,64954.75000000,64968.04000000,64910.12000000,64912.72000000,44.03871000
1786118400000,2026-08-07T16:00:00.000Z,64912.71000000,64977.62000000,64912.71000000,64974.93000000,60.05913000
1786118700000,2026-08-07T16:05:00.000Z,64974.94000000,65023.99000000,64974.93000000,65023.99000000,27.63768000
1786119000000,2026-08-07T16:10:00.000Z,65024.00000000,65072.31000000,65000.00000000,65045.05000000,23.43050000
1786119300000,2026-08-07T16:15:00.000Z,65045.04000000,65051.82000000,64978.00000000,64987.67000000,35.50665000
1786119600000,2026-08-07T16:20:00.000Z,64987.67000000,65040.36000000,64907.54000000,64925.82000000,62.49490000
1786119900000,2026-08-07T16:25:00.000Z,64925.83000000,64940.70000000,64894.83000000,64932.36000000,40.28258000
1786120200000,2026-08-07T16:30:00.000Z,64932.37000000,64967.60000000,64872.62000000,64962.00000000,93.76016000
1786120500000,2026-08-07T16:35:00.000Z,64962.00000000,64971.71000000,64928.00000000,64954.69000000,17.56691000
1786120800000,2026-08-07T16:40:00.000Z,64954.70000000,64966.03000000,64941.28000000,64949.64000000,19.37635000
1786121100000,2026-08-07T16:45:00.000Z,64949.63000000,64950.78000000,64912.00000000,64931.75000000,29.62478000
1786121400000,2026-08-07T16:50:00.000Z,64931.76000000,64950.40000000,64875.51000000,64875.51000000,25.13258000
1786121700000,2026-08-07T16:55:00.000Z,64875.51000000,64875.52000000,64814.00000000,64814.00000000,50.46402000
1786122000000,2026-08-07T17:00:00.000Z,64814.01000000,64828.82000000,64708.00000000,64756.00000000,128.16609000
1786122300000,2026-08-07T17:05:00.000Z,64756.00000000,64814.00000000,64742.67000000,64784.64000000,57.80561000
1786122600000,2026-08-07T17:10:00.000Z,64784.65000000,64786.00000000,64700.00000000,64700.39000000,22.28897000
1786122900000,2026-08-07T17:15:00.000Z,64700.39000000,64735.02000000,64662.40000000,64703.92000000,33.73442000
1786123200000,2026-08-07T17:20:00.000Z,64703.93000000,64726.30000000,64623.47000000,64628.23000000,36.66458000
1786123500000,2026-08-07T17:25:00.000Z,64628.24000000,64630.87000000,64582.42000000,64599.99000000,80.94169000
1786123800000,2026-08-07T17:30:00.000Z,64599.99000000,64599.99000000,64525.00000000,64591.99000000,71.29933000
1786124100000,2026-08-07T17:35:00.000Z,64591.99000000,64682.43000000,64544.43000000,64678.65000000,51.72082000
1786124400000,2026-08-07T17:40:00.000Z,64678.66000000,64688.00000000,64657.74000000,64679.99000000,28.16801000
1786124700000,2026-08-07T17:45:00.000Z,64680.00000000,64739.13000000,64660.02000000,64660.02000000,29.70209000
1786125000000,2026-08-07T17:50:00.000Z,64660.02000000,64722.00000000,64660.02000000,64720.48000000,37.23950000
1786125300000,2026-08-07T17:55:00.000Z,64720.48000000,64764.33000000,64720.48000000,64764.33000000,25.92605000
1786125600000,2026-08-07T18:00:00.000Z,64764.33000000,64862.02000000,64762.00000000,64861.34000000,31.81221000
1786125900000,2026-08-07T18:05:00.000Z,64861.33000000,64872.00000000,64840.24000000,64862.00000000,17.71965000
1786126200000,2026-08-07T18:10:00.000Z,64862.00000000,64881.13000000,64845.74000000,64847.99000000,16.86957000
1786126500000,2026-08-07T18:15:00.000Z,64848.00000000,64864.66000000,64814.00000000,64840.00000000,16.62674000
1786126800000,2026-08-07T18:20:00.000Z,64840.01000000,64840.01000000,64800.00000000,64800.00000000,12.83043000
1786127100000,2026-08-07T18:25:00.000Z,64800.00000000,64828.81000000,64794.68000000,64809.38000000,16.81919000
1786127400000,2026-08-07T18:30:00.000Z,64809.39000000,64839.85000000,64796.01000000,64796.01000000,13.48608000
1786127700000,2026-08-07T18:35:00.000Z,64796.00000000,64796.50000000,64747.18000000,64758.56000000,20.75504000
1786128000000,2026-08-07T18:40:00.000Z,64758.55000000,64786.00000000,64727.26000000,64727.27000000,25.51041000
1786128300000,2026-08-07T18:45:00.000Z,64727.26000000,64750.93000000,64701.99000000,64709.04000000,23.76769000
1786128600000,2026-08-07T18:50:00.000Z,64709.04000000,64714.07000000,64676.00000000,64676.01000000,10.18595000
1786128900000,2026-08-07T18:55:00.000Z,64676.00000000,64738.49000000,64676.00000000,64735.51000000,19.05908000
1786129200000,2026-08-07T19:00:00.000Z,64735.52000000,64850.00000000,64735.52000000,64783.94000000,29.89204000
1786129500000,2026-08-07T19:05:00.000Z,64783.93000000,64851.42000000,64783.93000000,64851.42000000,22.17883000
1786129800000,2026-08-07T19:10:00.000Z,64851.42000000,64872.00000000,64823.55000000,64839.97000000,21.34111000
1786130100000,2026-08-07T19:15:00.000Z,64839.97000000,64892.48000000,64839.97000000,64887.36000000,23.78020000
1786130400000,2026-08-07T19:20:00.000Z,64887.36000000,64950.00000000,64886.78000000,64934.00000000,23.97976000
1786130700000,2026-08-07T19:25:00.000Z,64934.00000000,64984.86000000,64933.23000000,64940.69000000,36.96756000
1786131000000,2026-08-07T19:30:00.000Z,64940.70000000,64992.58000000,64936.00000000,64989.72000000,36.81651000
1786131300000,2026-08-07T19:35:00.000Z,64989.71000000,65039.42000000,64948.00000000,64991.98000000,75.04276000
1786131600000,2026-08-07T19:40:00.000Z,64991.98000000,65017.79000000,64972.01000000,64972.01000000,36.82960000
1786131900000,2026-08-07T19:45:00.000Z,64972.01000000,65006.04000000,64970.02000000,64970.02000000,22.02423000
1786132200000,2026-08-07T19:50:00.000Z,64970.02000000,64994.90000000,64945.37000000,64951.99000000,32.00887000
1786132500000,2026-08-07T19:55:00.000Z,64951.99000000,64986.45000000,64951.99000000,64960.47000000,37.69075000
1786132800000,2026-08-07T20:00:00.000Z,64960.46000000,65053.56000000,64958.14000000,64980.16000000,74.45989000
1786133100000,2026-08-07T20:05:00.000Z,64980.17000000,65010.88000000,64953.08000000,65003.78000000,30.38379000
1786133400000,2026-08-07T20:10:00.000Z,65003.79000000,65003.79000000,64985.15000000,64987.45000000,14.73634000
1786133700000,2026-08-07T20:15:00.000Z,64987.45000000,64988.12000000,64969.87000000,64975.48000000,20.34302000
1786134000000,2026-08-07T20:20:00.000Z,64975.47000000,64988.95000000,64957.50000000,64988.95000000,14.47176000
1786134300000,2026-08-07T20:25:00.000Z,64988.95000000,65002.00000000,64980.08000000,64980.09000000,9.47981000
1786134600000,2026-08-07T20:30:00.000Z,64980.09000000,64980.09000000,64948.00000000,64948.01000000,7.97071000
1786134900000,2026-08-07T20:35:00.000Z,64948.00000000,64958.72000000,64948.00000000,64958.72000000,16.69014000
1786135200000,2026-08-07T20:40:00.000Z,64958.71000000,64958.72000000,64956.02000000,64956.02000000,8.98606000
1786135500000,2026-08-07T20:45:00.000Z,64956.03000000,64970.00000000,64956.02000000,64970.00000000,17.48319000
1786135800000,2026-08-07T20:50:00.000Z,64970.00000000,64975.01000000,64962.51000000,64972.02000000,13.54296000
1786136100000,2026-08-07T20:55:00.000Z,64972.01000000,64972.02000000,64967.40000000,64972.00000000,9.94884000
1786136400000,2026-08-07T21:00:00.000Z,64972.00000000,64972.42000000,64971.51000000,64972.42000000,4.94033000
1786136700000,2026-08-07T21:05:00.000Z,64972.41000000,64972.86000000,64972.41000000,64972.43000000,18.52907000
1786137000000,2026-08-07T21:10:00.000Z,64972.42000000,65020.00000000,64967.82000000,65001.01000000,28.78490000
1786137300000,2026-08-07T21:15:00.000Z,65001.01000000,65012.01000000,64958.19000000,64963.07000000,13.65372000
1786137600000,2026-08-07T21:20:00.000Z,64963.06000000,64987.91000000,64950.97000000,64987.90000000,15.45749000
1786137900000,2026-08-07T21:25:00.000Z,64987.91000000,64996.30000000,64986.32000000,64996.30000000,7.10299000
1786138200000,2026-08-07T21:30:00.000Z,64996.30000000,65012.01000000,64996.29000000,65008.00000000,12.69178000
1786138500000,2026-08-07T21:35:00.000Z,65008.00000000,65018.00000000,65005.31000000,65015.99000000,15.45586000
1786138800000,2026-08-07T21:40:00.000Z,65015.99000000,65102.00000000,65015.99000000,65024.73000000,38.89888000
1786139100000,2026-08-07T21:45:00.000Z,65024.74000000,65034.15000000,64970.11000000,64974.38000000,9.51601000
1786139400000,2026-08-07T21:50:00.000Z,64974.37000000,64974.69000000,64947.73000000,64947.74000000,11.62111000
1786139700000,2026-08-07T21:55:00.000Z,64947.74000000,64947.74000000,64928.00000000,64928.01000000,10.93192000
1786140000000,2026-08-07T22:00:00.000Z,64928.02000000,64930.50000000,64900.86000000,64909.07000000,36.14157000
1786140300000,2026-08-07T22:05:00.000Z,64909.07000000,64923.17000000,64909.06000000,64923.17000000,3.44521000
1786140600000,2026-08-07T22:10:00.000Z,64923.17000000,64932.08000000,64922.15000000,64932.08000000,4.62831000
1786140900000,2026-08-07T22:15:00.000Z,64932.07000000,64947.70000000,64909.55000000,64909.55000000,54.80992000
1786141200000,2026-08-07T22:20:00.000Z,64909.55000000,64924.40000000,64909.55000000,64924.40000000,25.67423000
1786141500000,2026-08-07T22:25:00.000Z,64924.40000000,64924.97000000,64924.39000000,64924.97000000,2.08448000
1786141800000,2026-08-07T22:30:00.000Z,64924.96000000,64924.97000000,64872.67000000,64881.99000000,27.92429000
1786142100000,2026-08-07T22:35:00.000Z,64882.00000000,64882.00000000,64846.00000000,64872.00000000,16.25051000
1786142400000,2026-08-07T22:40:00.000Z,64871.99000000,64877.29000000,64846.00000000,64877.29000000,22.38521000
1786142700000,2026-08-07T22:45:00.000Z,64877.28000000,64898.90000000,64877.28000000,64898.90000000,17.71753000
1786143000000,2026-08-07T22:50:00.000Z,64898.89000000,64921.53000000,64878.65000000,64878.66000000,65.68654000
1786143300000,2026-08-07T22:55:00.000Z,64878.65000000,64888.01000000,64878.65000000,64888.00000000,27.36699000
1786143600000,2026-08-07T23:00:00.000Z,64888.00000000,64890.14000000,64883.78000000,64890.13000000,19.49575000
1786143900000,2026-08-07T23:05:00.000Z,64890.14000000,64890.14000000,64888.90000000,64888.90000000,7.42730000
1786144200000,2026-08-07T23:10:00.000Z,64888.90000000,64890.14000000,64887.60000000,64890.02000000,20.40747000
1786144500000,2026-08-07T23:15:00.000Z,64890.02000000,64890.02000000,64869.99000000,64870.00000000,82.15889000
1786144800000,2026-08-07T23:20:00.000Z,64870.00000000,64880.13000000,64869.99000000,64880.12000000,10.13783000
1786145100000,2026-08-07T23:25:00.000Z,64880.13000000,64888.70000000,64880.12000000,64888.70000000,16.67885000
1786145400000,2026-08-07T23:30:00.000Z,64888.70000000,64889.06000000,64886.01000000,64889.06000000,29.22026000
1786145700000,2026-08-07T23:35:00.000Z,64889.07000000,64900.01000000,64889.06000000,64900.01000000,25.18295000
1786146000000,2026-08-07T23:40:00.000Z,64900.01000000,64901.20000000,64894.00000000,64901.20000000,13.74338000
1786146300000,2026-08-07T23:45:00.000Z,64901.20000000,64914.00000000,64901.19000000,64914.00000000,6.31894000
1786146600000,2026-08-07T23:50:00.000Z,64914.00000000,64917.69000000,64913.99000000,64917.68000000,17.30701000
1786146900000,2026-08-07T23:55:00.000Z,64917.68000000,64923.20000000,64917.68000000,64923.19000000,11.85178000
1786147200000,2026-08-08T00:00:00.000Z,64923.20000000,64923.20000000,64907.96000000,64920.41000000,32.66892000
1786147500000,2026-08-08T00:05:00.000Z,64920.42000000,64954.00000000,64900.14000000,64900.15000000,42.79178000
1786147800000,2026-08-08T00:10:00.000Z,64900.14000000,64901.00000000,64900.14000000,64901.00000000,13.73866000
1786148100000,2026-08-08T00:15:00.000Z,64901.01000000,64901.01000000,64784.19000000,64828.82000000,122.81962000
1786148400000,2026-08-08T00:20:00.000Z,64828.82000000,64861.73000000,64828.81000000,64861.73000000,7.09976000
1786148700000,2026-08-08T00:25:00.000Z,64861.73000000,64881.78000000,64861.72000000,64881.78000000,4.15858000
1786149000000,2026-08-08T00:30:00.000Z,64881.78000000,64886.90000000,64874.32000000,64886.01000000,27.97654000
1786149300000,2026-08-08T00:35:00.000Z,64886.00000000,64896.76000000,64874.39000000,64896.76000000,55.21362000
1786149600000,2026-08-08T00:40:00.000Z,64896.75000000,64900.90000000,64870.27000000,64900.89000000,44.33946000
1786149900000,2026-08-08T00:45:00.000Z,64900.90000000,64901.94000000,64900.00000000,64900.00000000,9.89511000
1786150200000,2026-08-08T00:50:00.000Z,64899.79000000,64913.41000000,64899.78000000,64913.41000000,9.85007000
1786150500000,2026-08-08T00:55:00.000Z,64913.40000000,64929.01000000,64912.00000000,64929.01000000,62.04258000
1786150800000,2026-08-08T01:00:00.000Z,64929.01000000,64929.01000000,64913.59000000,64918.92000000,9.13764000
1786151100000,2026-08-08T01:05:00.000Z,64918.93000000,64918.93000000,64910.01000000,64914.49000000,25.06713000
1786151400000,2026-08-08T01:10:00.000Z,64914.48000000,64965.00000000,64912.00000000,64957.15000000,112.86139000
1786151700000,2026-08-08T01:15:00.000Z,64957.16000000,64957.16000000,64923.12000000,64942.57000000,16.33703000
1786152000000,2026-08-08T01:20:00.000Z,64942.57000000,64942.57000000,64917.13000000,64920.60000000,8.79570000
1786152300000,2026-08-08T01:25:00.000Z,64920.60000000,64920.60000000,64908.97000000,64908.97000000,7.58858000
1786152600000,2026-08-08T01:30:00.000Z,64908.98000000,64921.29000000,64908.97000000,64919.99000000,14.59955000
1786152900000,2026-08-08T01:35:00.000Z,64919.99000000,64940.25000000,64919.99000000,64932.98000000,17.89165000
1786153200000,2026-08-08T01:40:00.000Z,64932.98000000,64936.30000000,64932.38000000,64935.00000000,18.40525000
1786153500000,2026-08-08T01:45:00.000Z,64934.99000000,64934.99000000,64909.55000000,64924.19000000,30.41365000
1786153800000,2026-08-08T01:50:00.000Z,64924.20000000,64924.20000000,64922.33000000,64922.33000000,5.14987000
1786154100000,2026-08-08T01:55:00.000Z,64922.34000000,64922.34000000,64911.79000000,64911.79000000,16.87559000
1786154400000,2026-08-08T02:00:00.000Z,64911.80000000,64911.80000000,64900.25000000,64909.72000000,22.99887000
1786154700000,2026-08-08T02:05:00.000Z,64909.73000000,64913.39000000,64900.95000000,64900.95000000,24.16122000
1786155000000,2026-08-08T02:10:00.000Z,64900.96000000,64904.40000000,64894.49000000,64904.40000000,29.38131000
1786155300000,2026-08-08T02:15:00.000Z,64904.39000000,64908.82000000,64901.09000000,64908.82000000,19.91992000
1786155600000,2026-08-08T02:20:00.000Z,64908.81000000,64918.00000000,64905.85000000,64907.56000000,31.45665000
1786155900000,2026-08-08T02:25:00.000Z,64907.55000000,64929.94000000,64907.55000000,64929.94000000,7.42986000
1786156200000,2026-08-08T02:30:00.000Z,64929.94000000,64957.47000000,64916.00000000,64916.00000000,96.04272000
1786156500000,2026-08-08T02:35:00.000Z,64916.01000000,64924.00000000,64911.68000000,64923.99000000,38.05901000
1786156800000,2026-08-08T02:40:00.000Z,64923.99000000,64923.99000000,64922.45000000,64922.46000000,4.46038000
1786157100000,2026-08-08T02:45:00.000Z,64922.45000000,64930.13000000,64918.27000000,64930.12000000,16.26593000
1786157400000,2026-08-08T02:50:00.000Z,64930.12000000,64930.13000000,64923.91000000,64923.94000000,15.63260000
1786157700000,2026-08-08T02:55:00.000Z,64923.94000000,64923.98000000,64923.93000000,64923.97000000,11.65264000
1786158000000,2026-08-08T03:00:00.000Z,64923.98000000,64950.03000000,64918.28000000,64943.68000000,72.13442000
1786158300000,2026-08-08T03:05:00.000Z,64943.69000000,64943.69000000,64933.33000000,64933.33000000,8.23245000
1786158600000,2026-08-08T03:10:00.000Z,64933.33000000,64938.00000000,64932.86000000,64932.87000000,17.43926000
1786158900000,2026-08-08T03:15:00.000Z,64932.87000000,64993.62000000,64932.86000000,64993.61000000,15.19670000
1786159200000,2026-08-08T03:20:00.000Z,64993.62000000,65022.96000000,64993.61000000,65009.75000000,15.41650000
1786159500000,2026-08-08T03:25:00.000Z,65009.76000000,65046.24000000,65001.79000000,65030.01000000,49.74133000
1786159800000,2026-08-08T03:30:00.000Z,65030.00000000,65061.41000000,65030.00000000,65061.41000000,20.89457000
1786160100000,2026-08-08T03:35:00.000Z,65061.40000000,65074.18000000,65020.00000000,65020.00000000,36.28153000
1786160400000,2026-08-08T03:40:00.000Z,65020.00000000,65020.01000000,65007.49000000,65015.61000000,16.17122000
1786160700000,2026-08-08T03:45:00.000Z,65015.60000000,65031.49000000,65015.60000000,65031.49000000,4.69643000
1786161000000,2026-08-08T03:50:00.000Z,65031.49000000,65031.49000000,65000.00000000,65000.00000000,8.14054000
1786161300000,2026-08-08T03:55:00.000Z,65000.01000000,65033.14000000,65000.01000000,65033.00000000,13.04747000
1786161600000,2026-08-08T04:00:00.000Z,65033.00000000,65067.73000000,65015.35000000,65033.01000000,21.11152000
1786161900000,2026-08-08T04:05:00.000Z,65033.01000000,65033.02000000,64971.18000000,64976.00000000,37.00633000
1786162200000,2026-08-08T04:10:00.000Z,64976.01000000,64981.61000000,64976.00000000,64981.60000000,4.71503000
1786162500000,2026-08-08T04:15:00.000Z,64981.61000000,64993.44000000,64976.00000000,64993.44000000,9.31656000
1786162800000,2026-08-08T04:20:00.000Z,64993.43000000,64993.44000000,64984.34000000,64984.34000000,6.44697000
1786163100000,2026-08-08T04:25:00.000Z,64984.34000000,65001.46000000,64982.41000000,65001.45000000,9.64809000
1786163400000,2026-08-08T04:30:00.000Z,65001.45000000,65047.54000000,65000.00000000,65018.46000000,26.63515000
1786163700000,2026-08-08T04:35:00.000Z,65018.47000000,65036.00000000,65018.46000000,65035.99000000,5.87212000
1786164000000,2026-08-08T04:40:00.000Z,65035.99000000,65071.15000000,65034.57000000,65038.66000000,31.19044000
1786164300000,2026-08-08T04:45:00.000Z,65038.67000000,65038.67000000,65031.50000000,65031.50000000,6.65485000
1786164600000,2026-08-08T04:50:00.000Z,65031.51000000,65031.51000000,65011.68000000,65014.01000000,7.74591000
1786164900000,2026-08-08T04:55:00.000Z,65014.01000000,65014.01000000,65000.52000000,65013.58000000,33.49317000
1786165200000,2026-08-08T05:00:00.000Z,65013.58000000,65013.58000000,65009.21000000,65009.70000000,8.50214000
1786165500000,2026-08-08T05:05:00.000Z,65009.70000000,65013.58000000,65000.00000000,65000.00000000,26.27636000
1786165800000,2026-08-08T05:10:00.000Z,65000.00000000,65000.01000000,64994.00000000,64994.01000000,4.84789000
1786166100000,2026-08-08T05:15:00.000Z,64994.01000000,65001.78000000,64994.00000000,65001.77000000,5.84655000
1786166400000,2026-08-08T05:20:00.000Z,65001.78000000,65017.05000000,65001.77000000,65017.05000000,5.02227000
1786166700000,2026-08-08T05:25:00.000Z,65017.05000000,65018.64000000,65012.29000000,65018.63000000,8.27463000
1786167000000,2026-08-08T05:30:00.000Z,65018.63000000,65018.64000000,65012.29000000,65017.73000000,6.77016000
1786167300000,2026-08-08T05:35:00.000Z,65017.73000000,65017.74000000,65017.72000000,65017.73000000,5.52190000
1786167600000,2026-08-08T05:40:00.000Z,65017.74000000,65017.74000000,65017.72000000,65017.72000000,9.54864000
1786167900000,2026-08-08T05:45:00.000Z,65017.72000000,65017.74000000,65002.09000000,65002.09000000,12.55022000
1786168200000,2026-08-08T05:50:00.000Z,65002.10000000,65002.10000000,64976.00000000,64982.29000000,12.98667000
1786168500000,2026-08-08T05:55:00.000Z,64982.29000000,64995.40000000,64982.29000000,64995.39000000,12.76586000
1786168800000,2026-08-08T06:00:00.000Z,64995.39000000,65000.49000000,64990.00000000,64990.00000000,8.70489000
1786169100000,2026-08-08T06:05:00.000Z,64990.00000000,64990.01000000,64980.96000000,64981.24000000,3.71806000
1786169400000,2026-08-08T06:10:00.000Z,64981.24000000,64983.68000000,64980.25000000,64980.26000000,5.39048000
1786169700000,2026-08-08T06:15:00.000Z,64980.25000000,64980.26000000,64976.98000000,64976.99000000,6.86612000
1786170000000,2026-08-08T06:20:00.000Z,64976.99000000,64980.26000000,64976.98000000,64980.26000000,13.57397000
1786170300000,2026-08-08T06:25:00.000Z,64980.26000000,64985.75000000,64967.67000000,64967.99000000,52.44999000
1786170600000,2026-08-08T06:30:00.000Z,64968.00000000,64975.06000000,64968.00000000,64968.40000000,16.21495000
1786170900000,2026-08-08T06:35:00.000Z,64968.40000000,64968.40000000,64968.39000000,64968.39000000,4.94132000
1786171200000,2026-08-08T06:40:00.000Z,64968.40000000,64990.02000000,64959.81000000,64990.02000000,91.47534000
1786171500000,2026-08-08T06:45:00.000Z,64990.01000000,65007.32000000,64990.01000000,65006.49000000,58.60033000
1786171800000,2026-08-08T06:50:00.000Z,65006.50000000,65014.00000000,65006.49000000,65007.13000000,15.33982000
1786172100000,2026-08-08T06:55:00.000Z,65006.60000000,65007.49000000,65006.59000000,65006.61000000,21.08147000
1786172400000,2026-08-08T07:00:00.000Z,65006.61000000,65006.61000000,65004.95000000,65004.95000000,25.66366000
1786172700000,2026-08-08T07:05:00.000Z,65004.95000000,65004.96000000,65004.95000000,65004.96000000,9.69613000
1786173000000,2026-08-08T07:10:00.000Z,65004.95000000,65004.96000000,64994.22000000,64994.23000000,14.08789000
1786173300000,2026-08-08T07:15:00.000Z,64994.23000000,64994.23000000,64989.57000000,64989.58000000,14.17179000
1786173600000,2026-08-08T07:20:00.000Z,64989.57000000,64995.03000000,64989.57000000,64995.03000000,14.70573000
1786173900000,2026-08-08T07:25:00.000Z,64995.03000000,64995.95000000,64995.02000000,64995.94000000,4.14324000
1786174200000,2026-08-08T07:30:00.000Z,64995.94000000,64995.95000000,64995.94000000,64995.94000000,4.39672000
1786174500000,2026-08-08T07:35:00.000Z,64995.95000000,64995.95000000,64956.07000000,64956.08000000,14.48897000
1786174800000,2026-08-08T07:40:00.000Z,64956.07000000,64961.40000000,64951.34000000,64954.10000000,47.94088000
1786175100000,2026-08-08T07:45:00.000Z,64954.11000000,64954.11000000,64952.69000000,64954.02000000,8.34756000
1786175400000,2026-08-08T07:50:00.000Z,64954.02000000,64960.00000000,64954.01000000,64959.99000000,6.09210000
1786175700000,2026-08-08T07:55:00.000Z,64960.00000000,64960.00000000,64959.99000000,64960.00000000,5.29912000
1786176000000,2026-08-08T08:00:00.000Z,64959.99000000,64960.00000000,64948.56000000,64958.45000000,17.04642000
1786176300000,2026-08-08T08:05:00.000Z,64958.45000000,64958.45000000,64958.44000000,64958.44000000,4.79937000
1786176600000,2026-08-08T08:10:00.000Z,64958.45000000,64966.00000000,64958.44000000,64965.99000000,8.81082000
1786176900000,2026-08-08T08:15:00.000Z,64966.00000000,64966.00000000,64963.07000000,64963.08000000,14.20235000
1786177200000,2026-08-08T08:20:00.000Z,64963.07000000,64963.08000000,64963.07000000,64963.08000000,4.82665000
1786177500000,2026-08-08T08:25:00.000Z,64963.07000000,64976.00000000,64963.07000000,64975.99000000,10.15464000
1786177800000,2026-08-08T08:30:00.000Z,64976.00000000,65006.00000000,64975.99000000,65006.00000000,15.00013000
1786178100000,2026-08-08T08:35:00.000Z,65006.00000000,65010.00000000,65003.80000000,65003.81000000,23.45354000
1786178400000,2026-08-08T08:40:00.000Z,65003.81000000,65020.50000000,65003.80000000,65015.54000000,20.88801000
1786178700000,2026-08-08T08:45:00.000Z,65015.53000000,65015.54000000,64991.68000000,64991.68000000,10.01141000
1786179000000,2026-08-08T08:50:00.000Z,64991.68000000,64992.54000000,64991.68000000,64992.54000000,7.26775000
1786179300000,2026-08-08T08:55:00.000Z,64992.53000000,64993.88000000,64992.53000000,64993.87000000,14.34328000
1786179600000,2026-08-08T09:00:00.000Z,64993.88000000,65004.00000000,64993.87000000,64996.01000000,26.57164000
1786179900000,2026-08-08T09:05:00.000Z,64996.00000000,64996.48000000,64996.00000000,64996.47000000,13.40538000
1786180200000,2026-08-08T09:10:00.000Z,64996.48000000,65007.42000000,64996.47000000,65007.42000000,25.89025000
1786180500000,2026-08-08T09:15:00.000Z,65007.41000000,65022.88000000,65007.41000000,65022.87000000,16.06293000
1786180800000,2026-08-08T09:20:00.000Z,65022.87000000,65022.88000000,65019.00000000,65019.98000000,25.62159000
1786181100000,2026-08-08T09:25:00.000Z,65019.98000000,65022.88000000,65019.98000000,65020.32000000,36.38276000
1786181400000,2026-08-08T09:30:00.000Z,65020.32000000,65050.00000000,65007.62000000,65007.63000000,47.54330000
1786181700000,2026-08-08T09:35:00.000Z,65007.62000000,65015.79000000,65007.62000000,65015.78000000,45.98975000
1786182000000,2026-08-08T09:40:00.000Z,65015.78000000,65015.80000000,65012.55000000,65012.55000000,22.76067000
1786182300000,2026-08-08T09:45:00.000Z,65012.56000000,65013.88000000,64997.80000000,64997.81000000,22.60716000
1786182600000,2026-08-08T09:50:00.000Z,64997.80000000,64997.81000000,64992.98000000,64992.98000000,13.60229000
1786182900000,2026-08-08T09:55:00.000Z,64992.99000000,64994.32000000,64992.98000000,64994.31000000,7.09804000
1786183200000,2026-08-08T10:00:00.000Z,64994.31000000,64994.32000000,64994.31000000,64994.31000000,2.82413000
1786183500000,2026-08-08T10:05:00.000Z,64994.31000000,65008.00000000,64994.31000000,65008.00000000,12.54151000
1786183800000,2026-08-08T10:10:00.000Z,65007.99000000,65008.93000000,64996.77000000,64996.77000000,18.41123000
1786184100000,2026-08-08T10:15:00.000Z,64996.78000000,64998.45000000,64996.77000000,64998.45000000,4.25209000
1786184400000,2026-08-08T10:20:00.000Z,64998.44000000,65003.82000000,64998.44000000,65003.81000000,10.08243000
1786184700000,2026-08-08T10:25:00.000Z,65003.82000000,65021.17000000,65003.81000000,65021.16000000,3.11088000
1786185000000,2026-08-08T10:30:00.000Z,65021.16000000,65021.19000000,65021.16000000,65021.18000000,2.09170000
1786185300000,2026-08-08T10:35:00.000Z,65021.18000000,65022.43000000,65015.38000000,65022.42000000,23.83477000
1786185600000,2026-08-08T10:40:00.000Z,65022.43000000,65022.43000000,65010.00000000,65010.01000000,15.05312000
1786185900000,2026-08-08T10:45:00.000Z,65010.01000000,65010.01000000,65010.00000000,65010.00000000,7.87303000
1786186200000,2026-08-08T10:50:00.000Z,65010.00000000,65012.12000000,65010.00000000,65010.04000000,25.80457000
1786186500000,2026-08-08T10:55:00.000Z,65010.04000000,65010.05000000,65005.87000000,65005.87000000,18.42907000
1786186800000,2026-08-08T11:00:00.000Z,65005.88000000,65005.88000000,65001.45000000,65001.45000000,22.42820000
1786187100000,2026-08-08T11:05:00.000Z,65001.45000000,65006.37000000,65001.45000000,65006.37000000,25.89372000
1786187400000,2026-08-08T11:10:00.000Z,65006.36000000,65024.10000000,65006.36000000,65018.79000000,10.94887000
1786187700000,2026-08-08T11:15:00.000Z,65018.79000000,65018.80000000,65000.00000000,65000.01000000,9.59203000
1786188000000,2026-08-08T11:20:00.000Z,65000.00000000,65000.00000000,64978.98000000,64978.98000000,9.79959000
1786188300000,2026-08-08T11:25:00.000Z,64978.98000000,64978.99000000,64973.97000000,64973.98000000,25.53933000
1786188600000,2026-08-08T11:30:00.000Z,64973.98000000,64973.98000000,64970.47000000,64971.00000000,14.26840000
1786188900000,2026-08-08T11:35:00.000Z,64971.00000000,64971.00000000,64970.98000000,64970.99000000,7.86592000
1786189200000,2026-08-08T11:40:00.000Z,64970.98000000,64970.99000000,64970.00000000,64970.00000000,9.40294000
1786189500000,2026-08-08T11:45:00.000Z,64970.01000000,64970.01000000,64957.00000000,64957.00000000,15.52089000
1786189800000,2026-08-08T11:50:00.000Z,64957.00000000,64964.62000000,64957.00000000,64964.62000000,17.42167000
1786190100000,2026-08-08T11:55:00.000Z,64964.62000000,64967.36000000,64964.61000000,64967.35000000,9.47990000
1786190400000,2026-08-08T12:00:00.000Z,64967.36000000,64967.36000000,64958.00000000,64958.00000000,10.53062000
1786190700000,2026-08-08T12:05:00.000Z,64958.01000000,64958.01000000,64924.00000000,64924.00000000,18.88187000
1786191000000,2026-08-08T12:10:00.000Z,64924.00000000,65007.72000000,64924.00000000,65007.72000000,41.70427000
1786191300000,2026-08-08T12:15:00.000Z,65007.72000000,65050.55000000,65007.71000000,65027.96000000,33.13500000
1786191600000,2026-08-08T12:20:00.000Z,65027.96000000,65027.97000000,64987.28000000,64987.28000000,18.15489000
1786191900000,2026-08-08T12:25:00.000Z,64987.29000000,64987.29000000,64974.09000000,64974.10000000,13.50764000
1786192200000,2026-08-08T12:30:00.000Z,64974.10000000,64986.87000000,64974.10000000,64986.87000000,11.48189000
1786192500000,2026-08-08T12:35:00.000Z,64986.87000000,65018.51000000,64986.86000000,65018.50000000,11.62836000
1786192800000,2026-08-08T12:40:00.000Z,65018.51000000,65023.06000000,65005.81000000,65005.82000000,22.12039000
1786193100000,2026-08-08T12:45:00.000Z,65005.82000000,65007.58000000,65005.81000000,65007.58000000,15.96396000
1786193400000,2026-08-08T12:50:00.000Z,65007.58000000,65026.00000000,65007.57000000,65026.00000000,25.93668000
1786193700000,2026-08-08T12:55:00.000Z,65026.00000000,65026.00000000,65008.33000000,65008.34000000,11.40520000
1786194000000,2026-08-08T13:00:00.000Z,65008.33000000,65008.34000000,65001.07000000,65001.07000000,25.40725000
1786194300000,2026-08-08T13:05:00.000Z,65001.08000000,65017.85000000,65001.07000000,65002.00000000,21.70261000
1786194600000,2026-08-08T13:10:00.000Z,65002.01000000,65005.63000000,65002.00000000,65005.45000000,15.77424000
1786194900000,2026-08-08T13:15:00.000Z,65005.45000000,65016.00000000,65005.45000000,65015.99000000,7.52235000
1786195200000,2026-08-08T13:20:00.000Z,65015.99000000,65016.00000000,65014.89000000,65014.89000000,5.56585000
1786195500000,2026-08-08T13:25:00.000Z,65014.90000000,65018.00000000,65014.89000000,65018.00000000,9.95613000
1786195800000,2026-08-08T13:30:00.000Z,65017.99000000,65018.00000000,65006.00000000,65006.00000000,12.23365000
1786196100000,2026-08-08T13:35:00.000Z,65006.00000000,65006.01000000,65006.00000000,65006.00000000,12.11591000
1786196400000,2026-08-08T13:40:00.000Z,65006.01000000,65008.30000000,65006.00000000,65008.30000000,15.86115000
1786196700000,2026-08-08T13:45:00.000Z,65008.29000000,65010.39000000,65000.00000000,65010.38000000,34.24325000
1786197000000,2026-08-08T13:50:00.000Z,65010.38000000,65015.28000000,65010.38000000,65015.27000000,10.96286000
1786197300000,2026-08-08T13:55:00.000Z,65015.28000000,65015.28000000,65015.27000000,65015.27000000,16.51224000
1786197600000,2026-08-08T14:00:00.000Z,65015.27000000,65015.28000000,65015.27000000,65015.27000000,4.58586000
1786197900000,2026-08-08T14:05:00.000Z,65015.27000000,65030.00000000,65015.27000000,65030.00000000,14.55605000
1786198200000,2026-08-08T14:10:00.000Z,65030.00000000,65058.69000000,65029.99000000,65058.69000000,9.52048000
1786198500000,2026-08-08T14:15:00.000Z,65058.69000000,65064.95000000,65045.30000000,65060.09000000,25.71547000
1786198800000,2026-08-08T14:20:00.000Z,65060.09000000,65123.00000000,65060.09000000,65122.44000000,25.56844000
1786199100000,2026-08-08T14:25:00.000Z,65122.44000000,65156.59000000,65086.32000000,65136.69000000,113.26185000
1786199400000,2026-08-08T14:30:00.000Z,65136.70000000,65190.99000000,65136.70000000,65163.57000000,53.81373000
1786199700000,2026-08-08T14:35:00.000Z,65163.56000000,65192.54000000,65148.05000000,65148.05000000,30.91587000
1786200000000,2026-08-08T14:40:00.000Z,65148.05000000,65148.05000000,65116.30000000,65116.30000000,14.78825000
1786200300000,2026-08-08T14:45:00.000Z,65116.31000000,65156.00000000,65116.30000000,65156.00000000,14.34347000
1786200600000,2026-08-08T14:50:00.000Z,65156.00000000,65162.41000000,65155.90000000,65155.91000000,23.32734000
1786200900000,2026-08-08T14:55:00.000Z,65155.91000000,65180.00000000,65129.01000000,65129.02000000,25.96248000
1786201200000,2026-08-08T15:00:00.000Z,65129.01000000,65149.57000000,65116.00000000,65116.00000000,34.01235000
1786201500000,2026-08-08T15:05:00.000Z,65116.00000000,65116.01000000,65097.75000000,65102.73000000,11.59766000
1786201800000,2026-08-08T15:10:00.000Z,65102.72000000,65106.00000000,65102.72000000,65105.44000000,16.14922000
1786202100000,2026-08-08T15:15:00.000Z,65105.43000000,65105.44000000,65089.12000000,65089.12000000,17.69949000
1786202400000,2026-08-08T15:20:00.000Z,65089.13000000,65099.19000000,65078.08000000,65099.18000000,26.17327000
1786202700000,2026-08-08T15:25:00.000Z,65099.19000000,65099.19000000,65092.72000000,65092.72000000,7.84637000
1786203000000,2026-08-08T15:30:00.000Z,65092.72000000,65092.73000000,65077.72000000,65077.72000000,8.49520000
1786203300000,2026-08-08T15:35:00.000Z,65077.73000000,65077.73000000,65067.51000000,65067.51000000,9.59639000
1786203600000,2026-08-08T15:40:00.000Z,65067.52000000,65067.62000000,65061.31000000,65061.31000000,8.05069000
1786203900000,2026-08-08T15:45:00.000Z,65061.32000000,65072.00000000,65061.31000000,65072.00000000,18.26379000
1786204200000,2026-08-08T15:50:00.000Z,65072.00000000,65090.13000000,65071.99000000,65090.13000000,15.62237000
1786204500000,2026-08-08T15:55:00.000Z,65090.12000000,65093.82000000,65080.82000000,65080.82000000,13.07800000
1786204800000,2026-08-08T16:00:00.000Z,65080.83000000,65090.01000000,65080.82000000,65090.01000000,3.83393000
1786205100000,2026-08-08T16:05:00.000Z,65090.00000000,65116.82000000,65090.00000000,65091.30000000,13.32420000
1786205400000,2026-08-08T16:10:00.000Z,65091.30000000,65091.30000000,65087.02000000,65087.02000000,6.44483000
1786205700000,2026-08-08T16:15:00.000Z,65087.03000000,65088.01000000,65081.54000000,65088.00000000,17.50642000
1786206000000,2026-08-08T16:20:00.000Z,65088.01000000,65088.01000000,65086.06000000,65086.06000000,5.15864000
1786206300000,2026-08-08T16:25:00.000Z,65086.06000000,65086.07000000,65080.00000000,65080.01000000,10.87028000
1786206600000,2026-08-08T16:30:00.000Z,65080.01000000,65080.01000000,65052.07000000,65052.07000000,12.65899000
1786206900000,2026-08-08T16:35:00.000Z,65052.08000000,65052.08000000,65039.00000000,65045.46000000,15.91155000
1786207200000,2026-08-08T16:40:00.000Z,65045.47000000,65060.86000000,65045.47000000,65060.85000000,9.67063000
1786207500000,2026-08-08T16:45:00.000Z,65060.85000000,65060.86000000,65060.85000000,65060.85000000,17.36980000
1786207800000,2026-08-08T16:50:00.000Z,65060.85000000,65077.14000000,65060.85000000,65077.14000000,8.38178000
1786208100000,2026-08-08T16:55:00.000Z,65077.14000000,65087.75000000,65077.13000000,65086.45000000,7.70424000
1786208400000,2026-08-08T17:00:00.000Z,65086.46000000,65086.47000000,65080.00000000,65080.00000000,29.29861000
1786208700000,2026-08-08T17:05:00.000Z,65080.01000000,65100.00000000,65075.46000000,65100.00000000,22.75948000
1786209000000,2026-08-08T17:10:00.000Z,65099.99000000,65132.57000000,65099.99000000,65118.13000000,17.50644000
1786209300000,2026-08-08T17:15:00.000Z,65118.13000000,65122.00000000,65110.53000000,65110.54000000,12.46019000
1786209600000,2026-08-08T17:20:00.000Z,65110.53000000,65112.99000000,65104.60000000,65108.01000000,26.18932000
1786209900000,2026-08-08T17:25:00.000Z,65108.01000000,65108.01000000,65108.00000000,65108.01000000,8.20250000
1786210200000,2026-08-08T17:30:00.000Z,65108.01000000,65130.47000000,65108.00000000,65130.46000000,23.06510000
1786210500000,2026-08-08T17:35:00.000Z,65130.46000000,65150.00000000,65130.46000000,65136.01000000,9.10924000
1786210800000,2026-08-08T17:40:00.000Z,65136.00000000,65136.00000000,65122.18000000,65122.18000000,4.81218000
1786211100000,2026-08-08T17:45:00.000Z,65122.18000000,65122.20000000,65122.18000000,65122.20000000,4.48983000
1786211400000,2026-08-08T17:50:00.000Z,65122.20000000,65122.20000000,65109.09000000,65119.74000000,27.03233000
1786211700000,2026-08-08T17:55:00.000Z,65119.74000000,65119.75000000,65119.74000000,65119.75000000,2.80074000
1786212000000,2026-08-08T18:00:00.000Z,65119.75000000,65119.75000000,65116.04000000,65116.05000000,17.35688000
1786212300000,2026-08-08T18:05:00.000Z,65116.04000000,65116.05000000,65103.90000000,65103.90000000,8.13767000
1786212600000,2026-08-08T18:10:00.000Z,65103.90000000,65103.91000000,65101.60000000,65101.60000000,34.27724000
1786212900000,2026-08-08T18:15:00.000Z,65101.61000000,65101.61000000,65072.66000000,65072.66000000,19.98716000
1786213200000,2026-08-08T18:20:00.000Z,65072.66000000,65072.67000000,65044.37000000,65044.37000000,14.48865000
1786213500000,2026-08-08T18:25:00.000Z,65044.36000000,65044.69000000,65025.54000000,65038.20000000,22.83978000
1786213800000,2026-08-08T18:30:00.000Z,65038.20000000,65057.07000000,65038.19000000,65053.91000000,7.90547000
1786214100000,2026-08-08T18:35:00.000Z,65053.91000000,65056.37000000,65041.68000000,65041.69000000,11.83976000
1786214400000,2026-08-08T18:40:00.000Z,65041.69000000,65048.17000000,65041.68000000,65048.17000000,2.38547000
1786214700000,2026-08-08T18:45:00.000Z,65048.17000000,65052.00000000,65048.16000000,65052.00000000,13.53563000
1786215000000,2026-08-08T18:50:00.000Z,65052.00000000,65052.00000000,65047.98000000,65047.99000000,4.50579000
1786215300000,2026-08-08T18:55:00.000Z,65047.99000000,65047.99000000,65044.07000000,65044.07000000,11.26063000
1786215600000,2026-08-08T19:00:00.000Z,65044.08000000,65044.08000000,65038.72000000,65038.72000000,13.64716000
1786215900000,2026-08-08T19:05:00.000Z,65038.72000000,65038.73000000,65030.00000000,65030.00000000,4.76522000
1786216200000,2026-08-08T19:10:00.000Z,65030.01000000,65030.01000000,65021.00000000,65021.00000000,6.44243000
1786216500000,2026-08-08T19:15:00.000Z,65021.01000000,65021.01000000,65020.13000000,65020.14000000,37.13551000
1786216800000,2026-08-08T19:20:00.000Z,65020.14000000,65020.14000000,65020.00000000,65020.01000000,3.55348000
1786217100000,2026-08-08T19:25:00.000Z,65020.01000000,65020.01000000,65018.99000000,65019.00000000,3.99986000
1786217400000,2026-08-08T19:30:00.000Z,65018.99000000,65027.63000000,65017.39000000,65027.62000000,13.61911000
1786217700000,2026-08-08T19:35:00.000Z,65027.62000000,65033.60000000,65027.61000000,65033.59000000,14.67870000
1786218000000,2026-08-08T19:40:00.000Z,65033.60000000,65044.01000000,65033.59000000,65044.00000000,32.54246000
1786218300000,2026-08-08T19:45:00.000Z,65044.01000000,65050.19000000,65044.00000000,65050.19000000,44.21987000
1786218600000,2026-08-08T19:50:00.000Z,65050.18000000,65067.70000000,65050.18000000,65067.70000000,13.21549000
1786218900000,2026-08-08T19:55:00.000Z,65067.69000000,65093.70000000,65064.79000000,65075.41000000,17.57805000
1786219200000,2026-08-08T20:00:00.000Z,65075.40000000,65076.00000000,65068.64000000,65075.99000000,10.61878000
1786219500000,2026-08-08T20:05:00.000Z,65075.99000000,65076.00000000,65075.44000000,65075.45000000,3.61177000
1786219800000,2026-08-08T20:10:00.000Z,65075.44000000,65076.45000000,65075.44000000,65076.45000000,19.66336000
1786220100000,2026-08-08T20:15:00.000Z,65076.44000000,65082.28000000,65071.13000000,65071.13000000,4.98149000
1786220400000,2026-08-08T20:20:00.000Z,65071.13000000,65071.14000000,65060.00000000,65060.01000000,7.13542000
1786220700000,2026-08-08T20:25:00.000Z,65060.00000000,65060.01000000,65060.00000000,65060.00000000,2.52872000
1786221000000,2026-08-08T20:30:00.000Z,65060.00000000,65078.00000000,65060.00000000,65077.99000000,15.56486000
1786221300000,2026-08-08T20:35:00.000Z,65078.00000000,65078.00000000,65060.55000000,65060.55000000,11.51384000
1786221600000,2026-08-08T20:40:00.000Z,65060.55000000,65073.93000000,65060.55000000,65073.92000000,5.84895000
1786221900000,2026-08-08T20:45:00.000Z,65073.93000000,65100.61000000,65060.72000000,65100.00000000,253.98552000
1786222200000,2026-08-08T20:50:00.000Z,65100.00000000,65100.01000000,65082.41000000,65082.41000000,40.59300000
1786222500000,2026-08-08T20:55:00.000Z,65082.41000000,65082.42000000,65082.41000000,65082.41000000,6.27164000
1786222800000,2026-08-08T21:00:00.000Z,65082.42000000,65082.42000000,65079.32000000,65079.32000000,8.11270000
1786223100000,2026-08-08T21:05:00.000Z,65079.32000000,65079.33000000,65068.61000000,65068.61000000,7.28886000
1786223400000,2026-08-08T21:10:00.000Z,65068.62000000,65068.62000000,65046.50000000,65046.50000000,23.68988000
1786223700000,2026-08-08T21:15:00.000Z,65046.50000000,65046.51000000,65034.10000000,65043.48000000,23.92330000
1786224000000,2026-08-08T21:20:00.000Z,65043.48000000,65043.49000000,65042.50000000,65042.51000000,13.41741000
1786224300000,2026-08-08T21:25:00.000Z,65042.50000000,65049.12000000,65032.41000000,65032.41000000,41.79221000
1786224600000,2026-08-08T21:30:00.000Z,65032.41000000,65048.52000000,65032.41000000,65048.52000000,10.15484000
1786224900000,2026-08-08T21:35:00.000Z,65048.51000000,65065.00000000,65047.80000000,65047.81000000,33.05354000
1786225200000,2026-08-08T21:40:00.000Z,65047.81000000,65057.56000000,65034.00000000,65057.55000000,22.47799000
1786225500000,2026-08-08T21:45:00.000Z,65057.56000000,65058.00000000,65034.06000000,65041.67000000,13.66298000
1786225800000,2026-08-08T21:50:00.000Z,65041.68000000,65041.68000000,65030.26000000,65030.26000000,7.16436000
1786226100000,2026-08-08T21:55:00.000Z,65030.27000000,65030.27000000,65000.53000000,65012.96000000,11.79322000
1786226400000,2026-08-08T22:00:00.000Z,65012.95000000,65038.00000000,65012.95000000,65026.00000000,21.58830000
1786226700000,2026-08-08T22:05:00.000Z,65025.99000000,65029.98000000,65004.52000000,65018.04000000,58.93365000
1786227000000,2026-08-08T22:10:00.000Z,65018.04000000,65020.21000000,65000.00000000,65000.00000000,27.56780000
1786227300000,2026-08-08T22:15:00.000Z,65000.01000000,65000.01000000,65000.00000000,65000.00000000,11.00208000
1786227600000,2026-08-08T22:20:00.000Z,65000.00000000,65015.01000000,64993.50000000,65015.00000000,75.49864000
1786227900000,2026-08-08T22:25:00.000Z,65015.01000000,65015.01000000,64993.50000000,64993.51000000,22.73425000
1786228200000,2026-08-08T22:30:00.000Z,64993.50000000,64999.29000000,64963.85000000,64983.53000000,133.88597000
1786228500000,2026-08-08T22:35:00.000Z,64983.53000000,64983.54000000,64983.50000000,64983.51000000,4.18163000
1786228800000,2026-08-08T22:40:00.000Z,64983.50000000,64983.51000000,64977.51000000,64977.51000000,6.59234000
1786229100000,2026-08-08T22:45:00.000Z,64977.51000000,64977.52000000,64972.96000000,64972.96000000,42.76592000
1786229400000,2026-08-08T22:50:00.000Z,64972.96000000,64972.97000000,64958.80000000,64958.80000000,8.90102000
1786229700000,2026-08-08T22:55:00.000Z,64958.81000000,64958.81000000,64948.17000000,64950.61000000,13.65222000
1786230000000,2026-08-08T23:00:00.000Z,64950.62000000,64950.62000000,64944.81000000,64944.81000000,7.53959000
1786230300000,2026-08-08T23:05:00.000Z,64944.81000000,64944.82000000,64942.07000000,64942.07000000,9.21400000
1786230600000,2026-08-08T23:10:00.000Z,64942.07000000,64942.08000000,64936.01000000,64936.01000000,15.74766000
1786230900000,2026-08-08T23:15:00.000Z,64936.01000000,64958.76000000,64936.01000000,64958.75000000,12.79656000
1786231200000,2026-08-08T23:20:00.000Z,64958.76000000,64967.99000000,64958.75000000,64967.98000000,36.54200000
1786231500000,2026-08-08T23:25:00.000Z,64967.99000000,64970.00000000,64938.00000000,64938.01000000,22.15500000
1786231800000,2026-08-08T23:30:00.000Z,64938.00000000,64948.29000000,64938.00000000,64948.29000000,17.30162000
1786232100000,2026-08-08T23:35:00.000Z,64948.29000000,64975.99000000,64948.28000000,64975.98000000,11.49341000
1786232400000,2026-08-08T23:40:00.000Z,64975.98000000,64975.99000000,64970.70000000,64970.70000000,12.20549000
1786232700000,2026-08-08T23:45:00.000Z,64970.71000000,64974.76000000,64970.70000000,64974.75000000,16.12763000
1786233000000,2026-08-08T23:50:00.000Z,64974.76000000,64974.76000000,64960.77000000,64965.29000000,11.06064000
1786233300000,2026-08-08T23:55:00.000Z,64965.28000000,64965.29000000,64951.25000000,64962.60000000,32.55451000
1786233600000,2026-08-09T00:00:00.000Z,64962.60000000,64964.00000000,64961.00000000,64963.99000000,22.67875000
1786233900000,2026-08-09T00:05:00.000Z,64964.00000000,64964.00000000,64962.00000000,64962.01000000,7.53362000
1786234200000,2026-08-09T00:10:00.000Z,64962.00000000,64969.50000000,64960.27000000,64960.27000000,34.84929000
1786234500000,2026-08-09T00:15:00.000Z,64960.27000000,64967.00000000,64958.17000000,64966.99000000,15.73737000
1786234800000,2026-08-09T00:20:00.000Z,64967.00000000,64969.49000000,64966.98000000,64969.48000000,16.87309000
1786235100000,2026-08-09T00:25:00.000Z,64969.49000000,64969.49000000,64969.48000000,64969.49000000,2.36097000
1786235400000,2026-08-09T00:30:00.000Z,64969.49000000,64970.32000000,64969.48000000,64970.31000000,8.03441000
1786235700000,2026-08-09T00:35:00.000Z,64970.31000000,64991.93000000,64970.31000000,64988.44000000,16.70468000
1786236000000,2026-08-09T00:40:00.000Z,64988.45000000,64988.45000000,64977.10000000,64977.10000000,5.48943000
1786236300000,2026-08-09T00:45:00.000Z,64977.11000000,64977.11000000,64966.48000000,64966.48000000,20.01318000
1786236600000,2026-08-09T00:50:00.000Z,64966.49000000,64970.22000000,64965.67000000,64970.21000000,17.81855000
1786236900000,2026-08-09T00:55:00.000Z,64970.22000000,64980.72000000,64970.21000000,64973.65000000,45.95919000
1786237200000,2026-08-09T01:00:00.000Z,64973.65000000,65002.00000000,64972.10000000,64995.62000000,24.66000000
1786237500000,2026-08-09T01:05:00.000Z,64995.63000000,64995.63000000,64986.11000000,64986.11000000,5.53855000
1786237800000,2026-08-09T01:10:00.000Z,64986.12000000,64989.37000000,64983.46000000,64983.49000000,12.56184000
1786238100000,2026-08-09T01:15:00.000Z,64983.49000000,64985.29000000,64980.00000000,64985.29000000,21.07549000
1786238400000,2026-08-09T01:20:00.000Z,64985.28000000,64985.29000000,64936.00000000,64943.16000000,17.67239000
1786238700000,2026-08-09T01:25:00.000Z,64943.16000000,64943.17000000,64863.03000000,64863.03000000,62.26635000
1786239000000,2026-08-09T01:30:00.000Z,64863.03000000,64881.74000000,64858.00000000,64881.74000000,17.66018000
1786239300000,2026-08-09T01:35:00.000Z,64881.74000000,64891.39000000,64881.73000000,64889.34000000,6.60257000
1786239600000,2026-08-09T01:40:00.000Z,64889.35000000,64889.68000000,64880.00000000,64889.67000000,13.95339000
1786239900000,2026-08-09T01:45:00.000Z,64889.68000000,64889.68000000,64889.66000000,64889.67000000,12.44525000
1786240200000,2026-08-09T01:50:00.000Z,64889.67000000,64889.67000000,64838.33000000,64866.99000000,111.19640000
1786240500000,2026-08-09T01:55:00.000Z,64866.99000000,64868.01000000,64861.45000000,64861.46000000,25.11352000
1786240800000,2026-08-09T02:00:00.000Z,64861.46000000,64861.46000000,64844.15000000,64851.84000000,13.24845000
1786241100000,2026-08-09T02:05:00.000Z,64851.84000000,64851.84000000,64809.73000000,64834.00000000,27.91264000
1786241400000,2026-08-09T02:10:00.000Z,64834.00000000,64863.16000000,64834.00000000,64858.58000000,14.19280000
1786241700000,2026-08-09T02:15:00.000Z,64858.58000000,64858.59000000,64840.69000000,64840.70000000,14.48496000
1786242000000,2026-08-09T02:20:00.000Z,64840.69000000,64843.40000000,64840.69000000,64843.40000000,14.66713000
1786242300000,2026-08-09T02:25:00.000Z,64843.39000000,64848.97000000,64842.61000000,64842.61000000,28.85524000
1786242600000,2026-08-09T02:30:00.000Z,64842.61000000,64845.23000000,64827.32000000,64845.22000000,56.17308000
1786242900000,2026-08-09T02:35:00.000Z,64845.23000000,64845.23000000,64834.31000000,64834.32000000,19.23065000
1786243200000,2026-08-09T02:40:00.000Z,64834.31000000,64834.32000000,64777.99000000,64777.99000000,32.65018000
1786243500000,2026-08-09T02:45:00.000Z,64777.92000000,64791.02000000,64777.92000000,64784.71000000,9.67043000
1786243800000,2026-08-09T02:50:00.000Z,64784.72000000,64806.52000000,64782.15000000,64806.52000000,14.49089000
1786244100000,2026-08-09T02:55:00.000Z,64806.52000000,64820.01000000,64806.51000000,64820.01000000,9.82407000
1786244400000,2026-08-09T03:00:00.000Z,64820.01000000,64820.01000000,64813.20000000,64813.20000000,6.02962000
1786244700000,2026-08-09T03:05:00.000Z,64813.21000000,64813.21000000,64801.88000000,64801.88000000,5.44280000
1786245000000,2026-08-09T03:10:00.000Z,64801.88000000,64801.89000000,64732.01000000,64732.01000000,26.77278000
1786245300000,2026-08-09T03:15:00.000Z,64732.01000000,64749.79000000,64730.08000000,64749.79000000,19.20937000
1786245600000,2026-08-09T03:20:00.000Z,64749.78000000,64782.00000000,64749.78000000,64782.00000000,21.07340000
1786245900000,2026-08-09T03:25:00.000Z,64782.00000000,64784.16000000,64779.99000000,64780.00000000,14.23279000
1786246200000,2026-08-09T03:30:00.000Z,64779.99000000,64791.58000000,64779.99000000,64791.58000000,7.18985000
1786246500000,2026-08-09T03:35:00.000Z,64791.57000000,64792.00000000,64774.76000000,64788.30000000,18.59315000
1786246800000,2026-08-09T03:40:00.000Z,64788.29000000,64802.80000000,64788.29000000,64800.18000000,13.33417000
1786247100000,2026-08-09T03:45:00.000Z,64800.19000000,64800.19000000,64793.22000000,64793.23000000,12.04053000
1786247400000,2026-08-09T03:50:00.000Z,64793.23000000,64793.23000000,64793.21000000,64793.21000000,4.83269000
1786247700000,2026-08-09T03:55:00.000Z,64793.21000000,64793.22000000,64788.79000000,64788.80000000,5.00661000
1786248000000,2026-08-09T04:00:00.000Z,64788.80000000,64788.80000000,64788.79000000,64788.79000000,3.01790000
1786248300000,2026-08-09T04:05:00.000Z,64788.80000000,64796.93000000,64788.79000000,64796.92000000,13.08146000
1786248600000,2026-08-09T04:10:00.000Z,64796.92000000,64816.85000000,64796.92000000,64816.85000000,11.39625000
1786248900000,2026-08-09T04:15:00.000Z,64816.85000000,64825.93000000,64809.01000000,64809.01000000,14.97832000
1786249200000,2026-08-09T04:20:00.000Z,64809.02000000,64813.93000000,64809.01000000,64813.93000000,11.58906000
1786249500000,2026-08-09T04:25:00.000Z,64813.93000000,64826.13000000,64813.92000000,64826.01000000,27.27425000
1786249800000,2026-08-09T04:30:00.000Z,64826.00000000,64826.01000000,64817.24000000,64817.25000000,33.22307000
1786250100000,2026-08-09T04:35:00.000Z,64817.24000000,64817.25000000,64813.49000000,64813.49000000,3.25671000
1786250400000,2026-08-09T04:40:00.000Z,64813.50000000,64813.50000000,64809.95000000,64809.96000000,4.51761000
1786250700000,2026-08-09T04:45:00.000Z,64809.95000000,64809.96000000,64803.90000000,64803.91000000,6.48325000
1786251000000,2026-08-09T04:50:00.000Z,64803.91000000,64803.91000000,64785.00000000,64785.01000000,13.79428000
1786251300000,2026-08-09T04:55:00.000Z,64785.01000000,64785.01000000,64785.00000000,64785.00000000,13.70556000
1786251600000,2026-08-09T05:00:00.000Z,64785.01000000,64785.01000000,64785.00000000,64785.01000000,12.83394000
1786251900000,2026-08-09T05:05:00.000Z,64785.00000000,64785.01000000,64785.00000000,64785.00000000,27.96452000
1786252200000,2026-08-09T05:10:00.000Z,64785.01000000,64786.30000000,64785.00000000,64786.29000000,21.52944000
1786252500000,2026-08-09T05:15:00.000Z,64786.29000000,64790.19000000,64786.00000000,64786.00000000,20.26811000
1786252800000,2026-08-09T05:20:00.000Z,64786.00000000,64786.01000000,64786.00000000,64786.01000000,18.33056000
1786253100000,2026-08-09T05:25:00.000Z,64786.00000000,64793.01000000,64786.00000000,64790.84000000,24.27729000
1786253400000,2026-08-09T05:30:00.000Z,64790.85000000,64790.85000000,64790.00000000,64790.01000000,15.49277000
1786253700000,2026-08-09T05:35:00.000Z,64790.01000000,64790.01000000,64789.37000000,64789.38000000,18.71489000
1786254000000,2026-08-09T05:40:00.000Z,64789.38000000,64789.38000000,64786.00000000,64786.01000000,10.25008000
1786254300000,2026-08-09T05:45:00.000Z,64786.00000000,64786.01000000,64777.00000000,64777.01000000,4.42786000
1786254600000,2026-08-09T05:50:00.000Z,64777.01000000,64787.62000000,64777.00000000,64787.62000000,12.68691000
1786254900000,2026-08-09T05:55:00.000Z,64787.62000000,64801.58000000,64787.61000000,64801.58000000,7.61669000
1786255200000,2026-08-09T06:00:00.000Z,64801.57000000,64810.13000000,64801.57000000,64802.18000000,29.51945000
1786255500000,2026-08-09T06:05:00.000Z,64802.18000000,64809.94000000,64802.18000000,64809.94000000,21.42123000
1786255800000,2026-08-09T06:10:00.000Z,64809.94000000,64815.45000000,64804.44000000,64815.45000000,35.56545000
1786256100000,2026-08-09T06:15:00.000Z,64815.44000000,64821.08000000,64815.44000000,64821.07000000,5.96918000
1786256400000,2026-08-09T06:20:00.000Z,64821.08000000,64845.98000000,64821.08000000,64841.19000000,16.45638000
1786256700000,2026-08-09T06:25:00.000Z,64841.20000000,64841.20000000,64841.19000000,64841.20000000,3.10880000
1786257000000,2026-08-09T06:30:00.000Z,64841.19000000,64860.01000000,64841.19000000,64860.01000000,9.99860000
1786257300000,2026-08-09T06:35:00.000Z,64860.01000000,64862.30000000,64860.00000000,64862.30000000,2.82910000
1786257600000,2026-08-09T06:40:00.000Z,64862.30000000,64867.11000000,64859.69000000,64867.10000000,26.72834000
1786257900000,2026-08-09T06:45:00.000Z,64867.11000000,64867.11000000,64860.43000000,64860.43000000,20.17403000
1786258200000,2026-08-09T06:50:00.000Z,64860.44000000,64860.44000000,64857.98000000,64857.98000000,11.02908000
1786258500000,2026-08-09T06:55:00.000Z,64857.98000000,64860.00000000,64849.99000000,64849.99000000,33.56565000
1786258800000,2026-08-09T07:00:00.000Z,64850.00000000,64860.01000000,64849.99000000,64854.83000000,27.54406000
1786259100000,2026-08-09T07:05:00.000Z,64854.83000000,64860.01000000,64848.34000000,64860.00000000,23.48588000
1786259400000,2026-08-09T07:10:00.000Z,64860.01000000,64860.01000000,64853.17000000,64853.56000000,63.01702000
1786259700000,2026-08-09T07:15:00.000Z,64853.57000000,64856.00000000,64849.92000000,64850.00000000,29.53513000
1786260000000,2026-08-09T07:20:00.000Z,64850.00000000,64850.00000000,64844.25000000,64844.26000000,13.30969000
1786260300000,2026-08-09T07:25:00.000Z,64844.25000000,64844.26000000,64840.85000000,64840.85000000,21.93600000
1786260600000,2026-08-09T07:30:00.000Z,64840.86000000,64842.70000000,64835.01000000,64835.02000000,30.88402000
1786260900000,2026-08-09T07:35:00.000Z,64835.01000000,64835.02000000,64829.99000000,64835.01000000,32.79012000
1786261200000,2026-08-09T07:40:00.000Z,64835.01000000,64840.76000000,64835.01000000,64840.75000000,28.74880000
1786261500000,2026-08-09T07:45:00.000Z,64840.76000000,64840.76000000,64829.99000000,64830.00000000,39.74259000
1786261800000,2026-08-09T07:50:00.000Z,64830.01000000,64830.01000000,64826.14000000,64826.15000000,18.34861000
1786262100000,2026-08-09T07:55:00.000Z,64826.15000000,64826.15000000,64826.14000000,64826.14000000,9.04672000
1786262400000,2026-08-09T08:00:00.000Z,64826.15000000,64960.06000000,64826.14000000,64930.39000000,120.09029000
1786262700000,2026-08-09T08:05:00.000Z,64930.39000000,64930.39000000,64913.33000000,64921.11000000,15.99736000
1786263000000,2026-08-09T08:10:00.000Z,64921.12000000,64926.69000000,64921.11000000,64922.67000000,8.11887000
1786263300000,2026-08-09T08:15:00.000Z,64922.67000000,64933.70000000,64922.66000000,64926.68000000,23.50319000
1786263600000,2026-08-09T08:20:00.000Z,64926.67000000,64926.67000000,64906.00000000,64906.00000000,19.12566000
1786263900000,2026-08-09T08:25:00.000Z,64906.00000000,64906.00000000,64886.81000000,64886.82000000,27.90665000
1786264200000,2026-08-09T08:30:00.000Z,64886.82000000,64893.83000000,64886.81000000,64893.82000000,8.10672000
1786264500000,2026-08-09T08:35:00.000Z,64893.83000000,64893.83000000,64849.29000000,64849.30000000,16.06473000
1786264800000,2026-08-09T08:40:00.000Z,64849.29000000,64849.29000000,64792.10000000,64792.11000000,35.50639000
1786265100000,2026-08-09T08:45:00.000Z,64792.10000000,64816.00000000,64792.10000000,64816.00000000,27.36070000
1786265400000,2026-08-09T08:50:00.000Z,64816.00000000,64816.00000000,64795.21000000,64810.73000000,17.68846000
1786265700000,2026-08-09T08:55:00.000Z,64810.74000000,64824.17000000,64810.73000000,64824.16000000,9.46632000
1786266000000,2026-08-09T09:00:00.000Z,64824.17000000,64828.82000000,64824.16000000,64828.82000000,4.79056000
1786266300000,2026-08-09T09:05:00.000Z,64828.82000000,64830.69000000,64828.81000000,64830.23000000,6.75974000
1786266600000,2026-08-09T09:10:00.000Z,64830.23000000,64830.23000000,64824.17000000,64824.17000000,12.67585000
1786266900000,2026-08-09T09:15:00.000Z,64824.18000000,64831.27000000,64824.17000000,64831.26000000,16.58195000
1786267200000,2026-08-09T09:20:00.000Z,64831.27000000,64831.27000000,64831.26000000,64831.26000000,3.89919000
1786267500000,2026-08-09T09:25:00.000Z,64831.26000000,64831.27000000,64809.68000000,64809.69000000,18.90281000
1786267800000,2026-08-09T09:30:00.000Z,64809.69000000,64809.70000000,64809.68000000,64809.70000000,11.72474000
1786268100000,2026-08-09T09:35:00.000Z,64809.70000000,64814.56000000,64809.69000000,64814.56000000,3.78702000
1786268400000,2026-08-09T09:40:00.000Z,64814.55000000,64814.56000000,64814.55000000,64814.56000000,13.11377000
1786268700000,2026-08-09T09:45:00.000Z,64814.56000000,64814.56000000,64814.53000000,64814.53000000,7.93013000
1786269000000,2026-08-09T09:50:00.000Z,64814.53000000,64850.01000000,64814.53000000,64850.01000000,41.04836000
1786269300000,2026-08-09T09:55:00.000Z,64850.00000000,64877.86000000,64850.00000000,64877.85000000,8.00712000
1786269600000,2026-08-09T10:00:00.000Z,64877.86000000,64900.00000000,64877.85000000,64899.99000000,21.72501000
1786269900000,2026-08-09T10:05:00.000Z,64899.99000000,64902.19000000,64899.99000000,64902.18000000,9.88607000
1786270200000,2026-08-09T10:10:00.000Z,64902.19000000,64951.26000000,64902.18000000,64950.99000000,16.82671000
1786270500000,2026-08-09T10:15:00.000Z,64951.00000000,64951.20000000,64950.99000000,64950.99000000,11.08147000
1786270800000,2026-08-09T10:20:00.000Z,64951.00000000,64994.07000000,64950.99000000,64970.66000000,23.64697000
1786271100000,2026-08-09T10:25:00.000Z,64970.66000000,64975.83000000,64944.45000000,64970.37000000,43.61063000
1786271400000,2026-08-09T10:30:00.000Z,64970.37000000,64973.93000000,64942.00000000,64942.00000000,17.38844000
1786271700000,2026-08-09T10:35:00.000Z,64942.00000000,64944.01000000,64942.00000000,64944.00000000,28.98857000
1786272000000,2026-08-09T10:40:00.000Z,64944.01000000,64944.01000000,64944.00000000,64944.00000000,8.33385000
1786272300000,2026-08-09T10:45:00.000Z,64944.01000000,64977.22000000,64944.00000000,64977.22000000,38.70472000
1786272600000,2026-08-09T10:50:00.000Z,64977.21000000,64977.22000000,64969.76000000,64969.76000000,15.71944000
1786272900000,2026-08-09T10:55:00.000Z,64969.77000000,64969.77000000,64959.86000000,64959.86000000,13.57710000
1786273200000,2026-08-09T11:00:00.000Z,64959.87000000,64965.00000000,64959.86000000,64964.99000000,7.22142000
1786273500000,2026-08-09T11:05:00.000Z,64965.00000000,64978.01000000,64964.99000000,64973.04000000,19.69406000
1786273800000,2026-08-09T11:10:00.000Z,64973.04000000,64976.00000000,64973.03000000,64975.99000000,3.37961000
1786274100000,2026-08-09T11:15:00.000Z,64975.99000000,64976.00000000,64975.99000000,64976.00000000,1.49279000
1786274400000,2026-08-09T11:20:00.000Z,64975.99000000,64978.01000000,64975.99000000,64978.00000000,6.70955000
1786274700000,2026-08-09T11:25:00.000Z,64978.01000000,64978.01000000,64978.00000000,64978.00000000,2.05412000
1786275000000,2026-08-09T11:30:00.000Z,64978.00000000,64982.00000000,64978.00000000,64981.99000000,15.66415000
1786275300000,2026-08-09T11:35:00.000Z,64981.99000000,64994.92000000,64981.99000000,64990.45000000,15.41522000
1786275600000,2026-08-09T11:40:00.000Z,64990.45000000,64990.46000000,64990.45000000,64990.46000000,5.84670000
1786275900000,2026-08-09T11:45:00.000Z,64990.46000000,65000.00000000,64973.74000000,64973.75000000,43.31581000
1786276200000,2026-08-09T11:50:00.000Z,64973.75000000,64982.87000000,64964.00000000,64964.01000000,19.60193000
1786276500000,2026-08-09T11:55:00.000Z,64964.01000000,64964.01000000,64950.00000000,64950.00000000,10.37685000
1786276800000,2026-08-09T12:00:00.000Z,64950.01000000,64950.01000000,64914.73000000,64919.93000000,29.10970000
1786277100000,2026-08-09T12:05:00.000Z,64919.93000000,64929.37000000,64919.93000000,64929.37000000,19.10269000
1786277400000,2026-08-09T12:10:00.000Z,64929.36000000,64937.59000000,64929.36000000,64937.58000000,4.72474000
1786277700000,2026-08-09T12:15:00.000Z,64937.59000000,64949.99000000,64937.58000000,64938.29000000,36.82622000
1786278000000,2026-08-09T12:20:00.000Z,64938.30000000,64942.00000000,64938.29000000,64941.99000000,7.31886000
1786278300000,2026-08-09T12:25:00.000Z,64941.99000000,64942.00000000,64941.99000000,64942.00000000,5.67022000
1786278600000,2026-08-09T12:30:00.000Z,64942.00000000,64942.00000000,64938.52000000,64938.52000000,5.10734000
1786278900000,2026-08-09T12:35:00.000Z,64938.53000000,64938.53000000,64938.50000000,64938.53000000,9.45936000
1786279200000,2026-08-09T12:40:00.000Z,64938.53000000,64938.53000000,64938.52000000,64938.52000000,1.16095000
1786279500000,2026-08-09T12:45:00.000Z,64938.52000000,64942.00000000,64938.52000000,64941.99000000,9.82763000
1786279800000,2026-08-09T12:50:00.000Z,64941.99000000,64945.00000000,64938.52000000,64944.99000000,17.86785000
1786280100000,2026-08-09T12:55:00.000Z,64945.00000000,64962.41000000,64944.99000000,64960.11000000,20.71019000
1786280400000,2026-08-09T13:00:00.000Z,64960.12000000,65000.00000000,64960.11000000,65000.00000000,8.97792000
1786280700000,2026-08-09T13:05:00.000Z,65000.00000000,65032.51000000,64999.99000000,65017.90000000,24.65548000
1786281000000,2026-08-09T13:10:00.000Z,65017.89000000,65017.90000000,65017.89000000,65017.89000000,2.30790000
1786281300000,2026-08-09T13:15:00.000Z,65017.90000000,65049.62000000,65017.89000000,65049.62000000,14.14783000
1786281600000,2026-08-09T13:20:00.000Z,65049.62000000,65055.95000000,65039.05000000,65039.06000000,17.08482000
1786281900000,2026-08-09T13:25:00.000Z,65039.06000000,65088.00000000,65039.05000000,65087.99000000,24.86645000
1786282200000,2026-08-09T13:30:00.000Z,65088.00000000,65164.99000000,65087.99000000,65130.01000000,67.59943000
1786282500000,2026-08-09T13:35:00.000Z,65130.01000000,65164.12000000,65112.12000000,65164.12000000,35.55742000
1786282800000,2026-08-09T13:40:00.000Z,65164.13000000,65266.00000000,65164.12000000,65219.79000000,151.45336000
1786283100000,2026-08-09T13:45:00.000Z,65219.80000000,65222.00000000,65219.79000000,65219.91000000,24.26700000
1786283400000,2026-08-09T13:50:00.000Z,65219.92000000,65220.45000000,65197.48000000,65219.78000000,30.63730000
1786283700000,2026-08-09T13:55:00.000Z,65219.79000000,65219.79000000,65219.78000000,65219.78000000,5.35095000
1786284000000,2026-08-09T14:00:00.000Z,65219.78000000,65230.00000000,65198.00000000,65202.88000000,19.37311000
1786284300000,2026-08-09T14:05:00.000Z,65202.88000000,65239.26000000,65202.88000000,65228.29000000,27.98850000
1786284600000,2026-08-09T14:10:00.000Z,65228.29000000,65238.00000000,65223.99000000,65237.79000000,21.98784000
1786284900000,2026-08-09T14:15:00.000Z,65237.80000000,65237.80000000,65200.00000000,65200.00000000,16.02243000
1786285200000,2026-08-09T14:20:00.000Z,65200.01000000,65205.52000000,65164.12000000,65164.12000000,24.60160000
1786285500000,2026-08-09T14:25:00.000Z,65164.12000000,65185.00000000,65160.49000000,65184.99000000,20.21767000
1786285800000,2026-08-09T14:30:00.000Z,65184.99000000,65222.00000000,65184.99000000,65203.83000000,50.60203000
1786286100000,2026-08-09T14:35:00.000Z,65203.84000000,65203.84000000,65173.05000000,65173.05000000,17.28145000
1786286400000,2026-08-09T14:40:00.000Z,65173.05000000,65173.05000000,65150.95000000,65167.64000000,19.03312000
1786286700000,2026-08-09T14:45:00.000Z,65167.64000000,65174.15000000,65167.64000000,65174.14000000,8.40708000
1786287000000,2026-08-09T14:50:00.000Z,65174.15000000,65193.01000000,65174.15000000,65193.01000000,13.13438000
1786287300000,2026-08-09T14:55:00.000Z,65193.01000000,65300.00000000,65193.00000000,65260.01000000,42.15829000
1786287600000,2026-08-09T15:00:00.000Z,65260.01000000,65264.00000000,65214.00000000,65257.44000000,39.42969000
1786287900000,2026-08-09T15:05:00.000Z,65257.45000000,65260.00000000,65244.18000000,65248.81000000,68.98668000
1786288200000,2026-08-09T15:10:00.000Z,65248.81000000,65261.99000000,65248.80000000,65250.70000000,30.11258000
1786288500000,2026-08-09T15:15:00.000Z,65250.70000000,65250.70000000,65236.63000000,65243.70000000,81.11186000
1786288800000,2026-08-09T15:20:00.000Z,65243.69000000,65245.43000000,65229.39000000,65245.43000000,45.94977000
1786289100000,2026-08-09T15:25:00.000Z,65245.42000000,65246.36000000,65236.00000000,65236.00000000,21.25729000
1786289400000,2026-08-09T15:30:00.000Z,65236.00000000,65236.01000000,65232.39000000,65232.40000000,12.05645000
1786289700000,2026-08-09T15:35:00.000Z,65232.40000000,65234.62000000,65232.39000000,65234.61000000,12.23358000
1786290000000,2026-08-09T15:40:00.000Z,65234.61000000,65234.62000000,65226.25000000,65226.26000000,13.10967000
1786290300000,2026-08-09T15:45:00.000Z,65226.25000000,65228.67000000,65226.25000000,65228.66000000,9.61887000
1786290600000,2026-08-09T15:50:00.000Z,65228.67000000,65228.67000000,65228.66000000,65228.66000000,4.51352000
1786290900000,2026-08-09T15:55:00.000Z,65228.66000000,65238.00000000,65228.66000000,65228.68000000,25.80644000
1786291200000,2026-08-09T16:00:00.000Z,65228.68000000,65237.90000000,65220.00000000,65235.34000000,23.23352000
1786291500000,2026-08-09T16:05:00.000Z,65235.35000000,65265.20000000,65235.34000000,65265.20000000,23.28567000
1786291800000,2026-08-09T16:10:00.000Z,65265.20000000,65266.06000000,65233.54000000,65233.54000000,27.99281000
1786292100000,2026-08-09T16:15:00.000Z,65233.55000000,65243.88000000,65232.57000000,65232.57000000,13.74535000
1786292400000,2026-08-09T16:20:00.000Z,65232.57000000,65232.58000000,65196.58000000,65196.58000000,25.29624000
1786292700000,2026-08-09T16:25:00.000Z,65196.58000000,65196.58000000,65182.36000000,65195.71000000,20.24257000
1786293000000,2026-08-09T16:30:00.000Z,65195.71000000,65228.00000000,65195.71000000,65220.26000000,19.20733000
1786293300000,2026-08-09T16:35:00.000Z,65220.27000000,65258.68000000,65220.26000000,65247.10000000,13.75970000
1786293600000,2026-08-09T16:40:00.000Z,65247.10000000,65256.00000000,65246.60000000,65255.99000000,41.28805000
1786293900000,2026-08-09T16:45:00.000Z,65255.98000000,65255.99000000,65236.63000000,65236.64000000,31.77085000
1786294200000,2026-08-09T16:50:00.000Z,65236.63000000,65242.01000000,65236.63000000,65242.00000000,32.50281000
1786294500000,2026-08-09T16:55:00.000Z,65242.00000000,65242.01000000,65232.14000000,65232.14000000,17.08792000
1786294800000,2026-08-09T17:00:00.000Z,65232.15000000,65232.16000000,65222.00000000,65222.01000000,21.83601000
1786295100000,2026-08-09T17:05:00.000Z,65222.01000000,65222.01000000,65222.00000000,65222.01000000,17.33228000
1786295400000,2026-08-09T17:10:00.000Z,65222.01000000,65222.01000000,65222.00000000,65222.00000000,5.78885000
1786295700000,2026-08-09T17:15:00.000Z,65222.00000000,65226.75000000,65222.00000000,65226.75000000,12.91805000
1786296000000,2026-08-09T17:20:00.000Z,65226.75000000,65239.18000000,65224.53000000,65239.18000000,12.35876000
1786296300000,2026-08-09T17:25:00.000Z,65239.17000000,65239.18000000,65239.15000000,65239.15000000,16.64279000
1786296600000,2026-08-09T17:30:00.000Z,65239.16000000,65239.16000000,65229.22000000,65229.22000000,17.64881000
1786296900000,2026-08-09T17:35:00.000Z,65229.22000000,65229.23000000,65229.22000000,65229.23000000,2.76595000
1786297200000,2026-08-09T17:40:00.000Z,65229.23000000,65229.23000000,65229.22000000,65229.22000000,2.68159000
1786297500000,2026-08-09T17:45:00.000Z,65229.23000000,65229.23000000,65213.36000000,65213.36000000,4.31692000
1786297800000,2026-08-09T17:50:00.000Z,65213.37000000,65213.37000000,65200.88000000,65200.88000000,6.24828000
1786298100000,2026-08-09T17:55:00.000Z,65200.88000000,65200.89000000,65198.68000000,65198.68000000,9.51270000
1786298400000,2026-08-09T18:00:00.000Z,65198.68000000,65200.89000000,65198.68000000,65200.88000000,7.82643000
1786298700000,2026-08-09T18:05:00.000Z,65200.89000000,65203.51000000,65200.88000000,65203.50000000,12.19902000
1786299000000,2026-08-09T18:10:00.000Z,65203.50000000,65203.51000000,65203.50000000,65203.50000000,4.84134000
1786299300000,2026-08-09T18:15:00.000Z,65203.51000000,65203.51000000,65192.00000000,65197.96000000,11.93406000
1786299600000,2026-08-09T18:20:00.000Z,65197.96000000,65197.97000000,65197.96000000,65197.96000000,2.63731000
1786299900000,2026-08-09T18:25:00.000Z,65197.97000000,65213.78000000,65197.96000000,65213.78000000,9.84414000
1786300200000,2026-08-09T18:30:00.000Z,65213.78000000,65220.00000000,65213.78000000,65219.99000000,5.89765000
1786300500000,2026-08-09T18:35:00.000Z,65220.00000000,65220.00000000,65219.99000000,65220.00000000,1.10800000
1786300800000,2026-08-09T18:40:00.000Z,65219.99000000,65220.00000000,65219.99000000,65220.00000000,3.94865000
1786301100000,2026-08-09T18:45:00.000Z,65220.00000000,65220.00000000,65210.00000000,65210.00000000,9.17464000
1786301400000,2026-08-09T18:50:00.000Z,65210.01000000,65210.01000000,65209.99000000,65209.99000000,8.31544000
1786301700000,2026-08-09T18:55:00.000Z,65210.00000000,65210.00000000,65199.68000000,65199.68000000,5.49331000
1786302000000,2026-08-09T19:00:00.000Z,65199.69000000,65199.69000000,65199.68000000,65199.69000000,3.95402000
1786302300000,2026-08-09T19:05:00.000Z,65199.68000000,65199.69000000,65199.23000000,65199.24000000,7.37984000
1786302600000,2026-08-09T19:10:00.000Z,65199.23000000,65199.99000000,65190.26000000,65199.99000000,46.34696000
1786302900000,2026-08-09T19:15:00.000Z,65199.98000000,65210.00000000,65198.87000000,65209.99000000,28.47390000
1786303200000,2026-08-09T19:20:00.000Z,65210.00000000,65210.00000000,65209.95000000,65209.95000000,18.73107000
1786303500000,2026-08-09T19:25:00.000Z,65209.95000000,65209.96000000,65208.27000000,65208.28000000,21.98919000
1786303800000,2026-08-09T19:30:00.000Z,65208.27000000,65208.28000000,65201.43000000,65201.43000000,13.71130000
1786304100000,2026-08-09T19:35:00.000Z,65201.44000000,65201.44000000,65199.96000000,65199.96000000,14.08991000
1786304400000,2026-08-09T19:40:00.000Z,65199.96000000,65199.97000000,65197.94000000,65197.94000000,18.91043000
1786304700000,2026-08-09T19:45:00.000Z,65197.94000000,65197.94000000,65179.88000000,65188.01000000,25.34244000
1786305000000,2026-08-09T19:50:00.000Z,65188.00000000,65193.59000000,65179.72000000,65180.00000000,24.10085000
1786305300000,2026-08-09T19:55:00.000Z,65180.01000000,65186.72000000,65180.00000000,65180.66000000,34.60129000
1786305600000,2026-08-09T20:00:00.000Z,65180.66000000,65181.99000000,65154.99000000,65154.99000000,29.91386000
1786305900000,2026-08-09T20:05:00.000Z,65155.00000000,65155.00000000,65140.00000000,65140.00000000,11.39855000
1786306200000,2026-08-09T20:10:00.000Z,65140.01000000,65140.01000000,65046.25000000,65073.30000000,155.73930000
1786306500000,2026-08-09T20:15:00.000Z,65073.30000000,65135.24000000,65073.29000000,65108.46000000,38.28455000
1786306800000,2026-08-09T20:20:00.000Z,65108.46000000,65149.34000000,65108.46000000,65118.23000000,44.72294000
1786307100000,2026-08-09T20:25:00.000Z,65118.22000000,65136.00000000,65090.99000000,65127.73000000,40.64632000
1786307400000,2026-08-09T20:30:00.000Z,65127.73000000,65163.31000000,65127.73000000,65160.00000000,52.82417000
1786307700000,2026-08-09T20:35:00.000Z,65160.00000000,65160.00000000,65142.93000000,65142.93000000,25.17216000
1786308000000,2026-08-09T20:40:00.000Z,65142.93000000,65142.94000000,65139.95000000,65139.96000000,8.77744000
1786308300000,2026-08-09T20:45:00.000Z,65139.96000000,65139.96000000,65134.39000000,65134.39000000,12.71152000
1786308600000,2026-08-09T20:50:00.000Z,65134.39000000,65137.79000000,65127.53000000,65137.78000000,29.58438000
1786308900000,2026-08-09T20:55:00.000Z,65137.79000000,65138.00000000,65137.78000000,65137.96000000,16.22235000
1786309200000,2026-08-09T21:00:00.000Z,65137.96000000,65137.97000000,65127.05000000,65136.52000000,25.88828000
1786309500000,2026-08-09T21:05:00.000Z,65136.53000000,65137.98000000,65128.41000000,65137.96000000,37.10487000
1786309800000,2026-08-09T21:10:00.000Z,65137.95000000,65137.96000000,65126.00000000,65126.00000000,24.14181000
1786310100000,2026-08-09T21:15:00.000Z,65126.00000000,65141.89000000,65125.99000000,65126.12000000,45.55724000
1786310400000,2026-08-09T21:20:00.000Z,65126.13000000,65129.08000000,65115.05000000,65129.08000000,37.69600000
1786310700000,2026-08-09T21:25:00.000Z,65129.08000000,65136.71000000,65129.08000000,65133.46000000,44.18924000
1786311000000,2026-08-09T21:30:00.000Z,65133.47000000,65136.62000000,65133.46000000,65136.59000000,56.99148000
1786311300000,2026-08-09T21:35:00.000Z,65136.59000000,65236.70000000,65136.57000000,65236.70000000,74.40557000
1786311600000,2026-08-09T21:40:00.000Z,65236.70000000,65250.00000000,65194.20000000,65222.95000000,88.06933000
1786311900000,2026-08-09T21:45:00.000Z,65222.96000000,65223.76000000,65198.91000000,65198.91000000,18.62132000
1786312200000,2026-08-09T21:50:00.000Z,65198.91000000,65198.91000000,65184.92000000,65184.92000000,9.15636000
1786312500000,2026-08-09T21:55:00.000Z,65184.93000000,65202.00000000,65184.38000000,65192.99000000,23.50085000
1786312800000,2026-08-09T22:00:00.000Z,65192.99000000,65252.55000000,65192.99000000,65250.73000000,37.32735000
1786313100000,2026-08-09T22:05:00.000Z,65250.74000000,65289.58000000,65246.95000000,65277.70000000,57.11960000
1786313400000,2026-08-09T22:10:00.000Z,65277.70000000,65474.46000000,65264.84000000,65408.05000000,340.19706000
1786313700000,2026-08-09T22:15:00.000Z,65408.05000000,65443.27000000,65288.82000000,65310.01000000,95.22796000
1786314000000,2026-08-09T22:20:00.000Z,65310.00000000,65329.99000000,65212.15000000,65212.16000000,48.96458000
1786314300000,2026-08-09T22:25:00.000Z,65212.15000000,65236.50000000,65212.15000000,65230.62000000,41.88256000
1786314600000,2026-08-09T22:30:00.000Z,65230.62000000,65243.90000000,65046.00000000,65092.62000000,66.05586000
1786314900000,2026-08-09T22:35:00.000Z,65092.98000000,65100.00000000,64971.41000000,64990.11000000,154.94332000
1786315200000,2026-08-09T22:40:00.000Z,64990.11000000,65034.00000000,64980.36000000,65029.69000000,24.56479000
1786315500000,2026-08-09T22:45:00.000Z,65029.70000000,65029.70000000,64995.67000000,65016.97000000,14.33683000
1786315800000,2026-08-09T22:50:00.000Z,65016.96000000,65057.70000000,64971.50000000,65057.70000000,28.34059000
1786316100000,2026-08-09T22:55:00.000Z,65058.00000000,65099.59000000,65058.00000000,65077.13000000,32.59271000
1786316400000,2026-08-09T23:00:00.000Z,65077.13000000,65091.11000000,65030.00000000,65089.68000000,18.22402000
1786316700000,2026-08-09T23:05:00.000Z,65089.67000000,65108.00000000,64989.00000000,64995.99000000,49.85215000
1786317000000,2026-08-09T23:10:00.000Z,64995.99000000,65055.42000000,64995.99000000,65022.00000000,15.24238000
1786317300000,2026-08-09T23:15:00.000Z,65022.00000000,65052.00000000,64994.20000000,65005.99000000,21.04553000
1786317600000,2026-08-09T23:20:00.000Z,65006.00000000,65006.00000000,64911.76000000,64973.18000000,48.07268000
1786317900000,2026-08-09T23:25:00.000Z,64973.17000000,64973.17000000,64901.00000000,64915.85000000,25.36294000
1786318200000,2026-08-09T23:30:00.000Z,64915.84000000,64915.85000000,64851.01000000,64868.78000000,102.73074000
1786318500000,2026-08-09T23:35:00.000Z,64868.78000000,64940.16000000,64863.42000000,64876.27000000,45.27680000
1786318800000,2026-08-09T23:40:00.000Z,64876.28000000,64913.83000000,64868.00000000,64903.04000000,21.40644000
1786319100000,2026-08-09T23:45:00.000Z,64903.04000000,64930.00000000,64903.03000000,64925.29000000,15.44783000
1786319400000,2026-08-09T23:50:00.000Z,64925.29000000,64925.29000000,64880.90000000,64880.90000000,22.09562000
1786319700000,2026-08-09T23:55:00.000Z,64880.89000000,64906.00000000,64842.59000000,64901.59000000,36.66610000
1786320000000,2026-08-10T00:00:00.000Z,64901.59000000,64915.32000000,64846.69000000,64896.00000000,29.39330000
1786320300000,2026-08-10T00:05:00.000Z,64896.00000000,65053.03000000,64895.99000000,65046.01000000,55.62506000
1786320600000,2026-08-10T00:10:00.000Z,65046.00000000,65322.58000000,65043.28000000,65144.67000000,136.21356000
1786320900000,2026-08-10T00:15:00.000Z,65144.66000000,65169.78000000,65093.76000000,65093.77000000,50.56822000
1786321200000,2026-08-10T00:20:00.000Z,65093.77000000,65122.32000000,64980.59000000,64983.99000000,42.48540000
1786321500000,2026-08-10T00:25:00.000Z,64984.00000000,65047.71000000,64984.00000000,65006.01000000,37.45274000
1786321800000,2026-08-10T00:30:00.000Z,65006.00000000,65045.65000000,64992.00000000,65016.01000000,15.02431000
1786322100000,2026-08-10T00:35:00.000Z,65016.00000000,65016.01000000,64890.00000000,64890.00000000,40.26622000
1786322400000,2026-08-10T00:40:00.000Z,64890.01000000,64934.65000000,64826.78000000,64838.00000000,75.30024000
1786322700000,2026-08-10T00:45:00.000Z,64838.00000000,64943.97000000,64838.00000000,64943.97000000,25.86632000
1786323000000,2026-08-10T00:50:00.000Z,64943.97000000,65040.61000000,64943.96000000,65002.63000000,29.26229000
1786323300000,2026-08-10T00:55:00.000Z,65002.64000000,65026.88000000,64956.00000000,64968.01000000,18.99159000
1786323600000,2026-08-10T01:00:00.000Z,64968.21000000,65030.00000000,64958.35000000,64977.99000000,24.49507000
1786323900000,2026-08-10T01:05:00.000Z,64977.99000000,64992.96000000,64900.79000000,64978.38000000,26.30460000
1786324200000,2026-08-10T01:10:00.000Z,64978.38000000,65023.05000000,64978.37000000,65001.38000000,18.18583000
1786324500000,2026-08-10T01:15:00.000Z,65001.39000000,65055.86000000,65001.38000000,65034.44000000,16.17396000
1786324800000,2026-08-10T01:20:00.000Z,65034.44000000,65046.32000000,65004.01000000,65042.00000000,18.50405000
1786325100000,2026-08-10T01:25:00.000Z,65041.99000000,65070.00000000,65008.00000000,65008.01000000,13.64456000
1786325400000,2026-08-10T01:30:00.000Z,65008.00000000,65013.74000000,64950.00000000,64954.00000000,22.18988000
1786325700000,2026-08-10T01:35:00.000Z,64954.01000000,64959.72000000,64900.00000000,64951.73000000,33.65502000
1786326000000,2026-08-10T01:40:00.000Z,64951.73000000,64988.00000000,64951.73000000,64970.71000000,14.05662000
1786326300000,2026-08-10T01:45:00.000Z,64970.70000000,65261.21000000,64970.70000000,65245.72000000,74.93258000
1786326600000,2026-08-10T01:50:00.000Z,65245.73000000,65391.14000000,65206.66000000,65208.00000000,106.94551000
1786326900000,2026-08-10T01:55:00.000Z,65208.00000000,65218.29000000,65184.01000000,65189.99000000,41.17380000
1786327200000,2026-08-10T02:00:00.000Z,65190.00000000,65205.84000000,65095.63000000,65131.58000000,85.26318000
1786327500000,2026-08-10T02:05:00.000Z,65131.59000000,65138.75000000,65078.00000000,65106.27000000,53.87494000
1786327800000,2026-08-10T02:10:00.000Z,65106.26000000,65128.00000000,65094.00000000,65103.37000000,34.18799000
1786328100000,2026-08-10T02:15:00.000Z,65103.38000000,65103.38000000,64932.00000000,64932.01000000,44.61773000
1786328400000,2026-08-10T02:20:00.000Z,64932.01000000,64968.00000000,64929.99000000,64934.50000000,29.77170000
1786328700000,2026-08-10T02:25:00.000Z,64934.49000000,64974.09000000,64903.54000000,64955.78000000,31.94823000
1786329000000,2026-08-10T02:30:00.000Z,64955.78000000,65000.00000000,64955.78000000,64976.70000000,14.29350000
1786329300000,2026-08-10T02:35:00.000Z,64976.69000000,65014.00000000,64972.00000000,65014.00000000,13.45702000
1786329600000,2026-08-10T02:40:00.000Z,65014.00000000,65220.00000000,65014.00000000,65200.48000000,54.56931000
1786329900000,2026-08-10T02:45:00.000Z,65200.22000000,65200.22000000,65099.99000000,65108.52000000,24.25024000
1786330200000,2026-08-10T02:50:00.000Z,65108.51000000,65134.00000000,65087.20000000,65097.60000000,30.40436000
1786330500000,2026-08-10T02:55:00.000Z,65097.60000000,65100.00000000,65078.01000000,65099.99000000,16.07500000
1786330800000,2026-08-10T03:00:00.000Z,65099.99000000,65104.73000000,65050.00000000,65063.15000000,27.24483000
1786331100000,2026-08-10T03:05:00.000Z,65063.15000000,65080.00000000,65036.25000000,65073.67000000,23.78158000
1786331400000,2026-08-10T03:10:00.000Z,65073.67000000,65073.67000000,64962.79000000,64962.80000000,38.85939000
1786331700000,2026-08-10T03:15:00.000Z,64962.80000000,65050.00000000,64904.99000000,65043.76000000,38.58604000
1786332000000,2026-08-10T03:20:00.000Z,65043.76000000,65141.95000000,65043.75000000,65133.70000000,33.52425000
1786332300000,2026-08-10T03:25:00.000Z,65133.71000000,65172.00000000,65028.94000000,65028.95000000,24.44353000
1786332600000,2026-08-10T03:30:00.000Z,65028.94000000,65064.90000000,65004.75000000,65064.00000000,17.01850000
1786332900000,2026-08-10T03:35:00.000Z,65064.00000000,65095.62000000,65063.76000000,65072.44000000,12.58196000
1786333200000,2026-08-10T03:40:00.000Z,65072.44000000,65079.56000000,65009.22000000,65024.81000000,38.07821000
1786333500000,2026-08-10T03:45:00.000Z,65024.82000000,65059.77000000,65024.82000000,65050.73000000,35.28895000
1786333800000,2026-08-10T03:50:00.000Z,65050.74000000,65050.74000000,64988.00000000,64988.01000000,17.43411000
1786334100000,2026-08-10T03:55:00.000Z,64988.01000000,64997.88000000,64957.01000000,64982.01000000,28.78914000
1786334400000,2026-08-10T04:00:00.000Z,64982.00000000,65051.33000000,64960.01000000,65051.33000000,32.85739000
1786334700000,2026-08-10T04:05:00.000Z,65051.34000000,65069.37000000,65020.00000000,65044.31000000,13.71216000
1786335000000,2026-08-10T04:10:00.000Z,65044.32000000,65072.00000000,65036.00000000,65071.99000000,5.94398000
1786335300000,2026-08-10T04:15:00.000Z,65071.99000000,65100.00000000,65065.65000000,65065.65000000,12.80179000
1786335600000,2026-08-10T04:20:00.000Z,65065.66000000,65078.00000000,65050.29000000,65050.29000000,7.84547000
1786335900000,2026-08-10T04:25:00.000Z,65050.29000000,65075.00000000,65025.53000000,65025.54000000,88.47438000
1786336200000,2026-08-10T04:30:00.000Z,65025.53000000,65037.03000000,65002.78000000,65027.79000000,21.29605000
1786336500000,2026-08-10T04:35:00.000Z,65027.80000000,65036.00000000,65001.26000000,65001.26000000,11.53784000
1786336800000,2026-08-10T04:40:00.000Z,65001.26000000,65009.34000000,64924.00000000,65009.33000000,107.01559000
1786337100000,2026-08-10T04:45:00.000Z,65009.34000000,65052.99000000,65009.33000000,65030.01000000,13.18125000
1786337400000,2026-08-10T04:50:00.000Z,65030.01000000,65040.00000000,65026.00000000,65026.00000000,6.81599000
1786337700000,2026-08-10T04:55:00.000Z,65026.01000000,65026.01000000,64982.25000000,65006.73000000,12.01124000
1786338000000,2026-08-10T05:00:00.000Z,65006.74000000,65023.05000000,64998.76000000,65023.04000000,13.22750000
1786338300000,2026-08-10T05:05:00.000Z,65023.05000000,65052.99000000,65023.04000000,65052.99000000,7.34102000
1786338600000,2026-08-10T05:10:00.000Z,65052.99000000,65052.99000000,64979.88000000,64987.59000000,62.18900000
1786338900000,2026-08-10T05:15:00.000Z,64987.60000000,65035.95000000,64987.60000000,65002.00000000,71.02725000
1786339200000,2026-08-10T05:20:00.000Z,65002.01000000,65052.57000000,65002.00000000,65052.57000000,10.75238000
1786339500000,2026-08-10T05:25:00.000Z,65052.57000000,65064.00000000,65028.08000000,65041.17000000,16.99351000
1786339800000,2026-08-10T05:30:00.000Z,65041.18000000,65048.89000000,65028.00000000,65048.89000000,9.75629000
1786340100000,2026-08-10T05:35:00.000Z,65048.90000000,65083.80000000,65048.90000000,65062.00000000,10.00230000
1786340400000,2026-08-10T05:40:00.000Z,65062.01000000,65083.60000000,65060.96000000,65083.59000000,4.70752000
1786340700000,2026-08-10T05:45:00.000Z,65083.60000000,65085.99000000,65054.75000000,65054.76000000,13.82929000
1786341000000,2026-08-10T05:50:00.000Z,65054.76000000,65150.00000000,65054.75000000,65140.78000000,45.28331000
1786341300000,2026-08-10T05:55:00.000Z,65140.79000000,65159.25000000,65130.00000000,65134.00000000,34.52666000
1786341600000,2026-08-10T06:00:00.000Z,65134.00000000,65211.22000000,65130.01000000,65185.28000000,52.88929000
1786341900000,2026-08-10T06:05:00.000Z,65185.28000000,65281.54000000,65177.10000000,65177.10000000,38.54794000
1786342200000,2026-08-10T06:10:00.000Z,65177.11000000,65211.26000000,65169.38000000,65200.99000000,23.52335000
1786342500000,2026-08-10T06:15:00.000Z,65200.98000000,65237.94000000,65185.05000000,65235.97000000,34.48593000
1786342800000,2026-08-10T06:20:00.000Z,65235.92000000,65235.93000000,65192.00000000,65207.47000000,23.85683000
1786343100000,2026-08-10T06:25:00.000Z,65207.48000000,65207.48000000,65150.00000000,65167.99000000,18.07714000
1786343400000,2026-08-10T06:30:00.000Z,65168.00000000,65196.85000000,65167.99000000,65196.84000000,8.94296000
1786343700000,2026-08-10T06:35:00.000Z,65196.84000000,65199.40000000,65193.99000000,65199.39000000,9.69607000
1786344000000,2026-08-10T06:40:00.000Z,65199.40000000,65270.00000000,65193.99000000,65245.64000000,112.22156000
1786344300000,2026-08-10T06:45:00.000Z,65245.65000000,65247.16000000,65241.92000000,65244.00000000,28.03313000
1786344600000,2026-08-10T06:50:00.000Z,65243.99000000,65284.44000000,65243.99000000,65273.68000000,45.44692000
1786344900000,2026-08-10T06:55:00.000Z,65273.68000000,65339.70000000,65273.68000000,65299.40000000,38.21549000
1786345200000,2026-08-10T07:00:00.000Z,65299.40000000,65307.28000000,65264.97000000,65283.12000000,31.76782000
1786345500000,2026-08-10T07:05:00.000Z,65283.12000000,65284.01000000,65258.98000000,65266.00000000,14.54761000
1786345800000,2026-08-10T07:10:00.000Z,65266.00000000,65280.80000000,65265.99000000,65266.01000000,11.18038000
1786346100000,2026-08-10T07:15:00.000Z,65266.00000000,65269.47000000,65232.58000000,65269.47000000,18.10974000
1786346400000,2026-08-10T07:20:00.000Z,65269.48000000,65314.00000000,65269.48000000,65314.00000000,35.33664000
1786346700000,2026-08-10T07:25:00.000Z,65314.00000000,65334.34000000,65292.00000000,65323.60000000,28.20047000
1786347000000,2026-08-10T07:30:00.000Z,65323.60000000,65356.61000000,65312.01000000,65343.13000000,83.12213000
1786347300000,2026-08-10T07:35:00.000Z,65343.12000000,65379.13000000,65326.92000000,65328.13000000,104.52051000
1786347600000,2026-08-10T07:40:00.000Z,65328.13000000,65336.35000000,65325.08000000,65326.46000000,67.73394000
1786347900000,2026-08-10T07:45:00.000Z,65326.45000000,65332.00000000,65243.25000000,65243.25000000,57.89532000
1786348200000,2026-08-10T07:50:00.000Z,65243.25000000,65251.61000000,65204.09000000,65204.10000000,54.47259000
1786348500000,2026-08-10T07:55:00.000Z,65204.10000000,65204.10000000,65196.53000000,65202.73000000,47.12472000
1786348800000,2026-08-10T08:00:00.000Z,65202.72000000,65309.09000000,65202.72000000,65302.01000000,44.51267000
1786349100000,2026-08-10T08:05:00.000Z,65302.01000000,65302.01000000,65253.10000000,65267.99000000,22.06233000
1786349400000,2026-08-10T08:10:00.000Z,65267.99000000,65268.00000000,65250.00000000,65262.15000000,17.36122000
1786349700000,2026-08-10T08:15:00.000Z,65262.16000000,65279.30000000,65230.00000000,65279.29000000,38.70887000
1786350000000,2026-08-10T08:20:00.000Z,65279.29000000,65297.89000000,65253.49000000,65297.88000000,31.39359000
1786350300000,2026-08-10T08:25:00.000Z,65297.89000000,65328.73000000,65281.55000000,65289.28000000,21.51044000
1786350600000,2026-08-10T08:30:00.000Z,65289.29000000,65300.00000000,65284.00000000,65284.00000000,18.12436000
1786350900000,2026-08-10T08:35:00.000Z,65284.00000000,65284.01000000,65242.32000000,65242.32000000,19.25843000
1786351200000,2026-08-10T08:40:00.000Z,65242.33000000,65242.33000000,65192.00000000,65224.79000000,52.37910000
1786351500000,2026-08-10T08:45:00.000Z,65224.80000000,65224.80000000,65212.00000000,65212.00000000,4.89467000
1786351800000,2026-08-10T08:50:00.000Z,65212.01000000,65266.80000000,65212.00000000,65227.91000000,25.37027000
1786352100000,2026-08-10T08:55:00.000Z,65227.90000000,65254.74000000,65227.90000000,65245.58000000,21.23561000
1786352400000,2026-08-10T09:00:00.000Z,65245.59000000,65245.59000000,65186.00000000,65218.47000000,40.18451000
1786352700000,2026-08-10T09:05:00.000Z,65218.47000000,65223.71000000,65199.90000000,65223.70000000,13.01349000
1786353000000,2026-08-10T09:10:00.000Z,65223.71000000,65233.13000000,65196.99000000,65224.01000000,11.97137000
1786353300000,2026-08-10T09:15:00.000Z,65224.00000000,65224.01000000,65202.46000000,65202.46000000,11.43121000
1786353600000,2026-08-10T09:20:00.000Z,65202.47000000,65202.47000000,65175.39000000,65196.08000000,22.04763000
1786353900000,2026-08-10T09:25:00.000Z,65196.07000000,65196.07000000,65162.00000000,65164.62000000,15.02068000
1786354200000,2026-08-10T09:30:00.000Z,65164.61000000,65164.61000000,65094.12000000,65122.82000000,31.89085000
1786354500000,2026-08-10T09:35:00.000Z,65122.82000000,65130.40000000,65071.78000000,65079.20000000,34.43608000
1786354800000,2026-08-10T09:40:00.000Z,65079.20000000,65079.20000000,65040.43000000,65052.58000000,28.06125000
1786355100000,2026-08-10T09:45:00.000Z,65052.58000000,65052.58000000,64963.41000000,64969.89000000,83.81056000
1786355400000,2026-08-10T09:50:00.000Z,64969.89000000,64993.69000000,64958.87000000,64960.45000000,48.79033000
1786355700000,2026-08-10T09:55:00.000Z,64960.45000000,64993.58000000,64960.00000000,64967.24000000,48.68813000
1786356000000,2026-08-10T10:00:00.000Z,64967.25000000,65045.81000000,64967.24000000,65042.04000000,32.19572000
1786356300000,2026-08-10T10:05:00.000Z,65042.04000000,65074.61000000,65032.49000000,65048.51000000,26.93097000
1786356600000,2026-08-10T10:10:00.000Z,65048.51000000,65048.51000000,65036.31000000,65043.60000000,13.64868000
1786356900000,2026-08-10T10:15:00.000Z,65043.61000000,65043.61000000,65013.70000000,65017.47000000,14.52546000
1786357200000,2026-08-10T10:20:00.000Z,65017.48000000,65064.90000000,65001.04000000,65053.10000000,28.81303000
1786357500000,2026-08-10T10:25:00.000Z,65053.11000000,65064.00000000,65013.46000000,65017.08000000,64.32008000
1786357800000,2026-08-10T10:30:00.000Z,65017.08000000,65056.14000000,65017.08000000,65031.82000000,63.99445000
1786358100000,2026-08-10T10:35:00.000Z,65031.81000000,65032.57000000,65020.00000000,65025.54000000,14.83527000
1786358400000,2026-08-10T10:40:00.000Z,65025.54000000,65025.55000000,64999.97000000,65002.61000000,71.84156000
1786358700000,2026-08-10T10:45:00.000Z,65002.62000000,65053.88000000,65002.61000000,65050.00000000,74.90307000
1786359000000,2026-08-10T10:50:00.000Z,65050.01000000,65050.01000000,65028.75000000,65028.76000000,9.80909000
1786359300000,2026-08-10T10:55:00.000Z,65028.76000000,65029.44000000,65013.06000000,65013.06000000,12.67872000
1786359600000,2026-08-10T11:00:00.000Z,65013.07000000,65023.28000000,64991.57000000,65000.00000000,15.57347000
1786359900000,2026-08-10T11:05:00.000Z,65000.00000000,65033.81000000,64999.99000000,65017.17000000,20.39216000
1786360200000,2026-08-10T11:10:00.000Z,65017.17000000,65017.18000000,64977.93000000,65011.37000000,14.11040000
1786360500000,2026-08-10T11:15:00.000Z,65011.37000000,65062.00000000,65011.36000000,65061.99000000,9.59887000
1786360800000,2026-08-10T11:20:00.000Z,65061.99000000,65090.00000000,65046.87000000,65049.00000000,18.68806000
1786361100000,2026-08-10T11:25:00.000Z,65049.00000000,65086.32000000,65048.99000000,65079.72000000,12.29410000
1786361400000,2026-08-10T11:30:00.000Z,65079.72000000,65099.09000000,65068.00000000,65099.08000000,12.54873000
1786361700000,2026-08-10T11:35:00.000Z,65099.09000000,65099.09000000,65059.12000000,65074.50000000,12.13456000
1786362000000,2026-08-10T11:40:00.000Z,65074.50000000,65078.37000000,65061.60000000,65061.60000000,13.64350000
1786362300000,2026-08-10T11:45:00.000Z,65061.60000000,65083.86000000,65061.60000000,65077.14000000,13.49133000
1786362600000,2026-08-10T11:50:00.000Z,65077.14000000,65099.09000000,65073.77000000,65098.77000000,8.41128000
1786362900000,2026-08-10T11:55:00.000Z,65098.78000000,65130.16000000,65098.77000000,65125.98000000,9.45084000
1786363200000,2026-08-10T12:00:00.000Z,65125.99000000,65237.80000000,65106.00000000,65185.63000000,55.49972000
1786363500000,2026-08-10T12:05:00.000Z,65185.63000000,65190.17000000,65155.07000000,65179.36000000,17.13529000
1786363800000,2026-08-10T12:10:00.000Z,65179.37000000,65200.56000000,65125.10000000,65126.00000000,40.85847000
1786364100000,2026-08-10T12:15:00.000Z,65126.01000000,65126.01000000,65079.80000000,65082.00000000,34.57290000
1786364400000,2026-08-10T12:20:00.000Z,65082.01000000,65106.00000000,65081.10000000,65081.11000000,39.64880000
1786364700000,2026-08-10T12:25:00.000Z,65081.11000000,65081.66000000,65041.45000000,65055.00000000,40.58446000
1786365000000,2026-08-10T12:30:00.000Z,65055.00000000,65056.80000000,64983.68000000,64983.69000000,55.11415000
1786365300000,2026-08-10T12:35:00.000Z,64983.69000000,64997.89000000,64924.52000000,64924.55000000,59.73163000
1786365600000,2026-08-10T12:40:00.000Z,64924.54000000,65018.00000000,64911.18000000,65018.00000000,74.06228000
1786365900000,2026-08-10T12:45:00.000Z,65018.00000000,65018.00000000,64968.37000000,64976.02000000,48.23800000
1786366200000,2026-08-10T12:50:00.000Z,64976.01000000,64980.00000000,64899.04000000,64928.94000000,62.04909000
1786366500000,2026-08-10T12:55:00.000Z,64928.94000000,64928.94000000,64850.00000000,64870.75000000,68.62908000
1786366800000,2026-08-10T13:00:00.000Z,64870.74000000,64912.32000000,64848.38000000,64881.99000000,55.20642000
1786367100000,2026-08-10T13:05:00.000Z,64882.00000000,64905.29000000,64864.76000000,64881.99000000,47.08449000
1786367400000,2026-08-10T13:10:00.000Z,64882.00000000,64884.16000000,64862.00000000,64884.16000000,38.06909000
1786367700000,2026-08-10T13:15:00.000Z,64884.15000000,64956.00000000,64883.52000000,64951.00000000,52.72450000
1786368000000,2026-08-10T13:20:00.000Z,64951.23000000,64973.72000000,64906.23000000,64954.66000000,60.84632000
1786368300000,2026-08-10T13:25:00.000Z,64954.66000000,64954.67000000,64892.32000000,64929.45000000,71.64479000
1786368600000,2026-08-10T13:30:00.000Z,64929.46000000,64940.31000000,64670.00000000,64688.89000000,310.44257000
1786368900000,2026-08-10T13:35:00.000Z,64688.89000000,64854.00000000,64656.00000000,64681.14000000,190.19490000
1786369200000,2026-08-10T13:40:00.000Z,64681.14000000,64694.13000000,64607.26000000,64646.01000000,147.49841000
1786369500000,2026-08-10T13:45:00.000Z,64646.00000000,64685.84000000,64534.57000000,64564.00000000,111.04500000
1786369800000,2026-08-10T13:50:00.000Z,64564.00000000,64626.57000000,64522.00000000,64547.23000000,141.04332000
1786370100000,2026-08-10T13:55:00.000Z,64547.22000000,64599.75000000,64518.01000000,64561.98000000,71.44258000
1786370400000,2026-08-10T14:00:00.000Z,64561.98000000,64713.50000000,64544.01000000,64699.93000000,117.93459000
1786370700000,2026-08-10T14:05:00.000Z,64699.94000000,64716.49000000,64604.00000000,64662.09000000,101.16795000
1786371000000,2026-08-10T14:10:00.000Z,64662.08000000,64753.60000000,64621.08000000,64752.00000000,66.84190000
1786371300000,2026-08-10T14:15:00.000Z,64752.00000000,64786.00000000,64715.70000000,64778.02000000,56.38738000
1786371600000,2026-08-10T14:20:00.000Z,64778.02000000,64793.91000000,64722.96000000,64722.96000000,46.03732000
1786371900000,2026-08-10T14:25:00.000Z,64722.96000000,64829.74000000,64716.00000000,64786.01000000,32.22328000
1786372200000,2026-08-10T14:30:00.000Z,64786.00000000,64802.00000000,64759.95000000,64797.53000000,37.35242000
1786372500000,2026-08-10T14:35:00.000Z,64797.53000000,64868.64000000,64766.30000000,64780.18000000,33.65567000
1786372800000,2026-08-10T14:40:00.000Z,64780.18000000,64888.32000000,64780.18000000,64828.55000000,37.46209000
1786373100000,2026-08-10T14:45:00.000Z,64828.56000000,64861.67000000,64785.53000000,64785.54000000,27.83513000
1786373400000,2026-08-10T14:50:00.000Z,64785.54000000,64796.94000000,64634.02000000,64681.99000000,49.88835000
1786373700000,2026-08-10T14:55:00.000Z,64682.00000000,64683.29000000,64608.00000000,64625.77000000,43.51206000
1786374000000,2026-08-10T15:00:00.000Z,64625.77000000,64680.00000000,64582.01000000,64675.01000000,45.15472000
1786374300000,2026-08-10T15:05:00.000Z,64675.01000000,64700.00000000,64647.59000000,64674.64000000,34.65940000
1786374600000,2026-08-10T15:10:00.000Z,64674.64000000,64711.43000000,64534.00000000,64562.00000000,80.22017000
1786374900000,2026-08-10T15:15:00.000Z,64562.00000000,64639.79000000,64500.00000000,64519.02000000,117.20523000
1786375200000,2026-08-10T15:20:00.000Z,64519.02000000,64530.97000000,64383.28000000,64386.42000000,151.80061000
1786375500000,2026-08-10T15:25:00.000Z,64386.43000000,64396.00000000,64310.00000000,64396.00000000,122.30822000
1786375800000,2026-08-10T15:30:00.000Z,64396.00000000,64413.46000000,64346.87000000,64346.87000000,48.90961000
1786376100000,2026-08-10T15:35:00.000Z,64346.88000000,64355.98000000,64239.22000000,64290.06000000,127.47379000
1786376400000,2026-08-10T15:40:00.000Z,64290.06000000,64369.80000000,64278.00000000,64338.64000000,74.18599000
1786376700000,2026-08-10T15:45:00.000Z,64338.65000000,64357.41000000,64225.99000000,64234.52000000,127.31234000
1786377000000,2026-08-10T15:50:00.000Z,64234.52000000,64312.94000000,64203.15000000,64234.19000000,113.07129000
1786377300000,2026-08-10T15:55:00.000Z,64234.18000000,64300.00000000,64209.12000000,64299.99000000,54.03854000
1786377600000,2026-08-10T16:00:00.000Z,64299.99000000,64337.99000000,64196.01000000,64337.99000000,113.45749000
1786377900000,2026-08-10T16:05:00.000Z,64338.00000000,64354.00000000,64237.15000000,64241.21000000,65.78607000
1786378200000,2026-08-10T16:10:00.000Z,64241.20000000,64264.00000000,64216.29000000,64218.01000000,116.76154000
1786378500000,2026-08-10T16:15:00.000Z,64218.00000000,64218.01000000,64068.71000000,64085.91000000,176.38968000
1786378800000,2026-08-10T16:20:00.000Z,64085.91000000,64113.96000000,63988.00000000,64113.95000000,232.68183000
1786379100000,2026-08-10T16:25:00.000Z,64113.96000000,64135.80000000,64106.45000000,64123.63000000,76.00238000
1786379400000,2026-08-10T16:30:00.000Z,64123.62000000,64124.00000000,64056.67000000,64080.00000000,116.77397000
1786379700000,2026-08-10T16:35:00.000Z,64080.00000000,64150.75000000,64080.00000000,64150.75000000,49.39585000
1786380000000,2026-08-10T16:40:00.000Z,64150.76000000,64180.71000000,63949.99000000,63966.00000000,146.02101000
1786380300000,2026-08-10T16:45:00.000Z,63966.00000000,63972.29000000,63907.16000000,63934.01000000,143.26027000
1786380600000,2026-08-10T16:50:00.000Z,63934.01000000,63952.81000000,63839.55000000,63842.47000000,155.54610000
1786380900000,2026-08-10T16:55:00.000Z,63842.47000000,63912.00000000,63830.57000000,63904.65000000,105.99306000
1786381200000,2026-08-10T17:00:00.000Z,63904.65000000,63941.03000000,63845.61000000,63850.05000000,130.48980000
1786381500000,2026-08-10T17:05:00.000Z,63850.06000000,63952.00000000,63832.00000000,63941.94000000,127.03580000
1786381800000,2026-08-10T17:10:00.000Z,63941.94000000,64014.00000000,63941.94000000,63996.00000000,108.04999000
1786382100000,2026-08-10T17:15:00.000Z,63996.01000000,63996.01000000,63930.52000000,63933.28000000,68.24494000
1786382400000,2026-08-10T17:20:00.000Z,63933.29000000,63958.22000000,63927.72000000,63932.28000000,111.73547000
1786382700000,2026-08-10T17:25:00.000Z,63932.28000000,64004.87000000,63923.07000000,63923.08000000,95.05610000
1786383000000,2026-08-10T17:30:00.000Z,63923.07000000,63994.95000000,63903.98000000,63979.98000000,105.73106000
1786383300000,2026-08-10T17:35:00.000Z,63979.97000000,63979.98000000,63938.85000000,63959.71000000,82.27666000
1786383600000,2026-08-10T17:40:00.000Z,63959.70000000,64027.12000000,63949.61000000,63949.62000000,104.46090000
1786383900000,2026-08-10T17:45:00.000Z,63949.61000000,63949.61000000,63876.00000000,63933.89000000,191.89905000
1786384200000,2026-08-10T17:50:00.000Z,63933.89000000,63976.00000000,63900.00000000,63900.01000000,77.05826000
1786384500000,2026-08-10T17:55:00.000Z,63900.01000000,63953.04000000,63890.00000000,63953.04000000,88.51615000
1786384800000,2026-08-10T18:00:00.000Z,63953.04000000,64009.73000000,63904.93000000,63904.94000000,118.05368000
1786385100000,2026-08-10T18:05:00.000Z,63904.94000000,63974.00000000,63895.49000000,63964.44000000,80.32584000
1786385400000,2026-08-10T18:10:00.000Z,63964.43000000,64020.64000000,63931.64000000,63938.06000000,79.88751000
1786385700000,2026-08-10T18:15:00.000Z,63938.05000000,63945.90000000,63881.75000000,63932.17000000,94.90946000
1786386000000,2026-08-10T18:20:00.000Z,63932.17000000,63990.00000000,63932.16000000,63990.00000000,50.95655000
1786386300000,2026-08-10T18:25:00.000Z,63990.00000000,64003.80000000,63900.13000000,63900.13000000,69.43881000
1786386600000,2026-08-10T18:30:00.000Z,63900.13000000,63931.18000000,63888.88000000,63909.97000000,89.57659000
1786386900000,2026-08-10T18:35:00.000Z,63909.96000000,63918.00000000,63806.27000000,63827.06000000,163.03995000
1786387200000,2026-08-10T18:40:00.000Z,63827.05000000,63888.00000000,63824.14000000,63888.00000000,55.04722000
1786387500000,2026-08-10T18:45:00.000Z,63888.00000000,63922.00000000,63843.98000000,63921.99000000,50.48147000
1786387800000,2026-08-10T18:50:00.000Z,63922.00000000,63928.00000000,63898.27000000,63898.27000000,44.09477000
1786388100000,2026-08-10T18:55:00.000Z,63898.26000000,63919.74000000,63886.04000000,63889.39000000,48.25353000
1786388400000,2026-08-10T19:00:00.000Z,63889.39000000,63932.00000000,63888.01000000,63908.82000000,54.02160000
1786388700000,2026-08-10T19:05:00.000Z,63908.81000000,63927.65000000,63900.54000000,63922.99000000,38.84332000
1786389000000,2026-08-10T19:10:00.000Z,63922.99000000,63927.28000000,63916.80000000,63927.28000000,39.13759000
1786389300000,2026-08-10T19:15:00.000Z,63927.27000000,63953.41000000,63906.15000000,63944.34000000,47.42655000
1786389600000,2026-08-10T19:20:00.000Z,63944.35000000,63995.86000000,63944.35000000,63995.86000000,38.84310000
1786389900000,2026-08-10T19:25:00.000Z,63995.85000000,64025.88000000,63995.85000000,64025.87000000,47.77875000
1786390200000,2026-08-10T19:30:00.000Z,64025.88000000,64101.34000000,64025.88000000,64077.75000000,55.83773000
1786390500000,2026-08-10T19:35:00.000Z,64077.75000000,64077.76000000,63931.07000000,63959.40000000,72.91366000
1786390800000,2026-08-10T19:40:00.000Z,63959.40000000,64042.00000000,63934.14000000,64031.35000000,47.93618000
1786391100000,2026-08-10T19:45:00.000Z,64031.36000000,64049.15000000,64008.00000000,64029.24000000,21.36433000
1786391400000,2026-08-10T19:50:00.000Z,64029.24000000,64049.15000000,63986.23000000,64033.56000000,46.08008000
1786391700000,2026-08-10T19:55:00.000Z,64033.56000000,64045.70000000,64012.00000000,64045.70000000,33.07995000
1786392000000,2026-08-10T20:00:00.000Z,64045.70000000,64073.77000000,64023.06000000,64061.59000000,27.69134000
1786392300000,2026-08-10T20:05:00.000Z,64061.59000000,64081.93000000,64057.58000000,64074.97000000,19.22182000
1786392600000,2026-08-10T20:10:00.000Z,64074.97000000,64089.97000000,64034.49000000,64051.99000000,27.21242000
1786392900000,2026-08-10T20:15:00.000Z,64051.99000000,64104.00000000,64046.76000000,64095.95000000,36.70804000
1786393200000,2026-08-10T20:20:00.000Z,64095.95000000,64095.95000000,64084.64000000,64091.26000000,20.60738000
1786393500000,2026-08-10T20:25:00.000Z,64091.25000000,64122.75000000,64091.25000000,64122.75000000,29.90802000
1786393800000,2026-08-10T20:30:00.000Z,64122.75000000,64124.00000000,64106.00000000,64115.24000000,22.90020000
1786394100000,2026-08-10T20:35:00.000Z,64115.23000000,64145.65000000,64112.13000000,64119.72000000,24.21978000
1786394400000,2026-08-10T20:40:00.000Z,64119.72000000,64215.21000000,64119.71000000,64176.35000000,30.58379000
1786394700000,2026-08-10T20:45:00.000Z,64176.34000000,64176.35000000,64140.59000000,64142.79000000,18.39103000
1786395000000,2026-08-10T20:50:00.000Z,64142.79000000,64175.73000000,64142.79000000,64152.66000000,17.55377000
1786395300000,2026-08-10T20:55:00.000Z,64152.65000000,64158.50000000,64148.10000000,64158.50000000,11.34476000
1786395600000,2026-08-10T21:00:00.000Z,64158.49000000,64158.50000000,64094.00000000,64114.41000000,17.34551000
1786395900000,2026-08-10T21:05:00.000Z,64114.41000000,64147.83000000,64114.40000000,64136.82000000,9.25355000
1786396200000,2026-08-10T21:10:00.000Z,64136.81000000,64136.82000000,64097.19000000,64113.83000000,26.26645000
1786396500000,2026-08-10T21:15:00.000Z,64113.83000000,64119.03000000,64098.00000000,64119.02000000,17.74391000
1786396800000,2026-08-10T21:20:00.000Z,64119.02000000,64119.02000000,64090.16000000,64090.16000000,11.27974000
1786397100000,2026-08-10T21:25:00.000Z,64090.17000000,64117.17000000,64072.72000000,64117.16000000,23.90140000
1786397400000,2026-08-10T21:30:00.000Z,64117.17000000,64119.03000000,64112.65000000,64112.65000000,12.25687000
1786397700000,2026-08-10T21:35:00.000Z,64112.65000000,64114.00000000,64080.27000000,64080.27000000,16.59531000
1786398000000,2026-08-10T21:40:00.000Z,64080.27000000,64091.17000000,64033.25000000,64040.81000000,36.67866000
1786398300000,2026-08-10T21:45:00.000Z,64040.81000000,64045.86000000,63987.42000000,63997.77000000,40.02243000
1786398600000,2026-08-10T21:50:00.000Z,63997.77000000,63997.78000000,63990.55000000,63993.12000000,6.83789000
1786398900000,2026-08-10T21:55:00.000Z,63993.12000000,64002.00000000,63987.00000000,63987.00000000,21.50215000
1786399200000,2026-08-10T22:00:00.000Z,63987.00000000,64023.37000000,63960.00000000,63971.98000000,44.71976000
1786399500000,2026-08-10T22:05:00.000Z,63971.98000000,64016.00000000,63960.89000000,64016.00000000,31.65549000
1786399800000,2026-08-10T22:10:00.000Z,64016.00000000,64045.42000000,64015.99000000,64040.65000000,24.31069000
1786400100000,2026-08-10T22:15:00.000Z,64040.66000000,64055.95000000,64040.65000000,64055.95000000,12.52866000
1786400400000,2026-08-10T22:20:00.000Z,64055.95000000,64055.95000000,64012.54000000,64012.54000000,17.67333000
1786400700000,2026-08-10T22:25:00.000Z,64012.55000000,64016.00000000,64010.00000000,64014.51000000,9.39911000
1786401000000,2026-08-10T22:30:00.000Z,64014.51000000,64014.52000000,63944.00000000,63944.01000000,15.85737000
1786401300000,2026-08-10T22:35:00.000Z,63944.00000000,63979.72000000,63944.00000000,63952.29000000,31.70119000
1786401600000,2026-08-10T22:40:00.000Z,63952.29000000,63986.00000000,63952.28000000,63986.00000000,9.92656000
1786401900000,2026-08-10T22:45:00.000Z,63986.00000000,63998.00000000,63985.99000000,63997.99000000,5.32138000
1786402200000,2026-08-10T22:50:00.000Z,63998.00000000,63998.00000000,63997.99000000,63998.00000000,6.10480000
1786402500000,2026-08-10T22:55:00.000Z,63997.99000000,64016.00000000,63997.99000000,64016.00000000,7.76893000
1786402800000,2026-08-10T23:00:00.000Z,64015.99000000,64020.00000000,63995.20000000,63995.20000000,45.78405000
1786403100000,2026-08-10T23:05:00.000Z,63995.21000000,63995.21000000,63980.69000000,63980.69000000,11.80953000
1786403400000,2026-08-10T23:10:00.000Z,63980.69000000,63989.64000000,63980.69000000,63984.00000000,9.41390000
1786403700000,2026-08-10T23:15:00.000Z,63984.01000000,63998.45000000,63984.00000000,63985.57000000,8.65555000
1786404000000,2026-08-10T23:20:00.000Z,63985.57000000,63985.58000000,63948.54000000,63982.04000000,21.09979000
1786404300000,2026-08-10T23:25:00.000Z,63982.05000000,63993.01000000,63957.09000000,63993.01000000,68.16953000
1786404600000,2026-08-10T23:30:00.000Z,63993.01000000,63993.01000000,63960.00000000,63960.01000000,65.93769000
1786404900000,2026-08-10T23:35:00.000Z,63960.00000000,63960.00000000,63920.69000000,63926.55000000,14.65415000
1786405200000,2026-08-10T23:40:00.000Z,63926.54000000,63972.00000000,63926.54000000,63968.00000000,14.70667000
1786405500000,2026-08-10T23:45:00.000Z,63968.00000000,63968.00000000,63947.25000000,63949.81000000,22.79579000
1786405800000,2026-08-10T23:50:00.000Z,63949.82000000,63984.86000000,63948.00000000,63948.00000000,32.26653000
1786406100000,2026-08-10T23:55:00.000Z,63948.01000000,63982.44000000,63948.00000000,63970.01000000,13.04303000
1786406400000,2026-08-11T00:00:00.000Z,63970.01000000,63970.01000000,63919.97000000,63944.50000000,30.10222000
1786406700000,2026-08-11T00:05:00.000Z,63944.51000000,63947.69000000,63895.64000000,63945.99000000,34.63381000
1786407000000,2026-08-11T00:10:00.000Z,63945.99000000,63995.01000000,63936.47000000,63995.01000000,203.20765000
1786407300000,2026-08-11T00:15:00.000Z,63995.00000000,63995.01000000,63931.29000000,63933.51000000,40.75977000
1786407600000,2026-08-11T00:20:00.000Z,63933.51000000,63991.60000000,63926.00000000,63967.53000000,33.41266000
1786407900000,2026-08-11T00:25:00.000Z,63967.52000000,63999.99000000,63964.93000000,63986.18000000,138.28165000
1786408200000,2026-08-11T00:30:00.000Z,63986.19000000,64006.03000000,63986.19000000,64001.56000000,20.17374000
1786408500000,2026-08-11T00:35:00.000Z,64001.57000000,64001.57000000,63947.80000000,63982.00000000,27.75041000
1786408800000,2026-08-11T00:40:00.000Z,63982.00000000,63986.00000000,63959.99000000,63973.99000000,69.16703000
1786409100000,2026-08-11T00:45:00.000Z,63974.00000000,64010.00000000,63974.00000000,64005.95000000,30.39182000
1786409400000,2026-08-11T00:50:00.000Z,64005.96000000,64047.33000000,64002.99000000,64032.81000000,41.55150000
1786409700000,2026-08-11T00:55:00.000Z,64032.80000000,64058.00000000,64021.22000000,64040.00000000,20.83600000
1786410000000,2026-08-11T01:00:00.000Z,64040.01000000,64040.01000000,63988.00000000,64012.00000000,18.65303000
1786410300000,2026-08-11T01:05:00.000Z,64012.00000000,64012.01000000,63986.00000000,64004.00000000,21.92722000
1786410600000,2026-08-11T01:10:00.000Z,64003.99000000,64079.88000000,64003.99000000,64061.88000000,24.22083000
1786410900000,2026-08-11T01:15:00.000Z,64061.89000000,64061.89000000,63980.51000000,63980.52000000,24.73833000
1786411200000,2026-08-11T01:20:00.000Z,63980.51000000,64062.00000000,63980.51000000,64059.19000000,27.74952000
1786411500000,2026-08-11T01:25:00.000Z,64059.19000000,64080.10000000,64042.00000000,64076.23000000,137.89835000
1786411800000,2026-08-11T01:30:00.000Z,64076.23000000,64076.23000000,64046.67000000,64046.69000000,11.96955000
1786412100000,2026-08-11T01:35:00.000Z,64046.69000000,64046.70000000,64031.99000000,64031.99000000,10.32861000
1786412400000,2026-08-11T01:40:00.000Z,64031.99000000,64032.00000000,63958.20000000,63991.26000000,24.48837000
1786412700000,2026-08-11T01:45:00.000Z,63991.27000000,64036.00000000,63987.02000000,64036.00000000,16.91043000
1786413000000,2026-08-11T01:50:00.000Z,64035.99000000,64073.32000000,64035.99000000,64061.71000000,22.26644000
1786413300000,2026-08-11T01:55:00.000Z,64061.71000000,64073.32000000,64060.73000000,64060.80000000,13.92444000
1786413600000,2026-08-11T02:00:00.000Z,64060.80000000,64086.00000000,64060.73000000,64083.43000000,16.21702000
1786413900000,2026-08-11T02:05:00.000Z,64083.42000000,64085.48000000,64060.73000000,64077.97000000,15.15925000
1786414200000,2026-08-11T02:10:00.000Z,64077.97000000,64082.00000000,64030.00000000,64030.00000000,134.44272000
1786414500000,2026-08-11T02:15:00.000Z,64030.00000000,64065.89000000,64030.00000000,64063.59000000,11.53448000
1786414800000,2026-08-11T02:20:00.000Z,64063.59000000,64063.59000000,64055.99000000,64059.67000000,9.75761000
1786415100000,2026-08-11T02:25:00.000Z,64059.68000000,64070.00000000,64054.53000000,64054.54000000,10.25032000
1786415400000,2026-08-11T02:30:00.000Z,64054.53000000,64055.72000000,64036.18000000,64036.19000000,16.48353000
1786415700000,2026-08-11T02:35:00.000Z,64036.19000000,64036.19000000,64032.02000000,64032.03000000,5.88350000
1786416000000,2026-08-11T02:40:00.000Z,64032.03000000,64045.96000000,64032.02000000,64045.04000000,10.01054000
1786416300000,2026-08-11T02:45:00.000Z,64045.04000000,64052.96000000,64041.56000000,64041.56000000,12.29633000
1786416600000,2026-08-11T02:50:00.000Z,64041.56000000,64041.56000000,64035.28000000,64041.56000000,16.09469000
1786416900000,2026-08-11T02:55:00.000Z,64041.56000000,64046.00000000,64041.55000000,64044.59000000,5.11470000
1786417200000,2026-08-11T03:00:00.000Z,64044.60000000,64074.06000000,64044.59000000,64074.05000000,15.24893000
1786417500000,2026-08-11T03:05:00.000Z,64074.06000000,64080.00000000,64059.45000000,64079.99000000,18.37933000
1786417800000,2026-08-11T03:10:00.000Z,64080.00000000,64102.00000000,64079.99000000,64100.80000000,24.32048000
1786418100000,2026-08-11T03:15:00.000Z,64100.80000000,64146.95000000,64100.79000000,64136.00000000,19.67630000
1786418400000,2026-08-11T03:20:00.000Z,64136.00000000,64153.94000000,64136.00000000,64153.94000000,13.71180000
1786418700000,2026-08-11T03:25:00.000Z,64153.94000000,64176.00000000,64138.00000000,64138.00000000,44.98594000
1786419000000,2026-08-11T03:30:00.000Z,64138.01000000,64138.01000000,64133.58000000,64134.32000000,5.07430000
1786419300000,2026-08-11T03:35:00.000Z,64134.33000000,64144.00000000,64134.32000000,64144.00000000,8.02420000
1786419600000,2026-08-11T03:40:00.000Z,64144.00000000,64160.01000000,64129.91000000,64129.92000000,38.38950000
1786419900000,2026-08-11T03:45:00.000Z,64129.93000000,64140.94000000,64129.92000000,64140.94000000,53.47806000
1786420200000,2026-08-11T03:50:00.000Z,64140.93000000,64140.94000000,64121.09000000,64122.63000000,23.20468000
1786420500000,2026-08-11T03:55:00.000Z,64122.63000000,64155.01000000,64119.96000000,64155.01000000,259.64161000
1786420800000,2026-08-11T04:00:00.000Z,64155.00000000,64159.65000000,64138.54000000,64138.54000000,40.14703000
1786421100000,2026-08-11T04:05:00.000Z,64138.54000000,64140.61000000,64128.08000000,64128.09000000,50.73467000
1786421400000,2026-08-11T04:10:00.000Z,64128.09000000,64133.17000000,64119.99000000,64120.00000000,35.74782000
1786421700000,2026-08-11T04:15:00.000Z,64119.99000000,64122.84000000,64119.96000000,64119.97000000,34.55082000
1786422000000,2026-08-11T04:20:00.000Z,64119.97000000,64132.00000000,64113.36000000,64113.37000000,30.72291000
1786422300000,2026-08-11T04:25:00.000Z,64113.36000000,64113.37000000,64106.00000000,64108.57000000,11.13708000
1786422600000,2026-08-11T04:30:00.000Z,64108.58000000,64110.19000000,64100.34000000,64100.35000000,8.71754000
1786422900000,2026-08-11T04:35:00.000Z,64100.35000000,64100.35000000,64100.34000000,64100.35000000,5.74907000
1786423200000,2026-08-11T04:40:00.000Z,64100.35000000,64100.35000000,64100.34000000,64100.34000000,3.96563000
1786423500000,2026-08-11T04:45:00.000Z,64100.35000000,64102.45000000,64078.95000000,64080.26000000,18.56697000
1786423800000,2026-08-11T04:50:00.000Z,64080.25000000,64080.26000000,64033.08000000,64038.00000000,27.11048000
1786424100000,2026-08-11T04:55:00.000Z,64038.00000000,64038.00000000,64021.02000000,64023.51000000,93.02247000
1786424400000,2026-08-11T05:00:00.000Z,64023.51000000,64034.97000000,64002.00000000,64034.97000000,22.23570000
1786424700000,2026-08-11T05:05:00.000Z,64034.96000000,64047.45000000,64034.96000000,64047.45000000,6.65779000
1786425000000,2026-08-11T05:10:00.000Z,64047.45000000,64051.93000000,64046.80000000,64046.81000000,9.44245000
1786425300000,2026-08-11T05:15:00.000Z,64046.80000000,64051.59000000,64013.53000000,64013.54000000,19.23361000
1786425600000,2026-08-11T05:20:00.000Z,64013.53000000,64013.53000000,63964.00000000,63970.00000000,36.38920000
1786425900000,2026-08-11T05:25:00.000Z,63970.01000000,63972.87000000,63970.00000000,63972.86000000,16.80323000
1786426200000,2026-08-11T05:30:00.000Z,63972.87000000,64008.00000000,63972.85000000,64008.00000000,20.09749000
1786426500000,2026-08-11T05:35:00.000Z,64008.00000000,64041.88000000,64008.00000000,64036.00000000,8.37913000
1786426800000,2026-08-11T05:40:00.000Z,64036.00000000,64036.00000000,64035.99000000,64036.00000000,10.30856000
1786427100000,2026-08-11T05:45:00.000Z,64036.00000000,64042.26000000,64035.99000000,64036.01000000,19.33026000
1786427400000,2026-08-11T05:50:00.000Z,64036.01000000,64036.01000000,64002.24000000,64014.32000000,36.53844000
1786427700000,2026-08-11T05:55:00.000Z,64014.32000000,64014.33000000,64000.00000000,64000.00000000,11.89661000
1786428000000,2026-08-11T06:00:00.000Z,64000.00000000,64000.00000000,63975.00000000,63999.26000000,16.31779000
1786428300000,2026-08-11T06:05:00.000Z,63999.26000000,64033.36000000,63995.97000000,64033.35000000,20.23445000
1786428600000,2026-08-11T06:10:00.000Z,64033.36000000,64050.43000000,64033.36000000,64034.72000000,20.95730000
1786428900000,2026-08-11T06:15:00.000Z,64034.72000000,64034.72000000,64011.99000000,64011.99000000,14.33997000
1786429200000,2026-08-11T06:20:00.000Z,64011.99000000,64012.00000000,63985.59000000,63985.59000000,22.23871000
1786429500000,2026-08-11T06:25:00.000Z,63985.59000000,63985.59000000,63936.00000000,63936.00000000,28.84355000
1786429800000,2026-08-11T06:30:00.000Z,63936.00000000,63936.01000000,63910.00000000,63910.01000000,17.66697000
1786430100000,2026-08-11T06:35:00.000Z,63910.01000000,63968.41000000,63910.00000000,63968.41000000,36.31418000
1786430400000,2026-08-11T06:40:00.000Z,63968.40000000,63968.41000000,63919.99000000,63920.00000000,224.20452000
1786430700000,2026-08-11T06:45:00.000Z,63919.99000000,63934.78000000,63919.99000000,63934.78000000,16.83914000
1786431000000,2026-08-11T06:50:00.000Z,63934.78000000,63934.78000000,63852.00000000,63863.70000000,104.82462000
1786431300000,2026-08-11T06:55:00.000Z,63863.71000000,63969.29000000,63863.71000000,63969.28000000,159.09594000
1786431600000,2026-08-11T07:00:00.000Z,63969.29000000,63994.71000000,63969.28000000,63994.70000000,17.86939000
1786431900000,2026-08-11T07:05:00.000Z,63994.70000000,64010.73000000,63982.38000000,63984.01000000,15.53411000
1786432200000,2026-08-11T07:10:00.000Z,63984.00000000,63984.01000000,63970.22000000,63970.22000000,25.69919000
1786432500000,2026-08-11T07:15:00.000Z,63970.22000000,63970.23000000,63928.77000000,63928.78000000,28.83940000
1786432800000,2026-08-11T07:20:00.000Z,63928.77000000,63928.78000000,63911.09000000,63923.69000000,18.02947000
1786433100000,2026-08-11T07:25:00.000Z,63923.69000000,63932.00000000,63913.09000000,63913.10000000,25.73910000
1786433400000,2026-08-11T07:30:00.000Z,63913.10000000,63995.11000000,63913.09000000,63995.11000000,63.32080000
1786433700000,2026-08-11T07:35:00.000Z,63995.11000000,64087.70000000,63995.11000000,64084.91000000,49.63025000
1786434000000,2026-08-11T07:40:00.000Z,64084.91000000,64084.91000000,64070.00000000,64073.26000000,17.38614000
1786434300000,2026-08-11T07:45:00.000Z,64073.26000000,64094.89000000,64073.25000000,64080.01000000,39.72197000
1786434600000,2026-08-11T07:50:00.000Z,64080.01000000,64108.00000000,64051.49000000,64051.50000000,51.24694000
1786434900000,2026-08-11T07:55:00.000Z,64051.50000000,64066.00000000,64047.99000000,64065.99000000,27.81367000
1786435200000,2026-08-11T08:00:00.000Z,64066.00000000,64100.00000000,64066.00000000,64088.30000000,18.62703000
1786435500000,2026-08-11T08:05:00.000Z,64088.30000000,64110.82000000,64069.91000000,64069.91000000,11.85519000
1786435800000,2026-08-11T08:10:00.000Z,64069.92000000,64078.00000000,64048.99000000,64048.99000000,19.73975000
1786436100000,2026-08-11T08:15:00.000Z,64049.00000000,64066.00000000,64044.72000000,64049.70000000,15.19289000
1786436400000,2026-08-11T08:20:00.000Z,64049.69000000,64071.71000000,64049.69000000,64071.70000000,9.91229000
1786436700000,2026-08-11T08:25:00.000Z,64071.71000000,64085.19000000,64060.00000000,64060.01000000,9.38963000
1786437000000,2026-08-11T08:30:00.000Z,64060.01000000,64061.63000000,64060.00000000,64061.63000000,10.65984000
1786437300000,2026-08-11T08:35:00.000Z,64061.63000000,64080.34000000,64061.62000000,64080.33000000,10.91046000
1786437600000,2026-08-11T08:40:00.000Z,64080.34000000,64118.00000000,64080.33000000,64117.99000000,20.67008000
1786437900000,2026-08-11T08:45:00.000Z,64117.99000000,64118.00000000,64096.01000000,64096.01000000,13.49723000
1786438200000,2026-08-11T08:50:00.000Z,64096.02000000,64148.78000000,64096.01000000,64148.78000000,12.31280000
1786438500000,2026-08-11T08:55:00.000Z,64148.77000000,64148.78000000,64136.25000000,64136.41000000,15.89320000
1786438800000,2026-08-11T09:00:00.000Z,64136.41000000,64137.57000000,64136.40000000,64137.57000000,11.37397000
1786439100000,2026-08-11T09:05:00.000Z,64137.57000000,64160.00000000,64121.51000000,64121.51000000,74.79546000
1786439400000,2026-08-11T09:10:00.000Z,64121.52000000,64130.00000000,64121.51000000,64129.98000000,43.94793000
1786439700000,2026-08-11T09:15:00.000Z,64129.98000000,64170.01000000,64129.98000000,64170.00000000,19.03486000
1786440000000,2026-08-11T09:20:00.000Z,64170.01000000,64200.00000000,64165.69000000,64189.96000000,57.66077000
1786440300000,2026-08-11T09:25:00.000Z,64189.96000000,64199.99000000,64189.96000000,64190.00000000,8.82750000
1786440600000,2026-08-11T09:30:00.000Z,64190.01000000,64238.88000000,64180.60000000,64185.57000000,75.58655000
1786440900000,2026-08-11T09:35:00.000Z,64185.57000000,64185.57000000,64185.54000000,64185.54000000,8.27996000
1786441200000,2026-08-11T09:40:00.000Z,64185.54000000,64246.97000000,64185.54000000,64243.13000000,40.35428000
1786441500000,2026-08-11T09:45:00.000Z,64243.13000000,64270.00000000,64243.13000000,64266.00000000,34.71187000
1786441800000,2026-08-11T09:50:00.000Z,64266.01000000,64279.82000000,64244.00000000,64244.01000000,39.43703000
1786442100000,2026-08-11T09:55:00.000Z,64244.01000000,64300.00000000,64244.01000000,64300.00000000,39.22985000
1786442400000,2026-08-11T10:00:00.000Z,64300.00000000,64308.33000000,64274.13000000,64299.99000000,27.76888000
1786442700000,2026-08-11T10:05:00.000Z,64299.98000000,64312.70000000,64280.78000000,64284.01000000,49.73117000
1786443000000,2026-08-11T10:10:00.000Z,64284.01000000,64284.01000000,64244.00000000,64244.00000000,34.57976000
1786443300000,2026-08-11T10:15:00.000Z,64244.00000000,64244.01000000,64221.27000000,64232.04000000,37.33549000
1786443600000,2026-08-11T10:20:00.000Z,64232.05000000,64240.24000000,64200.00000000,64228.00000000,29.45755000
1786443900000,2026-08-11T10:25:00.000Z,64228.00000000,64312.46000000,64227.99000000,64307.23000000,22.13002000
1786444200000,2026-08-11T10:30:00.000Z,64307.23000000,64312.00000000,64258.61000000,64265.86000000,37.33847000
1786444500000,2026-08-11T10:35:00.000Z,64265.86000000,64283.56000000,64258.61000000,64274.81000000,41.05781000
1786444800000,2026-08-11T10:40:00.000Z,64274.81000000,64275.99000000,64274.81000000,64275.98000000,25.93399000
1786445100000,2026-08-11T10:45:00.000Z,64275.99000000,64275.99000000,64230.98000000,64245.63000000,47.85988000
1786445400000,2026-08-11T10:50:00.000Z,64245.63000000,64267.76000000,64244.92000000,64244.93000000,34.15146000
1786445700000,2026-08-11T10:55:00.000Z,64244.93000000,64244.93000000,64219.62000000,64233.23000000,20.77588000
1786446000000,2026-08-11T11:00:00.000Z,64233.23000000,64385.58000000,64233.23000000,64373.85000000,131.82505000
1786446300000,2026-08-11T11:05:00.000Z,64373.86000000,64373.86000000,64316.78000000,64316.79000000,41.07686000
1786446600000,2026-08-11T11:10:00.000Z,64316.79000000,64390.48000000,64316.79000000,64358.48000000,55.60112000
1786446900000,2026-08-11T11:15:00.000Z,64358.48000000,64358.48000000,64339.99000000,64339.99000000,14.75071000
1786447200000,2026-08-11T11:20:00.000Z,64340.00000000,64364.68000000,64339.99000000,64340.32000000,17.89728000
1786447500000,2026-08-11T11:25:00.000Z,64340.32000000,64347.23000000,64340.32000000,64340.32000000,20.14332000
1786447800000,2026-08-11T11:30:00.000Z,64340.33000000,64343.88000000,64338.53000000,64338.54000000,16.58983000
1786448100000,2026-08-11T11:35:00.000Z,64338.54000000,64347.22000000,64333.46000000,64339.70000000,18.24506000
1786448400000,2026-08-11T11:40:00.000Z,64339.70000000,64349.51000000,64339.69000000,64340.00000000,17.49173000
1786448700000,2026-08-11T11:45:00.000Z,64340.00000000,64357.68000000,64330.00000000,64346.75000000,133.26573000
1786449000000,2026-08-11T11:50:00.000Z,64346.75000000,64377.73000000,64346.75000000,64375.82000000,43.96077000
1786449300000,2026-08-11T11:55:00.000Z,64375.82000000,64400.00000000,64375.81000000,64389.57000000,27.25036000
1786449600000,2026-08-11T12:00:00.000Z,64389.58000000,64436.00000000,64380.00000000,64415.06000000,47.11581000
1786449900000,2026-08-11T12:05:00.000Z,64415.06000000,64473.15000000,64404.00000000,64473.15000000,51.22273000
1786450200000,2026-08-11T12:10:00.000Z,64473.14000000,64515.43000000,64450.00000000,64475.58000000,133.54748000
1786450500000,2026-08-11T12:15:00.000Z,64475.59000000,64475.59000000,64394.55000000,64394.56000000,38.67953000
1786450800000,2026-08-11T12:20:00.000Z,64394.55000000,64394.56000000,64315.99000000,64315.99000000,54.39041000
1786451100000,2026-08-11T12:25:00.000Z,64316.00000000,64330.01000000,64294.07000000,64324.70000000,101.69746000
1786451400000,2026-08-11T12:30:00.000Z,64324.69000000,64361.17000000,64319.08000000,64361.16000000,47.28999000
1786451700000,2026-08-11T12:35:00.000Z,64361.17000000,64383.87000000,64339.26000000,64365.57000000,60.96172000
1786452000000,2026-08-11T12:40:00.000Z,64365.57000000,64365.57000000,64328.88000000,64328.89000000,13.27670000
1786452300000,2026-08-11T12:45:00.000Z,64328.88000000,64338.56000000,64274.57000000,64331.11000000,127.54680000
1786452600000,2026-08-11T12:50:00.000Z,64331.12000000,64338.60000000,64331.11000000,64331.68000000,16.77186000
1786452900000,2026-08-11T12:55:00.000Z,64331.67000000,64331.68000000,64330.00000000,64330.01000000,21.93516000
1786453200000,2026-08-11T13:00:00.000Z,64330.00000000,64330.00000000,64278.61000000,64296.90000000,51.65019000
1786453500000,2026-08-11T13:05:00.000Z,64296.90000000,64368.42000000,64286.10000000,64365.90000000,42.28712000
1786453800000,2026-08-11T13:10:00.000Z,64365.90000000,64368.00000000,64305.08000000,64319.62000000,27.51381000
1786454100000,2026-08-11T13:15:00.000Z,64319.61000000,64327.41000000,64256.18000000,64262.01000000,54.82748000
1786454400000,2026-08-11T13:20:00.000Z,64262.00000000,64263.93000000,64225.78000000,64225.79000000,34.48216000
1786454700000,2026-08-11T13:25:00.000Z,64225.78000000,64225.78000000,64174.00000000,64199.57000000,86.10050000
1786455000000,2026-08-11T13:30:00.000Z,64199.57000000,64240.00000000,64113.67000000,64144.00000000,90.04681000
1786455300000,2026-08-11T13:35:00.000Z,64143.99000000,64158.00000000,64050.00000000,64116.82000000,147.38163000
1786455600000,2026-08-11T13:40:00.000Z,64116.83000000,64230.57000000,64116.82000000,64169.73000000,301.87129000
1786455900000,2026-08-11T13:45:00.000Z,64169.73000000,64216.00000000,64098.37000000,64178.01000000,300.62202000
1786456200000,2026-08-11T13:50:00.000Z,64178.00000000,64180.97000000,64051.00000000,64106.46000000,214.22717000
1786456500000,2026-08-11T13:55:00.000Z,64106.46000000,64211.54000000,64104.59000000,64200.28000000,39.73772000
1786456800000,2026-08-11T14:00:00.000Z,64200.29000000,64218.72000000,64151.34000000,64200.05000000,36.95340000
1786457100000,2026-08-11T14:05:00.000Z,64200.05000000,64226.89000000,64116.00000000,64182.00000000,72.63605000
1786457400000,2026-08-11T14:10:00.000Z,64182.00000000,64230.00000000,64175.68000000,64219.62000000,31.94311000
1786457700000,2026-08-11T14:15:00.000Z,64219.63000000,64263.83000000,64151.34000000,64151.34000000,47.62549000
1786458000000,2026-08-11T14:20:00.000Z,64151.35000000,64160.06000000,63952.00000000,63952.01000000,80.29193000
1786458300000,2026-08-11T14:25:00.000Z,63952.01000000,64056.00000000,63918.01000000,64026.67000000,79.34263000
1786458600000,2026-08-11T14:30:00.000Z,64026.66000000,64032.00000000,63956.00000000,64032.00000000,54.00289000
1786458900000,2026-08-11T14:35:00.000Z,64032.00000000,64062.00000000,63899.10000000,63942.94000000,137.04891000
1786459200000,2026-08-11T14:40:00.000Z,63942.94000000,63978.00000000,63898.29000000,63957.64000000,52.26007000
1786459500000,2026-08-11T14:45:00.000Z,63958.00000000,64005.29000000,63940.02000000,63940.02000000,57.12177000
1786459800000,2026-08-11T14:50:00.000Z,63940.03000000,63940.03000000,63736.00000000,63762.01000000,237.83175000
1786460100000,2026-08-11T14:55:00.000Z,63762.00000000,63791.36000000,63714.75000000,63770.03000000,97.96513000
1786460400000,2026-08-11T15:00:00.000Z,63770.03000000,63858.00000000,63756.07000000,63831.84000000,107.68656000
1786460700000,2026-08-11T15:05:00.000Z,63831.84000000,63864.36000000,63800.00000000,63808.98000000,65.32636000
1786461000000,2026-08-11T15:10:00.000Z,63808.99000000,63813.67000000,63730.00000000,63782.00000000,76.40951000
1786461300000,2026-08-11T15:15:00.000Z,63782.00000000,63782.00000000,63710.01000000,63775.99000000,106.47335000
1786461600000,2026-08-11T15:20:00.000Z,63776.00000000,63839.17000000,63730.79000000,63798.35000000,77.48903000
1786461900000,2026-08-11T15:25:00.000Z,63798.36000000,63868.00000000,63798.36000000,63866.53000000,111.23023000
1786462200000,2026-08-11T15:30:00.000Z,63866.52000000,63866.52000000,63718.01000000,63718.01000000,58.09751000
1786462500000,2026-08-11T15:35:00.000Z,63718.01000000,63723.55000000,63508.50000000,63524.00000000,280.94542000
1786462800000,2026-08-11T15:40:00.000Z,63524.00000000,63564.00000000,63451.00000000,63564.00000000,209.72708000
1786463100000,2026-08-11T15:45:00.000Z,63564.00000000,63635.10000000,63528.00000000,63542.00000000,89.43662000
1786463400000,2026-08-11T15:50:00.000Z,63542.01000000,63575.12000000,63488.82000000,63488.83000000,45.23773000
1786463700000,2026-08-11T15:55:00.000Z,63488.83000000,63620.00000000,63475.00000000,63609.87000000,58.51297000
1786464000000,2026-08-11T16:00:00.000Z,63609.86000000,63642.97000000,63542.22000000,63608.06000000,137.79967000
1786464300000,2026-08-11T16:05:00.000Z,63608.05000000,63645.99000000,63565.28000000,63626.43000000,61.85092000
1786464600000,2026-08-11T16:10:00.000Z,63626.43000000,63660.00000000,63580.90000000,63602.00000000,45.42791000
1786464900000,2026-08-11T16:15:00.000Z,63602.01000000,63648.00000000,63579.97000000,63635.13000000,88.20393000
1786465200000,2026-08-11T16:20:00.000Z,63635.14000000,63647.98000000,63621.09000000,63630.33000000,55.70452000
1786465500000,2026-08-11T16:25:00.000Z,63630.32000000,63640.23000000,63590.00000000,63594.05000000,63.49075000
1786465800000,2026-08-11T16:30:00.000Z,63594.05000000,63619.15000000,63538.72000000,63543.83000000,61.11414000
1786466100000,2026-08-11T16:35:00.000Z,63543.84000000,63584.00000000,63510.00000000,63540.00000000,39.05713000
1786466400000,2026-08-11T16:40:00.000Z,63540.00000000,63544.73000000,63491.83000000,63493.14000000,38.16392000
1786466700000,2026-08-11T16:45:00.000Z,63493.15000000,63524.84000000,63459.54000000,63524.84000000,83.40104000
1786467000000,2026-08-11T16:50:00.000Z,63524.84000000,63545.29000000,63502.00000000,63514.18000000,45.90329000
1786467300000,2026-08-11T16:55:00.000Z,63514.19000000,63521.36000000,63512.59000000,63512.59000000,20.71027000
1786467600000,2026-08-11T17:00:00.000Z,63512.59000000,63536.85000000,63496.00000000,63496.00000000,29.07612000
1786467900000,2026-08-11T17:05:00.000Z,63496.00000000,63505.51000000,63471.02000000,63471.03000000,33.93777000
1786468200000,2026-08-11T17:10:00.000Z,63471.03000000,63536.84000000,63461.88000000,63508.01000000,43.44228000
1786468500000,2026-08-11T17:15:00.000Z,63508.01000000,63541.37000000,63492.00000000,63524.01000000,36.51410000
1786468800000,2026-08-11T17:20:00.000Z,63524.00000000,63558.00000000,63504.68000000,63557.99000000,30.69648000
1786469100000,2026-08-11T17:25:00.000Z,63558.00000000,63606.39000000,63535.18000000,63575.51000000,60.08809000
1786469400000,2026-08-11T17:30:00.000Z,63575.51000000,63588.51000000,63539.24000000,63542.98000000,33.44201000
1786469700000,2026-08-11T17:35:00.000Z,63542.98000000,63561.48000000,63524.00000000,63535.08000000,47.10485000
1786470000000,2026-08-11T17:40:00.000Z,63535.07000000,63581.99000000,63522.30000000,63554.00000000,48.41040000
1786470300000,2026-08-11T17:45:00.000Z,63554.00000000,63590.66000000,63536.01000000,63536.01000000,62.03263000
1786470600000,2026-08-11T17:50:00.000Z,63536.02000000,63596.00000000,63536.01000000,63596.00000000,20.09807000
1786470900000,2026-08-11T17:55:00.000Z,63595.99000000,63632.94000000,63595.99000000,63607.88000000,37.99958000
1786471200000,2026-08-11T18:00:00.000Z,63607.87000000,63626.03000000,63590.00000000,63590.00000000,43.83504000
1786471500000,2026-08-11T18:05:00.000Z,63590.01000000,63598.89000000,63550.00000000,63557.99000000,28.92927000
1786471800000,2026-08-11T18:10:00.000Z,63558.00000000,63590.00000000,63550.81000000,63589.98000000,42.59385000
1786472100000,2026-08-11T18:15:00.000Z,63589.98000000,63603.47000000,63580.72000000,63596.39000000,16.96716000
1786472400000,2026-08-11T18:20:00.000Z,63596.39000000,63599.76000000,63577.32000000,63589.34000000,15.86046000
1786472700000,2026-08-11T18:25:00.000Z,63589.35000000,63592.51000000,63475.20000000,63475.66000000,61.39828000
1786473000000,2026-08-11T18:30:00.000Z,63475.67000000,63506.68000000,63281.00000000,63436.79000000,217.67242000
1786473300000,2026-08-11T18:35:00.000Z,63436.79000000,63486.48000000,63350.62000000,63354.15000000,86.61383000
1786473600000,2026-08-11T18:40:00.000Z,63354.14000000,63354.15000000,63251.59000000,63307.68000000,110.42703000
1786473900000,2026-08-11T18:45:00.000Z,63307.67000000,63367.63000000,63306.49000000,63359.69000000,57.41206000
1786474200000,2026-08-11T18:50:00.000Z,63359.69000000,63387.82000000,63338.15000000,63367.20000000,29.65620000
1786474500000,2026-08-11T18:55:00.000Z,63367.19000000,63382.00000000,63338.26000000,63373.07000000,37.65347000
1786474800000,2026-08-11T19:00:00.000Z,63373.07000000,63380.00000000,63348.02000000,63348.03000000,26.62155000
1786475100000,2026-08-11T19:05:00.000Z,63348.02000000,63348.03000000,63266.00000000,63268.50000000,55.04879000
1786475400000,2026-08-11T19:10:00.000Z,63268.50000000,63287.12000000,63238.00000000,63248.54000000,66.13640000
1786475700000,2026-08-11T19:15:00.000Z,63248.53000000,63344.54000000,63248.53000000,63332.94000000,42.76930000
1786476000000,2026-08-11T19:20:00.000Z,63332.95000000,63384.69000000,63332.94000000,63342.00000000,26.66529000
1786476300000,2026-08-11T19:25:00.000Z,63342.00000000,63367.73000000,63330.00000000,63355.10000000,27.26798000
1786476600000,2026-08-11T19:30:00.000Z,63355.10000000,63418.79000000,63355.10000000,63376.42000000,33.52421000
1786476900000,2026-08-11T19:35:00.000Z,63376.42000000,63438.85000000,63364.72000000,63436.29000000,34.83243000
1786477200000,2026-08-11T19:40:00.000Z,63436.30000000,63460.47000000,63393.09000000,63453.69000000,31.35795000
1786477500000,2026-08-11T19:45:00.000Z,63453.69000000,63475.79000000,63420.73000000,63420.74000000,42.93916000
1786477800000,2026-08-11T19:50:00.000Z,63420.73000000,63480.44000000,63388.51000000,63480.43000000,43.77941000
1786478100000,2026-08-11T19:55:00.000Z,63480.43000000,63536.00000000,63476.29000000,63536.00000000,21.10532000
1786478400000,2026-08-11T20:00:00.000Z,63536.00000000,63666.00000000,63536.00000000,63633.52000000,80.04917000
1786478700000,2026-08-11T20:05:00.000Z,63633.52000000,63715.78000000,63633.52000000,63697.88000000,37.41706000
1786479000000,2026-08-11T20:10:00.000Z,63697.88000000,63702.00000000,63668.00000000,63673.28000000,32.36839000
1786479300000,2026-08-11T20:15:00.000Z,63673.27000000,63673.28000000,63610.51000000,63621.61000000,21.42997000
1786479600000,2026-08-11T20:20:00.000Z,63621.60000000,63644.14000000,63621.60000000,63635.26000000,6.58006000
1786479900000,2026-08-11T20:25:00.000Z,63635.27000000,63675.99000000,63622.00000000,63675.99000000,18.41954000
1786480200000,2026-08-11T20:30:00.000Z,63676.00000000,63748.21000000,63675.86000000,63681.39000000,29.58193000
1786480500000,2026-08-11T20:35:00.000Z,63681.39000000,63694.37000000,63670.40000000,63694.37000000,12.84663000
1786480800000,2026-08-11T20:40:00.000Z,63694.37000000,63715.66000000,63657.26000000,63678.00000000,26.34059000
1786481100000,2026-08-11T20:45:00.000Z,63678.01000000,63727.31000000,63678.00000000,63698.04000000,23.83704000
1786481400000,2026-08-11T20:50:00.000Z,63698.03000000,63721.58000000,63698.00000000,63721.57000000,14.66008000
1786481700000,2026-08-11T20:55:00.000Z,63721.58000000,63748.37000000,63721.57000000,63740.00000000,18.02674000
1786482000000,2026-08-11T21:00:00.000Z,63740.00000000,63747.22000000,63734.00000000,63741.22000000,15.60211000
1786482300000,2026-08-11T21:05:00.000Z,63741.23000000,63746.00000000,63740.89000000,63742.66000000,19.58124000
1786482600000,2026-08-11T21:10:00.000Z,63742.66000000,63753.34000000,63732.36000000,63735.29000000,26.87240000
1786482900000,2026-08-11T21:15:00.000Z,63735.29000000,63768.58000000,63675.25000000,63676.53000000,56.10767000
1786483200000,2026-08-11T21:20:00.000Z,63676.54000000,63683.20000000,63653.75000000,63668.86000000,17.73703000
1786483500000,2026-08-11T21:25:00.000Z,63668.86000000,63699.17000000,63668.85000000,63671.60000000,25.35065000
1786483800000,2026-08-11T21:30:00.000Z,63671.61000000,63671.61000000,63637.30000000,63637.32000000,21.24476000
1786484100000,2026-08-11T21:35:00.000Z,63637.32000000,63655.00000000,63622.00000000,63648.37000000,15.83246000
1786484400000,2026-08-11T21:40:00.000Z,63648.36000000,63689.05000000,63648.36000000,63666.78000000,40.88798000
1786484700000,2026-08-11T21:45:00.000Z,63666.78000000,63691.30000000,63648.36000000,63650.00000000,11.24739000
1786485000000,2026-08-11T21:50:00.000Z,63650.00000000,63671.33000000,63648.36000000,63671.33000000,8.17514000
1786485300000,2026-08-11T21:55:00.000Z,63671.33000000,63680.54000000,63668.01000000,63672.73000000,10.77817000
1786485600000,2026-08-11T22:00:00.000Z,63672.73000000,63768.00000000,63672.72000000,63737.43000000,25.58402000
1786485900000,2026-08-11T22:05:00.000Z,63737.42000000,63737.43000000,63706.82000000,63706.82000000,34.39099000
1786486200000,2026-08-11T22:10:00.000Z,63706.83000000,63739.54000000,63706.82000000,63736.00000000,11.27836000
1786486500000,2026-08-11T22:15:00.000Z,63736.01000000,63763.94000000,63714.19000000,63714.19000000,56.57328000
1786486800000,2026-08-11T22:20:00.000Z,63714.20000000,63725.57000000,63703.07000000,63720.30000000,14.74992000
1786487100000,2026-08-11T22:25:00.000Z,63720.29000000,63720.30000000,63708.00000000,63720.28000000,7.31806000
1786487400000,2026-08-11T22:30:00.000Z,63720.28000000,63730.01000000,63698.00000000,63730.00000000,40.85415000
1786487700000,2026-08-11T22:35:00.000Z,63730.00000000,63730.01000000,63685.38000000,63685.39000000,11.72762000
1786488000000,2026-08-11T22:40:00.000Z,63685.39000000,63686.68000000,63655.00000000,63655.01000000,10.35719000
1786488300000,2026-08-11T22:45:00.000Z,63655.00000000,63656.13000000,63626.25000000,63639.93000000,19.91667000
1786488600000,2026-08-11T22:50:00.000Z,63639.94000000,63670.00000000,63639.93000000,63660.56000000,13.94771000
1786488900000,2026-08-11T22:55:00.000Z,63660.56000000,63675.59000000,63660.55000000,63668.49000000,6.58138000
1786489200000,2026-08-11T23:00:00.000Z,63668.50000000,63668.50000000,63584.24000000,63584.30000000,16.18548000
1786489500000,2026-08-11T23:05:00.000Z,63584.30000000,63584.30000000,63565.21000000,63573.17000000,15.64142000
1786489800000,2026-08-11T23:10:00.000Z,63573.18000000,63592.00000000,63573.17000000,63580.01000000,5.71876000
1786490100000,2026-08-11T23:15:00.000Z,63580.00000000,63580.01000000,63543.55000000,63551.99000000,17.09352000
1786490400000,2026-08-11T23:20:00.000Z,63552.00000000,63587.82000000,63552.00000000,63587.81000000,12.69989000
1786490700000,2026-08-11T23:25:00.000Z,63587.81000000,63614.72000000,63574.25000000,63593.17000000,31.99436000
1786491000000,2026-08-11T23:30:00.000Z,63593.17000000,63617.64000000,63582.00000000,63617.63000000,35.60017000
1786491300000,2026-08-11T23:35:00.000Z,63617.63000000,63621.64000000,63599.96000000,63604.00000000,18.88662000
1786491600000,2026-08-11T23:40:00.000Z,63604.01000000,63639.85000000,63604.01000000,63639.84000000,17.00779000
1786491900000,2026-08-11T23:45:00.000Z,63639.85000000,63642.33000000,63630.00000000,63630.01000000,11.52701000
1786492200000,2026-08-11T23:50:00.000Z,63630.00000000,63650.00000000,63612.12000000,63619.99000000,15.08849000
1786492500000,2026-08-11T23:55:00.000Z,63619.99000000,63620.00000000,63600.00000000,63600.00000000,7.38531000
1786492800000,2026-08-12T00:00:00.000Z,63600.01000000,63600.01000000,63546.00000000,63566.01000000,55.71448000
1786493100000,2026-08-12T00:05:00.000Z,63566.01000000,63575.34000000,63534.01000000,63562.01000000,25.70256000
1786493400000,2026-08-12T00:10:00.000Z,63562.00000000,63607.58000000,63544.00000000,63607.57000000,12.40895000
1786493700000,2026-08-12T00:15:00.000Z,63607.57000000,63618.37000000,63578.00000000,63618.36000000,13.20985000
1786494000000,2026-08-12T00:20:00.000Z,63618.36000000,63680.21000000,63618.36000000,63680.20000000,27.32706000
1786494300000,2026-08-12T00:25:00.000Z,63680.21000000,63698.00000000,63663.28000000,63666.91000000,18.29901000
1786494600000,2026-08-12T00:30:00.000Z,63666.91000000,63714.60000000,63666.91000000,63714.59000000,37.60556000
1786494900000,2026-08-12T00:35:00.000Z,63714.59000000,63720.00000000,63698.83000000,63709.99000000,11.97550000
1786495200000,2026-08-12T00:40:00.000Z,63710.00000000,63721.06000000,63710.00000000,63718.00000000,7.06582000
1786495500000,2026-08-12T00:45:00.000Z,63718.00000000,63736.25000000,63717.99000000,63736.22000000,16.05390000
1786495800000,2026-08-12T00:50:00.000Z,63736.22000000,63745.53000000,63736.21000000,63736.93000000,11.87301000
1786496100000,2026-08-12T00:55:00.000Z,63736.94000000,63742.07000000,63736.93000000,63742.07000000,10.18527000
1786496400000,2026-08-12T01:00:00.000Z,63742.07000000,63769.53000000,63713.40000000,63735.14000000,31.43601000
1786496700000,2026-08-12T01:05:00.000Z,63735.15000000,63758.00000000,63732.00000000,63732.01000000,43.68181000
1786497000000,2026-08-12T01:10:00.000Z,63732.01000000,63784.34000000,63732.00000000,63784.33000000,12.82619000
1786497300000,2026-08-12T01:15:00.000Z,63784.34000000,63784.34000000,63742.00000000,63769.99000000,37.43085000
1786497600000,2026-08-12T01:20:00.000Z,63770.00000000,63770.35000000,63750.00000000,63762.91000000,19.26152000
1786497900000,2026-08-12T01:25:00.000Z,63762.91000000,63774.82000000,63752.18000000,63752.19000000,12.97383000
1786498200000,2026-08-12T01:30:00.000Z,63752.18000000,63752.18000000,63698.18000000,63729.29000000,21.59574000
1786498500000,2026-08-12T01:35:00.000Z,63729.29000000,63769.04000000,63729.28000000,63766.38000000,9.84238000
1786498800000,2026-08-12T01:40:00.000Z,63766.38000000,63820.58000000,63766.38000000,63820.58000000,17.00536000
1786499100000,2026-08-12T01:45:00.000Z,63820.58000000,63845.47000000,63802.11000000,63845.47000000,16.26147000
1786499400000,2026-08-12T01:50:00.000Z,63845.47000000,63855.50000000,63838.78000000,63838.78000000,14.36840000
1786499700000,2026-08-12T01:55:00.000Z,63838.78000000,63844.88000000,63789.99000000,63813.80000000,263.24002000
1786500000000,2026-08-12T02:00:00.000Z,63813.80000000,63841.70000000,63813.80000000,63824.49000000,24.92008000
1786500300000,2026-08-12T02:05:00.000Z,63824.49000000,63879.99000000,63824.00000000,63861.25000000,28.25304000
1786500600000,2026-08-12T02:10:00.000Z,63861.26000000,63872.21000000,63836.69000000,63851.84000000,142.22929000
1786500900000,2026-08-12T02:15:00.000Z,63851.84000000,63864.13000000,63851.83000000,63855.00000000,12.09801000
1786501200000,2026-08-12T02:20:00.000Z,63855.01000000,63855.01000000,63782.41000000,63810.15000000,38.77246000
1786501500000,2026-08-12T02:25:00.000Z,63810.15000000,63898.30000000,63810.15000000,63898.29000000,267.95102000
1786501800000,2026-08-12T02:30:00.000Z,63898.30000000,63908.01000000,63829.57000000,63829.57000000,23.47649000
1786502100000,2026-08-12T02:35:00.000Z,63829.58000000,63834.56000000,63782.41000000,63782.41000000,16.55823000
1786502400000,2026-08-12T02:40:00.000Z,63782.41000000,63790.00000000,63764.29000000,63778.48000000,16.57068000
1786502700000,2026-08-12T02:45:00.000Z,63778.47000000,63783.10000000,63764.29000000,63777.99000000,18.91134000
1786503000000,2026-08-12T02:50:00.000Z,63777.99000000,63777.99000000,63766.87000000,63773.70000000,8.77541000
1786503300000,2026-08-12T02:55:00.000Z,63773.69000000,63773.70000000,63730.72000000,63749.76000000,13.77527000
1786503600000,2026-08-12T03:00:00.000Z,63749.77000000,63798.00000000,63749.77000000,63791.90000000,11.46516000
1786503900000,2026-08-12T03:05:00.000Z,63791.91000000,63791.91000000,63758.42000000,63758.42000000,11.45243000
1786504200000,2026-08-12T03:10:00.000Z,63758.43000000,63758.43000000,63709.85000000,63713.08000000,192.71988000
1786504500000,2026-08-12T03:15:00.000Z,63713.08000000,63745.96000000,63709.85000000,63724.63000000,49.60074000
1786504800000,2026-08-12T03:20:00.000Z,63724.63000000,63757.16000000,63722.72000000,63757.16000000,17.72485000
1786505100000,2026-08-12T03:25:00.000Z,63757.16000000,63779.17000000,63740.80000000,63756.58000000,15.12782000
1786505400000,2026-08-12T03:30:00.000Z,63756.57000000,63790.21000000,63738.08000000,63790.21000000,11.79485000
1786505700000,2026-08-12T03:35:00.000Z,63790.21000000,63845.91000000,63790.20000000,63830.09000000,45.37113000
1786506000000,2026-08-12T03:40:00.000Z,63830.10000000,63839.45000000,63814.79000000,63814.79000000,16.60078000
1786506300000,2026-08-12T03:45:00.000Z,63814.79000000,63814.79000000,63800.00000000,63812.37000000,7.93661000
1786506600000,2026-08-12T03:50:00.000Z,63812.36000000,63822.42000000,63788.84000000,63788.84000000,26.90970000
1786506900000,2026-08-12T03:55:00.000Z,63788.84000000,63844.79000000,63780.00000000,63835.59000000,132.14979000
1786507200000,2026-08-12T04:00:00.000Z,63835.58000000,63840.37000000,63833.98000000,63839.99000000,10.17664000
1786507500000,2026-08-12T04:05:00.000Z,63839.99000000,63840.00000000,63795.21000000,63807.55000000,9.24406000
1786507800000,2026-08-12T04:10:00.000Z,63807.54000000,63808.00000000,63768.00000000,63785.62000000,14.02446000
1786508100000,2026-08-12T04:15:00.000Z,63785.63000000,63803.03000000,63785.62000000,63803.02000000,40.45042000
1786508400000,2026-08-12T04:20:00.000Z,63803.02000000,63891.42000000,63803.02000000,63877.99000000,26.59573000
1786508700000,2026-08-12T04:25:00.000Z,63877.99000000,63878.00000000,63796.80000000,63796.81000000,48.78114000
1786509000000,2026-08-12T04:30:00.000Z,63796.80000000,63796.80000000,63739.99000000,63742.01000000,21.39776000
1786509300000,2026-08-12T04:35:00.000Z,63742.01000000,63746.00000000,63742.00000000,63746.00000000,6.40771000
1786509600000,2026-08-12T04:40:00.000Z,63746.00000000,63776.00000000,63745.99000000,63771.13000000,19.98659000
1786509900000,2026-08-12T04:45:00.000Z,63771.12000000,63816.87000000,63761.64000000,63816.87000000,18.08938000
1786510200000,2026-08-12T04:50:00.000Z,63816.87000000,63830.00000000,63814.31000000,63821.01000000,8.34403000
1786510500000,2026-08-12T04:55:00.000Z,63821.01000000,63824.00000000,63749.99000000,63769.58000000,344.86139000
1786510800000,2026-08-12T05:00:00.000Z,63769.58000000,63769.58000000,63735.43000000,63737.99000000,14.31647000
1786511100000,2026-08-12T05:05:00.000Z,63737.99000000,63769.58000000,63724.25000000,63769.58000000,13.53297000
1786511400000,2026-08-12T05:10:00.000Z,63769.58000000,63816.98000000,63769.57000000,63816.98000000,15.07831000
1786511700000,2026-08-12T05:15:00.000Z,63816.98000000,63824.00000000,63816.97000000,63824.00000000,5.63026000
1786512000000,2026-08-12T05:20:00.000Z,63823.99000000,63835.94000000,63814.76000000,63814.76000000,16.84998000
1786512300000,2026-08-12T05:25:00.000Z,63814.77000000,63838.53000000,63814.76000000,63838.53000000,36.17725000
1786512600000,2026-08-12T05:30:00.000Z,63838.53000000,63869.50000000,63838.52000000,63860.80000000,18.25854000
1786512900000,2026-08-12T05:35:00.000Z,63860.80000000,63864.06000000,63850.00000000,63857.10000000,21.48300000
1786513200000,2026-08-12T05:40:00.000Z,63857.10000000,63869.56000000,63824.72000000,63852.62000000,179.34607000
1786513500000,2026-08-12T05:45:00.000Z,63852.63000000,63864.12000000,63848.63000000,63848.63000000,21.08982000
1786513800000,2026-08-12T05:50:00.000Z,63848.63000000,63860.01000000,63821.44000000,63821.67000000,40.56501000
1786514100000,2026-08-12T05:55:00.000Z,63821.68000000,63865.01000000,63821.67000000,63849.94000000,158.13792000
1786514400000,2026-08-12T06:00:00.000Z,63849.94000000,63849.94000000,63780.83000000,63785.65000000,117.36764000
1786514700000,2026-08-12T06:05:00.000Z,63785.66000000,63793.66000000,63744.83000000,63744.83000000,22.20757000
1786515000000,2026-08-12T06:10:00.000Z,63744.84000000,63744.84000000,63709.58000000,63709.58000000,11.56132000
1786515300000,2026-08-12T06:15:00.000Z,63709.58000000,63754.00000000,63683.94000000,63711.96000000,55.28002000
1786515600000,2026-08-12T06:20:00.000Z,63711.97000000,63711.97000000,63629.94000000,63637.35000000,48.05555000
1786515900000,2026-08-12T06:25:00.000Z,63637.36000000,63644.00000000,63622.26000000,63636.95000000,49.71795000
1786516200000,2026-08-12T06:30:00.000Z,63636.94000000,63661.12000000,63606.15000000,63661.12000000,54.25278000
1786516500000,2026-08-12T06:35:00.000Z,63661.11000000,63678.00000000,63650.00000000,63655.69000000,33.73194000
1786516800000,2026-08-12T06:40:00.000Z,63655.68000000,63655.69000000,63636.89000000,63653.77000000,30.93467000
1786517100000,2026-08-12T06:45:00.000Z,63653.77000000,63679.13000000,63653.77000000,63670.01000000,36.81924000
1786517400000,2026-08-12T06:50:00.000Z,63670.01000000,63670.01000000,63630.88000000,63630.90000000,37.74277000
1786517700000,2026-08-12T06:55:00.000Z,63630.90000000,63711.97000000,63630.89000000,63711.97000000,65.61560000
1786518000000,2026-08-12T07:00:00.000Z,63711.97000000,63767.84000000,63710.00000000,63767.83000000,49.16619000
1786518300000,2026-08-12T07:05:00.000Z,63767.84000000,63799.15000000,63764.61000000,63790.01000000,35.73115000
1786518600000,2026-08-12T07:10:00.000Z,63790.00000000,63790.00000000,63756.00000000,63760.57000000,39.16403000
1786518900000,2026-08-12T07:15:00.000Z,63760.57000000,63760.57000000,63742.00000000,63742.01000000,29.37579000
1786519200000,2026-08-12T07:20:00.000Z,63742.01000000,63742.01000000,63729.25000000,63729.26000000,21.99882000
1786519500000,2026-08-12T07:25:00.000Z,63729.25000000,63748.19000000,63729.25000000,63736.01000000,42.75633000
1786519800000,2026-08-12T07:30:00.000Z,63736.01000000,63772.82000000,63736.00000000,63760.44000000,63.24688000
1786520100000,2026-08-12T07:35:00.000Z,63760.44000000,63760.44000000,63699.42000000,63705.34000000,40.56500000
1786520400000,2026-08-12T07:40:00.000Z,63705.34000000,63705.35000000,63685.13000000,63700.97000000,34.64942000
1786520700000,2026-08-12T07:45:00.000Z,63700.97000000,63700.97000000,63644.10000000,63693.50000000,42.56236000
1786521000000,2026-08-12T07:50:00.000Z,63693.50000000,63759.28000000,63693.49000000,63759.27000000,25.59454000
1786521300000,2026-08-12T07:55:00.000Z,63759.27000000,63838.00000000,63759.27000000,63837.99000000,33.61985000
1786521600000,2026-08-12T08:00:00.000Z,63838.00000000,63867.20000000,63790.36000000,63836.92000000,43.43592000
1786521900000,2026-08-12T08:05:00.000Z,63836.92000000,63865.51000000,63829.53000000,63834.24000000,29.68309000
1786522200000,2026-08-12T08:10:00.000Z,63834.23000000,63834.23000000,63784.01000000,63791.77000000,40.35874000
1786522500000,2026-08-12T08:15:00.000Z,63791.77000000,63820.99000000,63791.76000000,63820.98000000,33.79611000
1786522800000,2026-08-12T08:20:00.000Z,63820.99000000,63836.00000000,63799.93000000,63831.99000000,46.44893000
1786523100000,2026-08-12T08:25:00.000Z,63831.99000000,63834.00000000,63812.11000000,63824.47000000,22.02025000
1786523400000,2026-08-12T08:30:00.000Z,63824.47000000,63824.47000000,63773.98000000,63791.43000000,21.69873000
1786523700000,2026-08-12T08:35:00.000Z,63791.43000000,63802.00000000,63778.11000000,63802.00000000,9.61348000
1786524000000,2026-08-12T08:40:00.000Z,63802.00000000,63802.00000000,63779.35000000,63779.37000000,8.54567000
1786524300000,2026-08-12T08:45:00.000Z,63779.37000000,63824.13000000,63779.36000000,63814.15000000,16.33222000
1786524600000,2026-08-12T08:50:00.000Z,63814.15000000,63814.15000000,63782.77000000,63789.99000000,23.73018000
1786524900000,2026-08-12T08:55:00.000Z,63790.00000000,63794.95000000,63787.10000000,63794.94000000,7.45627000
1786525200000,2026-08-12T09:00:00.000Z,63794.95000000,63807.42000000,63768.01000000,63807.41000000,14.83097000
1786525500000,2026-08-12T09:05:00.000Z,63807.42000000,63848.82000000,63800.06000000,63848.82000000,15.11120000
1786525800000,2026-08-12T09:10:00.000Z,63848.81000000,63862.29000000,63847.39000000,63856.00000000,13.60793000
1786526100000,2026-08-12T09:15:00.000Z,63856.00000000,63970.00000000,63855.99000000,63964.05000000,61.66686000
1786526400000,2026-08-12T09:20:00.000Z,63964.05000000,63980.00000000,63908.57000000,63980.00000000,54.32091000
1786526700000,2026-08-12T09:25:00.000Z,63979.99000000,64002.00000000,63936.80000000,63983.99000000,90.18424000
1786527000000,2026-08-12T09:30:00.000Z,63983.99000000,64086.00000000,63983.99000000,64001.01000000,76.44111000
1786527300000,2026-08-12T09:35:00.000Z,64001.00000000,64088.00000000,63994.98000000,64060.00000000,44.44877000
1786527600000,2026-08-12T09:40:00.000Z,64060.01000000,64060.01000000,64006.00000000,64042.55000000,17.43770000
1786527900000,2026-08-12T09:45:00.000Z,64042.55000000,64067.11000000,64040.00000000,64063.76000000,20.19713000
1786528200000,2026-08-12T09:50:00.000Z,64063.77000000,64130.47000000,64034.00000000,64059.91000000,127.52426000
1786528500000,2026-08-12T09:55:00.000Z,64059.91000000,64108.82000000,64059.90000000,64108.81000000,17.75878000
1786528800000,2026-08-12T10:00:00.000Z,64108.82000000,64218.00000000,64102.40000000,64139.28000000,150.81183000
1786529100000,2026-08-12T10:05:00.000Z,64139.28000000,64151.80000000,64116.19000000,64116.19000000,156.35342000
1786529400000,2026-08-12T10:10:00.000Z,64116.19000000,64162.02000000,64107.69000000,64123.63000000,175.36974000
1786529700000,2026-08-12T10:15:00.000Z,64123.64000000,64123.64000000,64061.92000000,64061.93000000,157.23524000
1786530000000,2026-08-12T10:20:00.000Z,64061.92000000,64133.61000000,64061.92000000,64079.95000000,129.11749000
1786530300000,2026-08-12T10:25:00.000Z,64079.94000000,64092.98000000,64059.99000000,64068.00000000,49.24929000
1786530600000,2026-08-12T10:30:00.000Z,64068.00000000,64156.00000000,64068.00000000,64118.03000000,43.78787000
1786530900000,2026-08-12T10:35:00.000Z,64118.02000000,64140.00000000,64098.65000000,64115.05000000,19.69181000
1786531200000,2026-08-12T10:40:00.000Z,64115.05000000,64160.89000000,64115.05000000,64146.00000000,17.32962000
1786531500000,2026-08-12T10:45:00.000Z,64146.00000000,64156.13000000,64080.01000000,64099.70000000,63.77023000
1786531800000,2026-08-12T10:50:00.000Z,64099.71000000,64156.00000000,64099.70000000,64155.99000000,17.96849000
1786532100000,2026-08-12T10:55:00.000Z,64156.00000000,64156.02000000,64139.21000000,64143.36000000,15.45255000
1786532400000,2026-08-12T11:00:00.000Z,64143.36000000,64213.68000000,64122.84000000,64127.99000000,31.29459000
1786532700000,2026-08-12T11:05:00.000Z,64127.99000000,64143.97000000,64113.50000000,64124.00000000,14.24310000
1786533000000,2026-08-12T11:10:00.000Z,64124.01000000,64151.36000000,64122.00000000,64136.47000000,13.75767000
1786533300000,2026-08-12T11:15:00.000Z,64136.47000000,64156.93000000,64130.00000000,64152.40000000,14.92017000
1786533600000,2026-08-12T11:20:00.000Z,64152.39000000,64200.01000000,64148.00000000,64181.35000000,69.50474000
1786533900000,2026-08-12T11:25:00.000Z,64181.36000000,64208.00000000,64168.49000000,64200.01000000,107.62101000
1786534200000,2026-08-12T11:30:00.000Z,64200.00000000,64218.00000000,64185.04000000,64185.04000000,52.75147000
1786534500000,2026-08-12T11:35:00.000Z,64185.04000000,64208.02000000,64160.00000000,64208.02000000,16.54200000
1786534800000,2026-08-12T11:40:00.000Z,64208.02000000,64211.82000000,64196.58000000,64196.58000000,20.21115000
1786535100000,2026-08-12T11:45:00.000Z,64196.58000000,64242.00000000,64195.00000000,64237.79000000,30.86767000
1786535400000,2026-08-12T11:50:00.000Z,64237.78000000,64249.50000000,64235.12000000,64235.12000000,24.94653000
1786535700000,2026-08-12T11:55:00.000Z,64235.13000000,64240.04000000,64231.39000000,64240.04000000,17.64421000
1786536000000,2026-08-12T12:00:00.000Z,64240.04000000,64270.00000000,64215.00000000,64269.99000000,60.27564000
1786536300000,2026-08-12T12:05:00.000Z,64270.00000000,64319.32000000,64258.61000000,64298.67000000,67.61718000
1786536600000,2026-08-12T12:10:00.000Z,64298.66000000,64298.66000000,64256.00000000,64265.67000000,39.88890000
1786536900000,2026-08-12T12:15:00.000Z,64265.67000000,64358.25000000,64265.66000000,64309.99000000,58.42262000
1786537200000,2026-08-12T12:20:00.000Z,64309.99000000,64356.84000000,64270.15000000,64273.20000000,162.84204000
1786537500000,2026-08-12T12:25:00.000Z,64273.20000000,64444.00000000,64262.50000000,64412.00000000,141.98655000
1786537800000,2026-08-12T12:30:00.000Z,64412.00000000,64500.00000000,64087.51000000,64258.85000000,328.09742000
1786538100000,2026-08-12T12:35:00.000Z,64258.62000000,64290.00000000,64047.82000000,64073.97000000,104.85466000
1786538400000,2026-08-12T12:40:00.000Z,64073.98000000,64127.72000000,64050.91000000,64097.99000000,167.89673000
1786538700000,2026-08-12T12:45:00.000Z,64097.99000000,64098.00000000,63976.37000000,63989.99000000,90.06379000
1786539000000,2026-08-12T12:50:00.000Z,63990.00000000,64183.66000000,63990.00000000,64151.35000000,47.36311000
1786539300000,2026-08-12T12:55:00.000Z,64151.34000000,64159.36000000,64100.83000000,64119.71000000,27.75083000
1786539600000,2026-08-12T13:00:00.000Z,64119.72000000,64159.36000000,64029.52000000,64064.01000000,55.00935000
1786539900000,2026-08-12T13:05:00.000Z,64064.01000000,64110.00000000,64024.01000000,64098.89000000,34.60910000
1786540200000,2026-08-12T13:10:00.000Z,64098.89000000,64122.94000000,63939.40000000,63984.00000000,47.33120000
1786540500000,2026-08-12T13:15:00.000Z,63983.99000000,64038.03000000,63983.99000000,64008.00000000,19.67548000
1786540800000,2026-08-12T13:20:00.000Z,64008.01000000,64044.00000000,63966.10000000,63966.10000000,38.91344000
1786541100000,2026-08-12T13:25:00.000Z,63966.10000000,63966.10000000,63912.36000000,63960.00000000,65.73554000
1786541400000,2026-08-12T13:30:00.000Z,63960.00000000,64014.96000000,63886.06000000,63920.01000000,81.67587000
1786541700000,2026-08-12T13:35:00.000Z,63920.01000000,64003.85000000,63914.16000000,63958.23000000,66.92716000
1786542000000,2026-08-12T13:40:00.000Z,63958.23000000,64011.67000000,63868.00000000,63983.15000000,90.81843000
1786542300000,2026-08-12T13:45:00.000Z,63983.14000000,64070.28000000,63983.14000000,63997.53000000,91.15245000
1786542600000,2026-08-12T13:50:00.000Z,63997.54000000,64004.00000000,63878.00000000,63898.94000000,80.61175000
1786542900000,2026-08-12T13:55:00.000Z,63898.93000000,63925.48000000,63840.00000000,63840.00000000,54.98121000
1786543200000,2026-08-12T14:00:00.000Z,63840.00000000,63840.00000000,63630.00000000,63659.99000000,151.44528000
1786543500000,2026-08-12T14:05:00.000Z,63659.99000000,63752.78000000,63600.00000000,63752.78000000,83.35984000
1786543800000,2026-08-12T14:10:00.000Z,63752.78000000,63926.13000000,63734.84000000,63792.12000000,85.96010000
1786544100000,2026-08-12T14:15:00.000Z,63792.12000000,63832.00000000,63766.00000000,63790.44000000,54.98402000
1786544400000,2026-08-12T14:20:00.000Z,63790.44000000,63807.40000000,63732.00000000,63750.17000000,50.26231000
1786544700000,2026-08-12T14:25:00.000Z,63750.18000000,63807.79000000,63649.99000000,63658.01000000,98.36325000
1786545000000,2026-08-12T14:30:00.000Z,63658.00000000,63695.07000000,63550.00000000,63582.05000000,138.28570000
1786545300000,2026-08-12T14:35:00.000Z,63582.06000000,63636.00000000,63529.41000000,63576.05000000,119.56135000
1786545600000,2026-08-12T14:40:00.000Z,63576.06000000,63633.81000000,63528.86000000,63608.00000000,61.23198000
1786545900000,2026-08-12T14:45:00.000Z,63608.00000000,63639.37000000,63576.61000000,63612.80000000,45.97999000
1786546200000,2026-08-12T14:50:00.000Z,63613.13000000,63618.00000000,63500.00000000,63500.01000000,135.37938000
1786546500000,2026-08-12T14:55:00.000Z,63500.00000000,63500.01000000,63362.74000000,63363.39000000,139.07108000
1786546800000,2026-08-12T15:00:00.000Z,63363.39000000,63490.76000000,63316.00000000,63460.00000000,160.10996000
1786547100000,2026-08-12T15:05:00.000Z,63460.01000000,63512.96000000,63437.82000000,63457.27000000,82.95657000
1786547400000,2026-08-12T15:10:00.000Z,63457.28000000,63528.63000000,63448.65000000,63500.01000000,61.49138000
1786547700000,2026-08-12T15:15:00.000Z,63500.01000000,63544.00000000,63484.19000000,63535.99000000,46.59380000
1786548000000,2026-08-12T15:20:00.000Z,63536.00000000,63536.00000000,63440.06000000,63482.13000000,47.53430000
1786548300000,2026-08-12T15:25:00.000Z,63482.13000000,63501.37000000,63438.96000000,63501.37000000,65.62620000
1786548600000,2026-08-12T15:30:00.000Z,63501.38000000,63524.01000000,63401.00000000,63468.92000000,57.31619000
1786548900000,2026-08-12T15:35:00.000Z,63468.92000000,63540.00000000,63462.56000000,63503.40000000,48.72190000
1786549200000,2026-08-12T15:40:00.000Z,63503.40000000,63570.01000000,63476.29000000,63530.00000000,62.07804000
1786549500000,2026-08-12T15:45:00.000Z,63530.01000000,63560.75000000,63472.27000000,63494.02000000,57.72969000
1786549800000,2026-08-12T15:50:00.000Z,63494.02000000,63524.56000000,63490.00000000,63504.14000000,35.78490000
1786550100000,2026-08-12T15:55:00.000Z,63504.14000000,63513.82000000,63419.23000000,63441.47000000,45.11269000
1786550400000,2026-08-12T16:00:00.000Z,63441.48000000,63486.22000000,63419.00000000,63486.22000000,47.68862000
1786550700000,2026-08-12T16:05:00.000Z,63486.22000000,63500.00000000,63410.88000000,63420.11000000,95.47185000
1786551000000,2026-08-12T16:10:00.000Z,63420.11000000,63476.06000000,63368.35000000,63476.06000000,93.62620000
1786551300000,2026-08-12T16:15:00.000Z,63476.06000000,63554.00000000,63466.00000000,63518.02000000,58.78693000
1786551600000,2026-08-12T16:20:00.000Z,63518.03000000,63526.99000000,63482.35000000,63526.99000000,37.82252000
1786551900000,2026-08-12T16:25:00.000Z,63526.99000000,63571.78000000,63510.86000000,63564.59000000,33.56027000
1786552200000,2026-08-12T16:30:00.000Z,63564.59000000,63578.00000000,63545.63000000,63545.64000000,22.99967000
1786552500000,2026-08-12T16:35:00.000Z,63545.63000000,63553.95000000,63524.63000000,63546.00000000,18.66099000
1786552800000,2026-08-12T16:40:00.000Z,63546.00000000,63553.96000000,63510.00000000,63520.39000000,19.73787000
1786553100000,2026-08-12T16:45:00.000Z,63520.39000000,63520.39000000,63478.50000000,63478.50000000,28.68270000
1786553400000,2026-08-12T16:50:00.000Z,63478.50000000,63518.00000000,63468.00000000,63494.00000000,16.57616000
1786553700000,2026-08-12T16:55:00.000Z,63494.00000000,63518.00000000,63490.96000000,63492.12000000,14.17841000
1786554000000,2026-08-12T17:00:00.000Z,63492.12000000,63525.07000000,63487.46000000,63516.73000000,12.28820000
1786554300000,2026-08-12T17:05:00.000Z,63516.72000000,63526.00000000,63505.77000000,63506.00000000,46.00147000
1786554600000,2026-08-12T17:10:00.000Z,63505.76000000,63541.99000000,63476.25000000,63540.73000000,47.44505000
1786554900000,2026-08-12T17:15:00.000Z,63540.72000000,63556.00000000,63515.68000000,63517.05000000,19.49079000
1786555200000,2026-08-12T17:20:00.000Z,63517.05000000,63517.05000000,63426.36000000,63443.68000000,38.48931000
1786555500000,2026-08-12T17:25:00.000Z,63443.68000000,63453.11000000,63427.56000000,63447.40000000,19.20258000
1786555800000,2026-08-12T17:30:00.000Z,63447.40000000,63479.53000000,63416.40000000,63479.53000000,18.11425000
1786556100000,2026-08-12T17:35:00.000Z,63479.53000000,63504.00000000,63464.87000000,63476.00000000,17.91850000
1786556400000,2026-08-12T17:40:00.000Z,63476.01000000,63494.78000000,63473.99000000,63476.01000000,20.79742000
1786556700000,2026-08-12T17:45:00.000Z,63476.01000000,63486.07000000,63455.03000000,63486.07000000,9.77128000
1786557000000,2026-08-12T17:50:00.000Z,63486.07000000,63541.22000000,63476.05000000,63476.05000000,28.31658000
1786557300000,2026-08-12T17:55:00.000Z,63476.06000000,63484.10000000,63470.99000000,63471.00000000,14.53234000
1786557600000,2026-08-12T18:00:00.000Z,63470.99000000,63486.20000000,63422.77000000,63479.32000000,38.88831000
1786557900000,2026-08-12T18:05:00.000Z,63479.32000000,63479.33000000,63454.55000000,63454.65000000,19.88671000
1786558200000,2026-08-12T18:10:00.000Z,63454.65000000,63504.15000000,63440.99000000,63474.80000000,25.38696000
1786558500000,2026-08-12T18:15:00.000Z,63474.80000000,63474.80000000,63399.99000000,63416.83000000,115.37714000
1786558800000,2026-08-12T18:20:00.000Z,63416.83000000,63424.67000000,63380.00000000,63409.10000000,26.23170000
1786559100000,2026-08-12T18:25:00.000Z,63409.11000000,63438.00000000,63409.10000000,63435.69000000,27.00404000
1786559400000,2026-08-12T18:30:00.000Z,63435.69000000,63522.56000000,63425.60000000,63498.00000000,38.36865000
1786559700000,2026-08-12T18:35:00.000Z,63497.99000000,63498.00000000,63450.00000000,63450.00000000,15.00174000
1786560000000,2026-08-12T18:40:00.000Z,63450.00000000,63453.36000000,63415.82000000,63443.01000000,18.18275000
1786560300000,2026-08-12T18:45:00.000Z,63443.02000000,63443.02000000,63413.54000000,63422.69000000,18.43910000
1786560600000,2026-08-12T18:50:00.000Z,63422.68000000,63422.69000000,63376.22000000,63380.01000000,33.55133000
1786560900000,2026-08-12T18:55:00.000Z,63380.01000000,63390.97000000,63373.97000000,63386.59000000,20.60414000
1786561200000,2026-08-12T19:00:00.000Z,63386.58000000,63414.00000000,63386.58000000,63414.00000000,66.32451000
1786561500000,2026-08-12T19:05:00.000Z,63413.99000000,63420.41000000,63404.49000000,63416.27000000,11.69324000
1786561800000,2026-08-12T19:10:00.000Z,63416.28000000,63431.94000000,63386.15000000,63386.16000000,16.70040000
1786562100000,2026-08-12T19:15:00.000Z,63386.16000000,63465.13000000,63374.00000000,63439.02000000,23.24996000
1786562400000,2026-08-12T19:20:00.000Z,63439.02000000,63441.83000000,63370.71000000,63370.71000000,16.50735000
1786562700000,2026-08-12T19:25:00.000Z,63370.70000000,63392.00000000,63310.34000000,63380.38000000,85.56078000
1786563000000,2026-08-12T19:30:00.000Z,63380.37000000,63394.84000000,63368.00000000,63385.44000000,17.85378000
1786563300000,2026-08-12T19:35:00.000Z,63385.44000000,63402.00000000,63352.93000000,63352.93000000,17.09238000
1786563600000,2026-08-12T19:40:00.000Z,63352.92000000,63381.72000000,63340.32000000,63340.32000000,33.67581000
1786563900000,2026-08-12T19:45:00.000Z,63340.32000000,63368.63000000,63322.52000000,63350.00000000,24.97306000
1786564200000,2026-08-12T19:50:00.000Z,63350.01000000,63405.91000000,63324.94000000,63402.01000000,29.25393000
1786564500000,2026-08-12T19:55:00.000Z,63402.01000000,63429.83000000,63396.00000000,63421.11000000,38.64793000
1786564800000,2026-08-12T20:00:00.000Z,63421.11000000,63512.27000000,63421.11000000,63501.84000000,31.90932000
1786565100000,2026-08-12T20:05:00.000Z,63501.84000000,63514.57000000,63433.13000000,63433.13000000,24.44647000
1786565400000,2026-08-12T20:10:00.000Z,63433.14000000,63477.55000000,63433.13000000,63462.40000000,13.12042000
1786565700000,2026-08-12T20:15:00.000Z,63462.40000000,63487.51000000,63427.08000000,63487.50000000,40.48809000
1786566000000,2026-08-12T20:20:00.000Z,63487.51000000,63500.00000000,63459.89000000,63492.00000000,33.01067000
1786566300000,2026-08-12T20:25:00.000Z,63492.00000000,63517.35000000,63491.99000000,63506.82000000,17.64622000
1786566600000,2026-08-12T20:30:00.000Z,63506.82000000,63545.75000000,63506.82000000,63536.75000000,23.79338000
1786566900000,2026-08-12T20:35:00.000Z,63536.74000000,63570.00000000,63530.00000000,63565.33000000,24.80009000
1786567200000,2026-08-12T20:40:00.000Z,63565.32000000,63570.01000000,63546.00000000,63546.01000000,25.45756000
1786567500000,2026-08-12T20:45:00.000Z,63546.00000000,63564.46000000,63530.85000000,63530.86000000,18.62508000
1786567800000,2026-08-12T20:50:00.000Z,63530.85000000,63558.53000000,63528.57000000,63529.99000000,35.22831000
1786568100000,2026-08-12T20:55:00.000Z,63530.00000000,63600.00000000,63529.99000000,63599.99000000,18.73638000
1786568400000,2026-08-12T21:00:00.000Z,63600.00000000,63661.24000000,63588.00000000,63588.01000000,42.82419000
1786568700000,2026-08-12T21:05:00.000Z,63588.00000000,63588.01000000,63558.60000000,63568.88000000,13.33342000
1786569000000,2026-08-12T21:10:00.000Z,63568.89000000,63629.59000000,63568.88000000,63584.63000000,21.50275000
1786569300000,2026-08-12T21:15:00.000Z,63584.62000000,63595.81000000,63572.50000000,63572.51000000,12.11658000
1786569600000,2026-08-12T21:20:00.000Z,63572.51000000,63577.82000000,63537.89000000,63537.90000000,13.05662000
1786569900000,2026-08-12T21:25:00.000Z,63537.89000000,63537.89000000,63468.00000000,63485.18000000,37.75835000
1786570200000,2026-08-12T21:30:00.000Z,63485.18000000,63498.00000000,63434.20000000,63483.59000000,27.11187000
1786570500000,2026-08-12T21:35:00.000Z,63483.59000000,63513.98000000,63421.61000000,63513.98000000,24.40936000
1786570800000,2026-08-12T21:40:00.000Z,63513.97000000,63544.00000000,63498.83000000,63535.27000000,16.18137000
1786571100000,2026-08-12T21:45:00.000Z,63535.27000000,63561.03000000,63518.01000000,63518.01000000,17.98220000
1786571400000,2026-08-12T21:50:00.000Z,63518.01000000,63580.00000000,63513.56000000,63562.00000000,25.71891000
1786571700000,2026-08-12T21:55:00.000Z,63562.00000000,63562.00000000,63456.58000000,63469.83000000,15.58083000
1786572000000,2026-08-12T22:00:00.000Z,63469.84000000,63500.00000000,63425.08000000,63476.00000000,27.84691000
1786572300000,2026-08-12T22:05:00.000Z,63476.00000000,63518.00000000,63470.71000000,63472.90000000,24.04114000
1786572600000,2026-08-12T22:10:00.000Z,63472.90000000,63536.00000000,63472.89000000,63496.82000000,17.71692000
1786572900000,2026-08-12T22:15:00.000Z,63496.82000000,63532.00000000,63496.82000000,63502.01000000,10.57663000
1786573200000,2026-08-12T22:20:00.000Z,63502.01000000,63517.43000000,63485.33000000,63514.03000000,10.12164000
1786573500000,2026-08-12T22:25:00.000Z,63514.02000000,63520.93000000,63488.00000000,63490.35000000,13.97400000
1786573800000,2026-08-12T22:30:00.000Z,63490.34000000,63494.69000000,63403.01000000,63419.39000000,26.79168000
1786574100000,2026-08-12T22:35:00.000Z,63419.39000000,63440.00000000,63380.00000000,63380.01000000,38.73593000
1786574400000,2026-08-12T22:40:00.000Z,63380.01000000,63411.37000000,63370.00000000,63406.20000000,31.66466000
1786574700000,2026-08-12T22:45:00.000Z,63406.20000000,63418.58000000,63396.01000000,63408.01000000,12.86063000
1786575000000,2026-08-12T22:50:00.000Z,63408.00000000,63438.00000000,63408.00000000,63432.92000000,13.89977000
1786575300000,2026-08-12T22:55:00.000Z,63432.92000000,63432.92000000,63412.23000000,63432.28000000,11.77905000
1786575600000,2026-08-12T23:00:00.000Z,63432.28000000,63435.45000000,63395.90000000,63405.96000000,29.88059000
1786575900000,2026-08-12T23:05:00.000Z,63405.96000000,63423.84000000,63383.54000000,63423.84000000,28.56561000
1786576200000,2026-08-12T23:10:00.000Z,63423.84000000,63439.99000000,63400.00000000,63413.13000000,19.23014000
1786576500000,2026-08-12T23:15:00.000Z,63413.14000000,63444.36000000,63410.01000000,63423.53000000,14.98310000
1786576800000,2026-08-12T23:20:00.000Z,63423.53000000,63433.45000000,63387.00000000,63387.01000000,30.62706000
1786577100000,2026-08-12T23:25:00.000Z,63387.01000000,63430.51000000,63378.23000000,63430.51000000,299.42115000
1786577400000,2026-08-12T23:30:00.000Z,63430.51000000,63463.85000000,63430.50000000,63463.85000000,18.29835000
1786577700000,2026-08-12T23:35:00.000Z,63463.84000000,63482.89000000,63462.00000000,63477.87000000,17.03796000
1786578000000,2026-08-12T23:40:00.000Z,63477.87000000,63477.87000000,63389.99000000,63416.97000000,473.40889000
1786578300000,2026-08-12T23:45:00.000Z,63416.96000000,63418.90000000,63406.67000000,63411.29000000,19.14197000
1786578600000,2026-08-12T23:50:00.000Z,63411.29000000,63437.41000000,63411.28000000,63425.21000000,14.98994000
1786578900000,2026-08-12T23:55:00.000Z,63425.22000000,63482.89000000,63416.92000000,63479.99000000,32.45678000
1786579200000,2026-08-13T00:00:00.000Z,63479.99000000,63502.00000000,63460.32000000,63460.33000000,28.64511000
1786579500000,2026-08-13T00:05:00.000Z,63460.33000000,63595.80000000,63460.32000000,63595.78000000,42.70830000
1786579800000,2026-08-13T00:10:00.000Z,63595.78000000,63602.96000000,63586.66000000,63602.96000000,23.46352000
1786580100000,2026-08-13T00:15:00.000Z,63602.96000000,63717.31000000,63602.95000000,63651.42000000,61.26172000
1786580400000,2026-08-13T00:20:00.000Z,63651.42000000,63651.42000000,63618.01000000,63618.01000000,16.36614000
1786580700000,2026-08-13T00:25:00.000Z,63618.01000000,63630.00000000,63584.76000000,63626.66000000,96.97176000
1786581000000,2026-08-13T00:30:00.000Z,63626.19000000,63626.19000000,63568.59000000,63588.75000000,16.10776000
1786581300000,2026-08-13T00:35:00.000Z,63588.75000000,63595.40000000,63575.46000000,63579.12000000,12.45265000
1786581600000,2026-08-13T00:40:00.000Z,63579.12000000,63579.13000000,63504.59000000,63515.71000000,28.43344000
1786581900000,2026-08-13T00:45:00.000Z,63515.71000000,63591.57000000,63501.36000000,63578.66000000,34.63745000
1786582200000,2026-08-13T00:50:00.000Z,63578.67000000,63602.00000000,63574.01000000,63582.00000000,18.09896000
1786582500000,2026-08-13T00:55:00.000Z,63582.00000000,63588.00000000,63556.92000000,63556.92000000,27.62328000
1786582800000,2026-08-13T01:00:00.000Z,63556.91000000,63565.38000000,63519.89000000,63565.37000000,17.03056000
1786583100000,2026-08-13T01:05:00.000Z,63565.38000000,63571.99000000,63552.01000000,63571.98000000,13.06168000
1786583400000,2026-08-13T01:10:00.000Z,63571.99000000,63631.67000000,63571.99000000,63631.66000000,26.23640000
1786583700000,2026-08-13T01:15:00.000Z,63631.66000000,63631.67000000,63525.99000000,63532.00000000,19.06611000
1786584000000,2026-08-13T01:20:00.000Z,63532.01000000,63553.78000000,63444.45000000,63445.56000000,41.75643000
1786584300000,2026-08-13T01:25:00.000Z,63445.56000000,63449.99000000,63400.00000000,63416.37000000,46.00109000
1786584600000,2026-08-13T01:30:00.000Z,63416.37000000,63472.00000000,63407.67000000,63472.00000000,25.11334000
1786584900000,2026-08-13T01:35:00.000Z,63472.00000000,63539.95000000,63472.00000000,63539.94000000,18.09430000
1786585200000,2026-08-13T01:40:00.000Z,63539.95000000,63539.95000000,63412.36000000,63412.36000000,21.99530000
1786585500000,2026-08-13T01:45:00.000Z,63412.35000000,63450.00000000,63382.45000000,63440.01000000,48.67773000
1786585800000,2026-08-13T01:50:00.000Z,63440.01000000,63495.30000000,63429.68000000,63495.30000000,13.58654000
1786586100000,2026-08-13T01:55:00.000Z,63495.30000000,63516.00000000,63456.10000000,63456.11000000,27.26496000
1786586400000,2026-08-13T02:00:00.000Z,63456.10000000,63475.26000000,63444.00000000,63444.01000000,16.55932000
1786586700000,2026-08-13T02:05:00.000Z,63444.01000000,63480.00000000,63426.58000000,63480.00000000,14.78075000
1786587000000,2026-08-13T02:10:00.000Z,63480.00000000,63480.00000000,63444.30000000,63470.01000000,63.83669000
1786587300000,2026-08-13T02:15:00.000Z,63470.00000000,63470.01000000,63446.99000000,63449.14000000,19.05395000
1786587600000,2026-08-13T02:20:00.000Z,63449.14000000,63458.00000000,63426.72000000,63450.01000000,20.43719000
1786587900000,2026-08-13T02:25:00.000Z,63450.01000000,63483.99000000,63450.01000000,63470.01000000,38.63154000
1786588200000,2026-08-13T02:30:00.000Z,63470.01000000,63470.01000000,63380.00000000,63421.70000000,67.59450000
1786588500000,2026-08-13T02:35:00.000Z,63421.70000000,63447.16000000,63411.73000000,63426.01000000,20.92889000
1786588800000,2026-08-13T02:40:00.000Z,63426.00000000,63498.26000000,63414.02000000,63498.26000000,147.31072000
1786589100000,2026-08-13T02:45:00.000Z,63498.26000000,63530.54000000,63478.00000000,63530.54000000,23.83981000
1786589400000,2026-08-13T02:50:00.000Z,63530.53000000,63566.00000000,63530.53000000,63564.00000000,13.84739000
1786589700000,2026-08-13T02:55:00.000Z,63563.99000000,63582.00000000,63550.00000000,63550.01000000,11.34415000
1786590000000,2026-08-13T03:00:00.000Z,63550.01000000,63566.24000000,63531.06000000,63545.45000000,19.56145000
1786590300000,2026-08-13T03:05:00.000Z,63545.44000000,63549.85000000,63518.86000000,63518.86000000,16.14031000
1786590600000,2026-08-13T03:10:00.000Z,63518.86000000,63584.82000000,63514.21000000,63576.77000000,25.42349000
1786590900000,2026-08-13T03:15:00.000Z,63576.77000000,63614.52000000,63575.00000000,63588.01000000,40.05562000
1786591200000,2026-08-13T03:20:00.000Z,63588.00000000,63632.42000000,63573.01000000,63616.92000000,47.69745000
1786591500000,2026-08-13T03:25:00.000Z,63616.92000000,63639.61000000,63559.37000000,63570.00000000,133.67553000
1786591800000,2026-08-13T03:30:00.000Z,63570.00000000,63612.94000000,63567.86000000,63612.94000000,33.55494000
1786592100000,2026-08-13T03:35:00.000Z,63612.94000000,63635.76000000,63600.00000000,63605.42000000,11.16570000
1786592400000,2026-08-13T03:40:00.000Z,63605.42000000,63614.50000000,63576.21000000,63576.21000000,7.90381000
1786592700000,2026-08-13T03:45:00.000Z,63576.22000000,63656.01000000,63576.22000000,63634.01000000,16.69859000
1786593000000,2026-08-13T03:50:00.000Z,63634.01000000,63686.40000000,63626.00000000,63660.01000000,38.53461000
1786593300000,2026-08-13T03:55:00.000Z,63660.00000000,63665.40000000,63645.75000000,63646.99000000,11.30669000
1786593600000,2026-08-13T04:00:00.000Z,63647.00000000,63652.00000000,63640.01000000,63642.00000000,8.94106000
1786593900000,2026-08-13T04:05:00.000Z,63642.00000000,63644.80000000,63641.99000000,63643.21000000,4.20388000
1786594200000,2026-08-13T04:10:00.000Z,63643.20000000,63679.60000000,63624.97000000,63679.55000000,57.34821000
1786594500000,2026-08-13T04:15:00.000Z,63679.55000000,63679.55000000,63628.19000000,63628.20000000,9.35082000
1786594800000,2026-08-13T04:20:00.000Z,63628.20000000,63628.20000000,63604.08000000,63605.37000000,5.31151000
1786595100000,2026-08-13T04:25:00.000Z,63605.37000000,63610.94000000,63591.56000000,63595.13000000,8.42040000
1786595400000,2026-08-13T04:30:00.000Z,63595.13000000,63623.51000000,63595.12000000,63623.51000000,6.43755000
1786595700000,2026-08-13T04:35:00.000Z,63623.51000000,63711.09000000,63623.50000000,63682.01000000,20.71478000
1786596000000,2026-08-13T04:40:00.000Z,63682.00000000,63705.40000000,63681.87000000,63696.47000000,16.00059000
1786596300000,2026-08-13T04:45:00.000Z,63696.48000000,63778.00000000,63696.47000000,63722.69000000,52.87817000
1786596600000,2026-08-13T04:50:00.000Z,63722.69000000,63748.53000000,63718.00000000,63740.00000000,11.56263000
1786596900000,2026-08-13T04:55:00.000Z,63740.00000000,63748.53000000,63691.18000000,63693.74000000,22.25524000
1786597200000,2026-08-13T05:00:00.000Z,63693.73000000,63750.00000000,63671.64000000,63748.72000000,15.14143000
1786597500000,2026-08-13T05:05:00.000Z,63748.71000000,63874.07000000,63730.83000000,63829.53000000,66.74835000
1786597800000,2026-08-13T05:10:00.000Z,63829.54000000,63881.99000000,63829.53000000,63881.18000000,23.30074000
1786598100000,2026-08-13T05:15:00.000Z,63881.19000000,64010.00000000,63881.19000000,63925.21000000,191.71708000
1786598400000,2026-08-13T05:20:00.000Z,63925.21000000,63977.99000000,63912.21000000,63959.49000000,38.32284000
1786598700000,2026-08-13T05:25:00.000Z,63959.49000000,63959.50000000,63921.77000000,63942.66000000,58.01588000
1786599000000,2026-08-13T05:30:00.000Z,63942.67000000,63955.20000000,63901.45000000,63929.99000000,21.19653000
1786599300000,2026-08-13T05:35:00.000Z,63929.99000000,63938.49000000,63905.26000000,63936.00000000,27.10658000
1786599600000,2026-08-13T05:40:00.000Z,63936.00000000,63941.67000000,63921.00000000,63926.64000000,15.95187000
1786599900000,2026-08-13T05:45:00.000Z,63926.63000000,63933.08000000,63890.00000000,63890.03000000,22.48931000
1786600200000,2026-08-13T05:50:00.000Z,63890.02000000,63894.00000000,63890.02000000,63894.00000000,6.83059000
1786600500000,2026-08-13T05:55:00.000Z,63894.00000000,63894.00000000,63878.00000000,63878.00000000,13.28762000
1786600800000,2026-08-13T06:00:00.000Z,63878.01000000,63886.73000000,63824.56000000,63838.16000000,32.77687000
1786601100000,2026-08-13T06:05:00.000Z,63838.16000000,63852.05000000,63815.28000000,63822.18000000,29.41884000
1786601400000,2026-08-13T06:10:00.000Z,63822.17000000,63847.43000000,63822.17000000,63835.88000000,32.01874000
1786601700000,2026-08-13T06:15:00.000Z,63835.88000000,63840.56000000,63815.24000000,63840.56000000,14.20669000
1786602000000,2026-08-13T06:20:00.000Z,63840.56000000,63850.08000000,63828.71000000,63828.72000000,7.22718000
1786602300000,2026-08-13T06:25:00.000Z,63828.71000000,63828.72000000,63814.35000000,63826.38000000,11.62889000
1786602600000,2026-08-13T06:30:00.000Z,63826.38000000,63826.38000000,63790.00000000,63793.88000000,20.69156000
1786602900000,2026-08-13T06:35:00.000Z,63793.88000000,63803.19000000,63772.05000000,63772.05000000,11.49277000
1786603200000,2026-08-13T06:40:00.000Z,63772.04000000,63774.48000000,63760.88000000,63760.89000000,11.75364000
1786603500000,2026-08-13T06:45:00.000Z,63760.88000000,63814.71000000,63757.47000000,63799.95000000,16.92773000
1786603800000,2026-08-13T06:50:00.000Z,63799.94000000,63912.00000000,63799.94000000,63907.25000000,35.77892000
1786604100000,2026-08-13T06:55:00.000Z,63907.25000000,63942.36000000,63888.01000000,63942.35000000,32.11536000
1786604400000,2026-08-13T07:00:00.000Z,63942.36000000,63947.09000000,63864.81000000,63868.65000000,54.08754000
1786604700000,2026-08-13T07:05:00.000Z,63868.65000000,63900.00000000,63868.65000000,63891.35000000,91.11941000
1786605000000,2026-08-13T07:10:00.000Z,63891.35000000,63905.06000000,63878.00000000,63878.02000000,54.74517000
1786605300000,2026-08-13T07:15:00.000Z,63878.02000000,63888.22000000,63876.00000000,63876.00000000,29.47929000
1786605600000,2026-08-13T07:20:00.000Z,63876.01000000,63919.98000000,63862.00000000,63919.98000000,38.23233000
1786605900000,2026-08-13T07:25:00.000Z,63919.97000000,63919.98000000,63884.19000000,63899.21000000,37.51542000
1786606200000,2026-08-13T07:30:00.000Z,63899.21000000,63903.19000000,63895.62000000,63895.63000000,66.57454000
1786606500000,2026-08-13T07:35:00.000Z,63895.63000000,63895.63000000,63884.00000000,63884.00000000,39.26433000
1786606800000,2026-08-13T07:40:00.000Z,63884.01000000,63892.11000000,63875.51000000,63875.52000000,25.30484000
1786607100000,2026-08-13T07:45:00.000Z,63875.52000000,63875.52000000,63856.13000000,63856.14000000,38.16825000
1786607400000,2026-08-13T07:50:00.000Z,63856.14000000,63861.36000000,63856.13000000,63861.36000000,23.43259000
1786607700000,2026-08-13T07:55:00.000Z,63861.36000000,63865.84000000,63859.27000000,63865.84000000,35.17214000
1786608000000,2026-08-13T08:00:00.000Z,63865.84000000,63915.00000000,63865.84000000,63905.99000000,45.22481000
1786608300000,2026-08-13T08:05:00.000Z,63905.99000000,63906.00000000,63867.59000000,63877.04000000,27.02414000
1786608600000,2026-08-13T08:10:00.000Z,63877.04000000,63877.04000000,63836.00000000,63836.00000000,57.43927000
1786608900000,2026-08-13T08:15:00.000Z,63836.01000000,63840.01000000,63800.97000000,63810.00000000,32.44669000
1786609200000,2026-08-13T08:20:00.000Z,63810.00000000,63818.30000000,63799.99000000,63800.00000000,69.39881000
1786609500000,2026-08-13T08:25:00.000Z,63800.00000000,63801.89000000,63774.29000000,63784.61000000,23.65581000
1786609800000,2026-08-13T08:30:00.000Z,63784.61000000,63797.40000000,63774.99000000,63775.00000000,33.37150000
1786610100000,2026-08-13T08:35:00.000Z,63775.00000000,63794.86000000,63774.99000000,63793.35000000,36.18012000
1786610400000,2026-08-13T08:40:00.000Z,63793.35000000,63801.99000000,63787.14000000,63801.99000000,28.63220000
1786610700000,2026-08-13T08:45:00.000Z,63801.99000000,63801.99000000,63755.33000000,63776.17000000,50.25115000
1786611000000,2026-08-13T08:50:00.000Z,63776.18000000,63776.18000000,63742.00000000,63742.01000000,15.42433000
1786611300000,2026-08-13T08:55:00.000Z,63742.01000000,63766.80000000,63742.00000000,63766.80000000,20.76985000
1786611600000,2026-08-13T09:00:00.000Z,63766.80000000,63768.77000000,63718.49000000,63724.87000000,34.89414000
1786611900000,2026-08-13T09:05:00.000Z,63724.87000000,63724.88000000,63679.57000000,63679.58000000,17.94265000
1786612200000,2026-08-13T09:10:00.000Z,63679.58000000,63679.58000000,63620.00000000,63620.01000000,17.88264000
1786612500000,2026-08-13T09:15:00.000Z,63620.00000000,63666.00000000,63587.99000000,63666.00000000,63.95295000
1786612800000,2026-08-13T09:20:00.000Z,63666.00000000,63710.00000000,63665.99000000,63709.10000000,20.57467000
1786613100000,2026-08-13T09:25:00.000Z,63709.09000000,63709.10000000,63650.68000000,63657.73000000,28.15975000
1786613400000,2026-08-13T09:30:00.000Z,63657.72000000,63703.94000000,63657.72000000,63703.94000000,19.12626000
1786613700000,2026-08-13T09:35:00.000Z,63703.94000000,63703.94000000,63674.29000000,63674.30000000,9.57819000
1786614000000,2026-08-13T09:40:00.000Z,63674.30000000,63701.39000000,63672.27000000,63700.48000000,26.61970000
1786614300000,2026-08-13T09:45:00.000Z,63700.47000000,63726.68000000,63700.47000000,63719.01000000,26.78418000
1786614600000,2026-08-13T09:50:00.000Z,63719.02000000,63770.11000000,63719.01000000,63764.82000000,52.26460000
1786614900000,2026-08-13T09:55:00.000Z,63764.81000000,63786.49000000,63764.19000000,63782.64000000,20.04353000
1786615200000,2026-08-13T10:00:00.000Z,63782.65000000,63818.16000000,63677.71000000,63693.56000000,73.09720000
1786615500000,2026-08-13T10:05:00.000Z,63693.56000000,63740.00000000,63623.49000000,63623.85000000,74.15235000
1786615800000,2026-08-13T10:10:00.000Z,63623.84000000,63651.24000000,63617.36000000,63621.06000000,30.91501000
1786616100000,2026-08-13T10:15:00.000Z,63621.07000000,63676.00000000,63617.36000000,63659.99000000,11.29901000
1786616400000,2026-08-13T10:20:00.000Z,63659.99000000,63660.00000000,63621.77000000,63621.78000000,13.43357000
1786616700000,2026-08-13T10:25:00.000Z,63621.77000000,63641.61000000,63621.77000000,63628.01000000,7.57301000
1786617000000,2026-08-13T10:30:00.000Z,63628.01000000,63628.01000000,63586.00000000,63586.01000000,18.20429000
1786617300000,2026-08-13T10:35:00.000Z,63586.01000000,63613.50000000,63586.00000000,63608.71000000,31.24642000
1786617600000,2026-08-13T10:40:00.000Z,63608.71000000,63637.87000000,63605.15000000,63637.37000000,24.83088000
1786617900000,2026-08-13T10:45:00.000Z,63637.37000000,63640.00000000,63637.36000000,63639.99000000,7.61949000
1786618200000,2026-08-13T10:50:00.000Z,63640.00000000,63651.20000000,63639.99000000,63647.57000000,17.29632000
1786618500000,2026-08-13T10:55:00.000Z,63647.58000000,63651.20000000,63645.41000000,63651.19000000,8.13227000
1786618800000,2026-08-13T11:00:00.000Z,63651.20000000,63660.76000000,63650.96000000,63654.01000000,13.92515000
1786619100000,2026-08-13T11:05:00.000Z,63654.01000000,63654.01000000,63622.68000000,63622.69000000,22.59966000
1786619400000,2026-08-13T11:10:00.000Z,63622.68000000,63626.00000000,63613.96000000,63622.97000000,12.99684000
1786619700000,2026-08-13T11:15:00.000Z,63622.96000000,63632.48000000,63617.99000000,63618.00000000,9.29448000
1786620000000,2026-08-13T11:20:00.000Z,63618.00000000,63618.00000000,63470.00000000,63492.46000000,67.30077000
1786620300000,2026-08-13T11:25:00.000Z,63492.45000000,63499.50000000,63442.63000000,63442.64000000,54.30648000
1786620600000,2026-08-13T11:30:00.000Z,63442.63000000,63451.32000000,63392.75000000,63405.93000000,39.84700000
1786620900000,2026-08-13T11:35:00.000Z,63405.93000000,63478.75000000,63350.00000000,63468.14000000,38.94268000
1786621200000,2026-08-13T11:40:00.000Z,63468.14000000,63480.00000000,63418.58000000,63465.66000000,38.11104000
1786621500000,2026-08-13T11:45:00.000Z,63465.66000000,63502.40000000,63464.00000000,63494.00000000,24.46236000
1786621800000,2026-08-13T11:50:00.000Z,63494.00000000,63494.00000000,63470.00000000,63475.90000000,17.79122000
1786622100000,2026-08-13T11:55:00.000Z,63475.89000000,63484.31000000,63460.00000000,63484.30000000,16.05770000
1786622400000,2026-08-13T12:00:00.000Z,63484.31000000,63484.31000000,63450.00000000,63467.38000000,27.90270000
1786622700000,2026-08-13T12:05:00.000Z,63467.38000000,63540.00000000,63467.37000000,63539.99000000,24.29818000
1786623000000,2026-08-13T12:10:00.000Z,63539.99000000,63563.45000000,63525.75000000,63563.45000000,38.68039000
1786623300000,2026-08-13T12:15:00.000Z,63563.45000000,63563.45000000,63555.49000000,63563.05000000,9.45469000
1786623600000,2026-08-13T12:20:00.000Z,63563.04000000,63571.62000000,63563.04000000,63571.62000000,13.67771000
1786623900000,2026-08-13T12:25:00.000Z,63571.62000000,63590.01000000,63571.61000000,63582.11000000,17.95742000
1786624200000,2026-08-13T12:30:00.000Z,63582.11000000,63691.99000000,63468.00000000,63624.92000000,137.58062000
1786624500000,2026-08-13T12:35:00.000Z,63624.92000000,63648.15000000,63568.00000000,63568.00000000,26.43351000
1786624800000,2026-08-13T12:40:00.000Z,63568.00000000,63587.16000000,63528.96000000,63587.16000000,28.32743000
1786625100000,2026-08-13T12:45:00.000Z,63587.16000000,63633.69000000,63564.00000000,63633.69000000,22.79913000
1786625400000,2026-08-13T12:50:00.000Z,63633.68000000,63657.46000000,63620.33000000,63655.78000000,18.92290000
1786625700000,2026-08-13T12:55:00.000Z,63655.77000000,63710.00000000,63653.22000000,63697.76000000,18.43826000
1786626000000,2026-08-13T13:00:00.000Z,63697.76000000,63781.63000000,63697.76000000,63735.88000000,35.12583000
1786626300000,2026-08-13T13:05:00.000Z,63735.88000000,63804.28000000,63735.87000000,63768.00000000,33.99554000
1786626600000,2026-08-13T13:10:00.000Z,63768.01000000,63771.29000000,63743.66000000,63743.66000000,23.78868000
1786626900000,2026-08-13T13:15:00.000Z,63743.67000000,63743.67000000,63710.00000000,63710.02000000,27.40598000
1786627200000,2026-08-13T13:20:00.000Z,63710.02000000,63710.02000000,63600.00000000,63604.00000000,38.15010000
1786627500000,2026-08-13T13:25:00.000Z,63604.00000000,63636.00000000,63570.13000000,63607.68000000,43.75419000
1786627800000,2026-08-13T13:30:00.000Z,63607.68000000,63740.00000000,63566.00000000,63740.00000000,72.45587000
1786628100000,2026-08-13T13:35:00.000Z,63740.00000000,63808.00000000,63720.00000000,63807.99000000,59.81935000
1786628400000,2026-08-13T13:40:00.000Z,63807.99000000,63850.00000000,63791.97000000,63807.92000000,49.00366000
1786628700000,2026-08-13T13:45:00.000Z,63807.92000000,63845.83000000,63690.00000000,63845.82000000,101.14622000
1786629000000,2026-08-13T13:50:00.000Z,63845.83000000,63845.83000000,63732.00000000,63778.71000000,47.56782000
1786629300000,2026-08-13T13:55:00.000Z,63778.71000000,63778.72000000,63712.00000000,63724.00000000,29.65185000
1786629600000,2026-08-13T14:00:00.000Z,63723.99000000,63760.00000000,63686.00000000,63688.20000000,38.91371000
1786629900000,2026-08-13T14:05:00.000Z,63688.20000000,63766.60000000,63688.00000000,63725.99000000,38.61402000
1786630200000,2026-08-13T14:10:00.000Z,63725.99000000,63846.17000000,63714.01000000,63812.01000000,55.51705000
1786630500000,2026-08-13T14:15:00.000Z,63812.00000000,63880.39000000,63812.00000000,63830.01000000,70.01499000
1786630800000,2026-08-13T14:20:00.000Z,63830.01000000,63884.07000000,63796.00000000,63833.61000000,62.01883000
1786631100000,2026-08-13T14:25:00.000Z,63833.61000000,63858.61000000,63768.17000000,63810.47000000,28.52696000
1786631400000,2026-08-13T14:30:00.000Z,63810.47000000,63962.73000000,63772.00000000,63937.18000000,81.93127000
1786631700000,2026-08-13T14:35:00.000Z,63937.18000000,63999.00000000,63937.17000000,63948.01000000,79.75170000
1786632000000,2026-08-13T14:40:00.000Z,63948.01000000,63989.20000000,63947.05000000,63960.00000000,57.64225000
1786632300000,2026-08-13T14:45:00.000Z,63960.00000000,63968.00000000,63912.00000000,63923.24000000,55.96580000
1786632600000,2026-08-13T14:50:00.000Z,63923.24000000,63928.65000000,63890.00000000,63907.99000000,34.35338000
1786632900000,2026-08-13T14:55:00.000Z,63908.00000000,63908.00000000,63854.01000000,63859.45000000,66.13216000
1786633200000,2026-08-13T15:00:00.000Z,63859.46000000,63940.08000000,63859.46000000,63914.01000000,36.60759000
1786633500000,2026-08-13T15:05:00.000Z,63914.01000000,63914.01000000,63819.19000000,63825.67000000,23.66682000
1786633800000,2026-08-13T15:10:00.000Z,63825.67000000,63874.03000000,63822.02000000,63826.21000000,35.38159000
1786634100000,2026-08-13T15:15:00.000Z,63826.20000000,63850.00000000,63788.00000000,63849.99000000,20.48414000
1786634400000,2026-08-13T15:20:00.000Z,63849.99000000,63888.00000000,63796.57000000,63801.32000000,48.26453000
1786634700000,2026-08-13T15:25:00.000Z,63801.32000000,63801.33000000,63590.80000000,63627.15000000,87.75128000
1786635000000,2026-08-13T15:30:00.000Z,63627.15000000,63681.74000000,63607.87000000,63665.12000000,32.27181000
1786635300000,2026-08-13T15:35:00.000Z,63665.11000000,63704.66000000,63658.80000000,63704.00000000,17.67191000
1786635600000,2026-08-13T15:40:00.000Z,63704.00000000,63752.00000000,63694.00000000,63727.29000000,21.51629000
1786635900000,2026-08-13T15:45:00.000Z,63727.29000000,63727.29000000,63628.78000000,63630.01000000,29.23048000
1786636200000,2026-08-13T15:50:00.000Z,63630.01000000,63689.84000000,63596.00000000,63623.96000000,60.82910000
1786636500000,2026-08-13T15:55:00.000Z,63623.96000000,63642.00000000,63420.00000000,63420.01000000,91.48314000
1786636800000,2026-08-13T16:00:00.000Z,63420.01000000,63481.03000000,63390.23000000,63460.01000000,114.70862000
1786637100000,2026-08-13T16:05:00.000Z,63460.01000000,63509.40000000,63400.00000000,63451.93000000,70.09221000
1786637400000,2026-08-13T16:10:00.000Z,63451.94000000,63482.00000000,63433.99000000,63464.29000000,49.20863000
1786637700000,2026-08-13T16:15:00.000Z,63464.29000000,63508.00000000,63454.00000000,63502.98000000,44.12656000
1786638000000,2026-08-13T16:20:00.000Z,63502.97000000,63568.97000000,63444.01000000,63550.02000000,66.87255000
1786638300000,2026-08-13T16:25:00.000Z,63550.02000000,63554.00000000,63323.34000000,63361.48000000,153.25615000
1786638600000,2026-08-13T16:30:00.000Z,63361.48000000,63438.29000000,63361.48000000,63408.00000000,82.54866000
1786638900000,2026-08-13T16:35:00.000Z,63408.00000000,63435.65000000,63058.40000000,63078.74000000,312.39713000
1786639200000,2026-08-13T16:40:00.000Z,63078.74000000,63083.64000000,62802.27000000,62996.00000000,556.85724000
1786639500000,2026-08-13T16:45:00.000Z,62995.99000000,63183.42000000,62930.74000000,63183.42000000,121.12185000
1786639800000,2026-08-13T16:50:00.000Z,63183.42000000,63237.00000000,63054.92000000,63061.54000000,107.48608000
1786640100000,2026-08-13T16:55:00.000Z,63061.53000000,63160.20000000,63056.01000000,63160.13000000,73.69613000
1786640400000,2026-08-13T17:00:00.000Z,63160.13000000,63160.14000000,63074.44000000,63113.39000000,91.19280000
1786640700000,2026-08-13T17:05:00.000Z,63113.40000000,63138.81000000,63082.94000000,63127.99000000,56.26569000
1786641000000,2026-08-13T17:10:00.000Z,63128.00000000,63158.00000000,63114.11000000,63129.78000000,51.43872000
1786641300000,2026-08-13T17:15:00.000Z,63129.78000000,63220.00000000,63104.68000000,63104.92000000,69.81285000
1786641600000,2026-08-13T17:20:00.000Z,63104.91000000,63220.00000000,63104.91000000,63220.00000000,48.99326000
1786641900000,2026-08-13T17:25:00.000Z,63220.00000000,63262.00000000,63170.00000000,63184.60000000,60.66064000
1786642200000,2026-08-13T17:30:00.000Z,63184.60000000,63264.26000000,63184.12000000,63184.12000000,58.70215000
1786642500000,2026-08-13T17:35:00.000Z,63184.13000000,63189.99000000,63107.63000000,63178.60000000,40.06024000
1786642800000,2026-08-13T17:40:00.000Z,63178.59000000,63244.71000000,63173.88000000,63244.70000000,53.52171000
1786643100000,2026-08-13T17:45:00.000Z,63244.70000000,63294.61000000,63230.88000000,63250.46000000,43.94350000
1786643400000,2026-08-13T17:50:00.000Z,63250.46000000,63250.47000000,63189.13000000,63197.53000000,36.65907000
1786643700000,2026-08-13T17:55:00.000Z,63197.53000000,63211.39000000,63144.37000000,63144.38000000,33.23331000
1786644000000,2026-08-13T18:00:00.000Z,63144.37000000,63288.00000000,63122.00000000,63278.53000000,44.87995000
1786644300000,2026-08-13T18:05:00.000Z,63278.53000000,63278.53000000,63211.99000000,63212.00000000,20.53055000
1786644600000,2026-08-13T18:10:00.000Z,63212.00000000,63222.08000000,63200.00000000,63209.63000000,9.51570000
1786644900000,2026-08-13T18:15:00.000Z,63209.64000000,63249.81000000,63208.62000000,63247.74000000,24.84460000
1786645200000,2026-08-13T18:20:00.000Z,63247.75000000,63251.30000000,63175.97000000,63175.98000000,20.88391000
1786645500000,2026-08-13T18:25:00.000Z,63175.98000000,63199.26000000,63120.00000000,63120.01000000,27.00699000
1786645800000,2026-08-13T18:30:00.000Z,63120.01000000,63192.29000000,63105.44000000,63142.01000000,40.95718000
1786646100000,2026-08-13T18:35:00.000Z,63142.01000000,63159.60000000,63125.40000000,63138.01000000,14.76205000
1786646400000,2026-08-13T18:40:00.000Z,63138.01000000,63200.00000000,63138.01000000,63200.00000000,23.16594000
1786646700000,2026-08-13T18:45:00.000Z,63200.00000000,63214.00000000,63184.39000000,63213.99000000,22.50909000
1786647000000,2026-08-13T18:50:00.000Z,63214.00000000,63369.63000000,63213.99000000,63352.00000000,56.44563000
1786647300000,2026-08-13T18:55:00.000Z,63352.01000000,63361.79000000,63310.00000000,63310.00000000,20.39022000
1786647600000,2026-08-13T19:00:00.000Z,63310.00000000,63349.52000000,63310.00000000,63318.58000000,19.04106000
1786647900000,2026-08-13T19:05:00.000Z,63318.59000000,63519.39000000,63318.58000000,63479.42000000,92.63769000
1786648200000,2026-08-13T19:10:00.000Z,63479.43000000,63481.10000000,63402.00000000,63406.17000000,30.98025000
1786648500000,2026-08-13T19:15:00.000Z,63406.17000000,63428.00000000,63381.45000000,63413.99000000,29.37732000
1786648800000,2026-08-13T19:20:00.000Z,63413.99000000,63424.08000000,63384.14000000,63424.08000000,26.23175000
1786649100000,2026-08-13T19:25:00.000Z,63424.07000000,63424.08000000,63410.00000000,63418.24000000,17.60134000
1786649400000,2026-08-13T19:30:00.000Z,63418.25000000,63430.00000000,63400.00000000,63410.24000000,22.34360000
1786649700000,2026-08-13T19:35:00.000Z,63410.24000000,63442.00000000,63391.09000000,63421.99000000,21.32536000
1786650000000,2026-08-13T19:40:00.000Z,63422.00000000,63440.00000000,63388.00000000,63415.28000000,32.73913000
1786650300000,2026-08-13T19:45:00.000Z,63415.28000000,63466.00000000,63405.01000000,63425.18000000,24.82122000
1786650600000,2026-08-13T19:50:00.000Z,63425.18000000,63432.00000000,63400.27000000,63407.96000000,14.31150000
1786650900000,2026-08-13T19:55:00.000Z,63407.97000000,63412.45000000,63392.93000000,63407.99000000,17.73774000
1786651200000,2026-08-13T20:00:00.000Z,63408.00000000,63413.89000000,63368.00000000,63405.24000000,37.40942000
1786651500000,2026-08-13T20:05:00.000Z,63405.24000000,63466.00000000,63405.23000000,63450.00000000,19.42842000
1786651800000,2026-08-13T20:10:00.000Z,63450.00000000,63452.00000000,63380.00000000,63414.25000000,23.39572000
1786652100000,2026-08-13T20:15:00.000Z,63414.26000000,63444.00000000,63414.26000000,63444.00000000,16.07347000
1786652400000,2026-08-13T20:20:00.000Z,63444.00000000,63458.70000000,63436.04000000,63440.21000000,21.37174000
1786652700000,2026-08-13T20:25:00.000Z,63440.21000000,63459.78000000,63434.00000000,63453.32000000,17.99229000
1786653000000,2026-08-13T20:30:00.000Z,63453.31000000,63474.34000000,63445.25000000,63447.99000000,29.96275000
1786653300000,2026-08-13T20:35:00.000Z,63448.00000000,63454.52000000,63442.00000000,63442.01000000,10.62475000
1786653600000,2026-08-13T20:40:00.000Z,63442.00000000,63442.01000000,63408.90000000,63417.95000000,11.61245000
1786653900000,2026-08-13T20:45:00.000Z,63417.94000000,63417.95000000,63398.00000000,63401.12000000,10.00865000
1786654200000,2026-08-13T20:50:00.000Z,63401.13000000,63406.00000000,63382.50000000,63391.11000000,33.54317000
1786654500000,2026-08-13T20:55:00.000Z,63391.10000000,63415.56000000,63391.10000000,63415.55000000,8.26028000
1786654800000,2026-08-13T21:00:00.000Z,63415.56000000,63454.52000000,63390.00000000,63454.51000000,15.21437000
1786655100000,2026-08-13T21:05:00.000Z,63454.51000000,63477.13000000,63437.76000000,63444.56000000,16.06102000
1786655400000,2026-08-13T21:10:00.000Z,63444.57000000,63448.00000000,63426.44000000,63432.58000000,8.59884000
1786655700000,2026-08-13T21:15:00.000Z,63432.58000000,63439.97000000,63415.76000000,63439.97000000,8.94601000
1786656000000,2026-08-13T21:20:00.000Z,63439.97000000,63451.62000000,63431.40000000,63451.62000000,8.28226000
1786656300000,2026-08-13T21:25:00.000Z,63451.61000000,63455.68000000,63426.29000000,63455.59000000,25.87181000
1786656600000,2026-08-13T21:30:00.000Z,63455.59000000,63476.42000000,63452.00000000,63471.17000000,14.38126000
1786656900000,2026-08-13T21:35:00.000Z,63471.17000000,63500.00000000,63455.25000000,63500.00000000,15.41020000
1786657200000,2026-08-13T21:40:00.000Z,63500.00000000,63500.00000000,63449.46000000,63450.12000000,25.63397000
1786657500000,2026-08-13T21:45:00.000Z,63450.11000000,63462.65000000,63443.94000000,63443.94000000,17.11259000
1786657800000,2026-08-13T21:50:00.000Z,63443.95000000,63464.43000000,63443.93000000,63449.95000000,13.38043000
1786658100000,2026-08-13T21:55:00.000Z,63449.96000000,63474.00000000,63438.40000000,63474.00000000,19.44068000
1786658400000,2026-08-13T22:00:00.000Z,63474.00000000,63549.17000000,63473.99000000,63549.16000000,39.23563000
1786658700000,2026-08-13T22:05:00.000Z,63549.17000000,63622.00000000,63524.00000000,63560.01000000,41.96308000
1786659000000,2026-08-13T22:10:00.000Z,63560.01000000,63628.00000000,63560.01000000,63612.66000000,12.55422000
1786659300000,2026-08-13T22:15:00.000Z,63612.66000000,63636.00000000,63590.01000000,63593.38000000,16.51426000
1786659600000,2026-08-13T22:20:00.000Z,63593.38000000,63640.00000000,63574.00000000,63605.99000000,32.28565000
1786659900000,2026-08-13T22:25:00.000Z,63605.99000000,63620.00000000,63590.00000000,63619.99000000,17.98094000
1786660200000,2026-08-13T22:30:00.000Z,63620.00000000,63626.00000000,63578.00000000,63578.01000000,10.74702000
1786660500000,2026-08-13T22:35:00.000Z,63578.01000000,63596.00000000,63571.37000000,63572.00000000,14.89081000
1786660800000,2026-08-13T22:40:00.000Z,63572.01000000,63572.01000000,63554.97000000,63554.97000000,11.27629000
1786661100000,2026-08-13T22:45:00.000Z,63554.97000000,63560.46000000,63538.30000000,63538.30000000,7.71341000
1786661400000,2026-08-13T22:50:00.000Z,63538.30000000,63549.53000000,63532.19000000,63535.36000000,8.74091000
1786661700000,2026-08-13T22:55:00.000Z,63535.36000000,63535.36000000,63530.00000000,63530.01000000,13.07429000
1786662000000,2026-08-13T23:00:00.000Z,63530.01000000,63539.03000000,63450.00000000,63454.43000000,32.03290000
1786662300000,2026-08-13T23:05:00.000Z,63454.43000000,63476.11000000,63453.38000000,63476.11000000,14.76881000
1786662600000,2026-08-13T23:10:00.000Z,63476.11000000,63507.69000000,63476.11000000,63478.01000000,17.77522000
1786662900000,2026-08-13T23:15:00.000Z,63478.00000000,63479.71000000,63455.41000000,63473.99000000,16.26278000
1786663200000,2026-08-13T23:20:00.000Z,63473.99000000,63488.88000000,63460.00000000,63463.29000000,39.00696000
1786663500000,2026-08-13T23:25:00.000Z,63463.29000000,63479.52000000,63463.29000000,63479.52000000,20.90746000
1786663800000,2026-08-13T23:30:00.000Z,63479.51000000,63501.14000000,63479.51000000,63481.36000000,42.54446000
1786664100000,2026-08-13T23:35:00.000Z,63481.36000000,63481.36000000,63463.00000000,63463.00000000,44.19955000
1786664400000,2026-08-13T23:40:00.000Z,63463.00000000,63466.00000000,63448.00000000,63459.97000000,34.46089000
1786664700000,2026-08-13T23:45:00.000Z,63459.97000000,63459.97000000,63422.35000000,63422.36000000,31.97481000
1786665000000,2026-08-13T23:50:00.000Z,63422.36000000,63422.36000000,63402.04000000,63402.05000000,26.29165000
1786665300000,2026-08-13T23:55:00.000Z,63402.05000000,63495.57000000,63400.00000000,63490.86000000,77.58417000
1786665600000,2026-08-14T00:00:00.000Z,63490.86000000,63506.16000000,63421.64000000,63473.99000000,96.82108000
1786665900000,2026-08-14T00:05:00.000Z,63474.00000000,63508.00000000,63474.00000000,63508.00000000,20.00901000
1786666200000,2026-08-14T00:10:00.000Z,63508.00000000,63508.00000000,63491.83000000,63503.24000000,17.58484000
1786666500000,2026-08-14T00:15:00.000Z,63503.23000000,63526.40000000,63491.83000000,63491.83000000,24.45945000
1786666800000,2026-08-14T00:20:00.000Z,63491.83000000,63552.99000000,63491.83000000,63548.41000000,22.97529000
1786667100000,2026-08-14T00:25:00.000Z,63548.41000000,63548.41000000,63422.77000000,63444.34000000,29.35193000
1786667400000,2026-08-14T00:30:00.000Z,63444.34000000,63444.34000000,63410.00000000,63419.99000000,25.42128000
1786667700000,2026-08-14T00:35:00.000Z,63419.99000000,63451.65000000,63419.99000000,63451.65000000,38.28696000
1786668000000,2026-08-14T00:40:00.000Z,63451.66000000,63548.87000000,63451.66000000,63526.01000000,39.83394000
1786668300000,2026-08-14T00:45:00.000Z,63526.01000000,63526.01000000,63478.46000000,63508.00000000,23.42634000
1786668600000,2026-08-14T00:50:00.000Z,63508.01000000,63552.99000000,63498.00000000,63539.47000000,18.54772000
1786668900000,2026-08-14T00:55:00.000Z,63539.46000000,63541.45000000,63522.00000000,63541.45000000,21.08582000
1786669200000,2026-08-14T01:00:00.000Z,63541.45000000,63579.73000000,63513.91000000,63575.54000000,32.53207000
1786669500000,2026-08-14T01:05:00.000Z,63575.54000000,63585.92000000,63508.48000000,63521.07000000,22.90669000
1786669800000,2026-08-14T01:10:00.000Z,63521.07000000,63528.83000000,63482.00000000,63507.83000000,26.56680000
1786670100000,2026-08-14T01:15:00.000Z,63507.83000000,63514.64000000,63468.24000000,63468.24000000,23.12527000
1786670400000,2026-08-14T01:20:00.000Z,63468.25000000,63566.27000000,63458.00000000,63544.17000000,36.07609000
1786670700000,2026-08-14T01:25:00.000Z,63544.17000000,63560.05000000,63486.08000000,63486.09000000,22.59349000
1786671000000,2026-08-14T01:30:00.000Z,63486.09000000,63498.09000000,63468.07000000,63498.09000000,18.81128000
1786671300000,2026-08-14T01:35:00.000Z,63498.08000000,63533.94000000,63498.08000000,63526.87000000,14.59208000
1786671600000,2026-08-14T01:40:00.000Z,63526.87000000,63558.00000000,63526.86000000,63557.99000000,6.59739000
1786671900000,2026-08-14T01:45:00.000Z,63557.99000000,63559.89000000,63521.12000000,63550.00000000,18.35187000
1786672200000,2026-08-14T01:50:00.000Z,63550.00000000,63553.14000000,63532.48000000,63534.24000000,10.57560000
1786672500000,2026-08-14T01:55:00.000Z,63534.23000000,63585.01000000,63526.01000000,63575.86000000,78.18528000
1786672800000,2026-08-14T02:00:00.000Z,63575.86000000,63579.82000000,63554.61000000,63558.12000000,11.78639000
1786673100000,2026-08-14T02:05:00.000Z,63558.13000000,63617.45000000,63547.65000000,63606.00000000,24.50740000
1786673400000,2026-08-14T02:10:00.000Z,63605.99000000,63614.00000000,63502.34000000,63568.83000000,291.36920000
1786673700000,2026-08-14T02:15:00.000Z,63568.83000000,63582.00000000,63502.00000000,63502.01000000,28.90259000
1786674000000,2026-08-14T02:20:00.000Z,63502.01000000,63530.85000000,63501.97000000,63501.97000000,20.74159000
1786674300000,2026-08-14T02:25:00.000Z,63501.97000000,63502.91000000,63479.85000000,63487.54000000,18.03218000
1786674600000,2026-08-14T02:30:00.000Z,63487.55000000,63557.79000000,63487.54000000,63542.45000000,14.32617000
1786674900000,2026-08-14T02:35:00.000Z,63542.45000000,63550.00000000,63524.58000000,63530.82000000,14.78207000
1786675200000,2026-08-14T02:40:00.000Z,63530.82000000,63530.82000000,63498.24000000,63516.42000000,24.38998000
1786675500000,2026-08-14T02:45:00.000Z,63516.42000000,63543.78000000,63516.41000000,63537.30000000,20.08566000
1786675800000,2026-08-14T02:50:00.000Z,63537.30000000,63559.76000000,63537.29000000,63546.50000000,8.77664000
1786676100000,2026-08-14T02:55:00.000Z,63546.50000000,63546.51000000,63465.38000000,63465.39000000,11.69488000
1786676400000,2026-08-14T03:00:00.000Z,63465.39000000,63470.71000000,63418.74000000,63439.29000000,20.11382000
1786676700000,2026-08-14T03:05:00.000Z,63439.29000000,63449.45000000,63436.00000000,63449.45000000,8.59093000
1786677000000,2026-08-14T03:10:00.000Z,63449.45000000,63492.11000000,63437.80000000,63492.11000000,25.09598000
1786677300000,2026-08-14T03:15:00.000Z,63492.11000000,63571.48000000,63492.10000000,63571.47000000,22.36941000
1786677600000,2026-08-14T03:20:00.000Z,63571.48000000,63576.00000000,63540.07000000,63540.07000000,23.74050000
1786677900000,2026-08-14T03:25:00.000Z,63540.07000000,63540.08000000,63453.30000000,63464.00000000,31.07971000
1786678200000,2026-08-14T03:30:00.000Z,63464.00000000,63464.01000000,63430.11000000,63432.04000000,24.55499000
1786678500000,2026-08-14T03:35:00.000Z,63432.05000000,63432.05000000,63357.34000000,63369.22000000,37.32864000
1786678800000,2026-08-14T03:40:00.000Z,63369.22000000,63389.29000000,63358.68000000,63380.10000000,19.91114000
1786679100000,2026-08-14T03:45:00.000Z,63380.09000000,63380.10000000,63340.00000000,63341.48000000,30.21479000
1786679400000,2026-08-14T03:50:00.000Z,63341.47000000,63341.48000000,63336.25000000,63337.53000000,13.83602000
1786679700000,2026-08-14T03:55:00.000Z,63337.53000000,63350.00000000,63301.58000000,63310.00000000,40.00570000
1786680000000,2026-08-14T04:00:00.000Z,63310.00000000,63372.42000000,63276.00000000,63362.17000000,35.83284000
1786680300000,2026-08-14T04:05:00.000Z,63362.18000000,63406.06000000,63362.00000000,63400.01000000,15.65811000
1786680600000,2026-08-14T04:10:00.000Z,63400.01000000,63408.27000000,63398.44000000,63408.26000000,13.29348000
1786680900000,2026-08-14T04:15:00.000Z,63408.27000000,63472.50000000,63408.26000000,63418.03000000,22.33942000
1786681200000,2026-08-14T04:20:00.000Z,63418.03000000,63418.03000000,63379.99000000,63380.00000000,19.03356000
1786681500000,2026-08-14T04:25:00.000Z,63380.00000000,63430.01000000,63370.75000000,63423.50000000,238.75028000
1786681800000,2026-08-14T04:30:00.000Z,63423.49000000,63429.00000000,63402.00000000,63402.01000000,61.95217000
1786682100000,2026-08-14T04:35:00.000Z,63402.01000000,63402.01000000,63390.69000000,63399.99000000,27.81231000
1786682400000,2026-08-14T04:40:00.000Z,63399.99000000,63406.59000000,63383.00000000,63389.99000000,67.61005000
1786682700000,2026-08-14T04:45:00.000Z,63390.00000000,63397.99000000,63380.59000000,63384.28000000,14.14735000
1786683000000,2026-08-14T04:50:00.000Z,63384.28000000,63387.95000000,63384.27000000,63387.94000000,4.89502000
1786683300000,2026-08-14T04:55:00.000Z,63387.95000000,63387.95000000,63367.72000000,63372.56000000,9.33580000
1786683600000,2026-08-14T05:00:00.000Z,63372.56000000,63400.30000000,63371.78000000,63380.00000000,20.23198000
1786683900000,2026-08-14T05:05:00.000Z,63380.01000000,63381.43000000,63341.36000000,63341.36000000,11.66883000
1786684200000,2026-08-14T05:10:00.000Z,63341.36000000,63347.97000000,63332.73000000,63337.22000000,18.94830000
1786684500000,2026-08-14T05:15:00.000Z,63337.22000000,63352.00000000,63317.49000000,63324.50000000,14.84049000
1786684800000,2026-08-14T05:20:00.000Z,63324.49000000,63356.00000000,63286.67000000,63286.68000000,31.03879000
1786685100000,2026-08-14T05:25:00.000Z,63286.68000000,63329.19000000,63286.67000000,63322.65000000,21.20114000
1786685400000,2026-08-14T05:30:00.000Z,63322.64000000,63350.00000000,63306.00000000,63345.99000000,15.68950000
1786685700000,2026-08-14T05:35:00.000Z,63345.99000000,63355.88000000,63337.24000000,63353.06000000,17.96156000
1786686000000,2026-08-14T05:40:00.000Z,63353.05000000,63370.91000000,63350.00000000,63350.01000000,15.41883000
1786686300000,2026-08-14T05:45:00.000Z,63350.01000000,63367.46000000,63350.00000000,63350.01000000,14.96779000
1786686600000,2026-08-14T05:50:00.000Z,63350.01000000,63371.29000000,63345.95000000,63371.29000000,6.92015000
1786686900000,2026-08-14T05:55:00.000Z,63371.29000000,63395.81000000,63371.28000000,63379.83000000,12.82837000
1786687200000,2026-08-14T06:00:00.000Z,63379.83000000,63379.83000000,63333.32000000,63341.76000000,76.20849000
1786687500000,2026-08-14T06:05:00.000Z,63341.76000000,63346.47000000,63331.00000000,63331.01000000,46.91766000
1786687800000,2026-08-14T06:10:00.000Z,63331.01000000,63331.01000000,63294.52000000,63294.52000000,27.01625000
1786688100000,2026-08-14T06:15:00.000Z,63294.53000000,63299.60000000,63210.52000000,63243.82000000,49.67997000
1786688400000,2026-08-14T06:20:00.000Z,63243.81000000,63250.20000000,63212.52000000,63226.46000000,44.91425000
1786688700000,2026-08-14T06:25:00.000Z,63226.45000000,63226.45000000,63183.87000000,63183.87000000,28.38685000
1786689000000,2026-08-14T06:30:00.000Z,63183.88000000,63243.53000000,63183.88000000,63220.00000000,23.30321000
1786689300000,2026-08-14T06:35:00.000Z,63220.01000000,63234.68000000,63180.00000000,63203.99000000,18.30152000
1786689600000,2026-08-14T06:40:00.000Z,63204.00000000,63214.50000000,63174.04000000,63180.53000000,41.16825000
1786689900000,2026-08-14T06:45:00.000Z,63180.54000000,63207.78000000,63151.56000000,63162.51000000,34.99548000
1786690200000,2026-08-14T06:50:00.000Z,63162.57000000,63199.82000000,63016.42000000,63027.80000000,107.54149000
1786690500000,2026-08-14T06:55:00.000Z,63027.81000000,63063.69000000,62942.00000000,62974.14000000,129.29919000
1786690800000,2026-08-14T07:00:00.000Z,62974.14000000,63035.96000000,62952.17000000,63035.45000000,67.91316000
1786691100000,2026-08-14T07:05:00.000Z,63035.46000000,63079.23000000,63034.65000000,63061.90000000,26.87967000
1786691400000,2026-08-14T07:10:00.000Z,63061.91000000,63086.16000000,63056.77000000,63072.00000000,33.82299000
1786691700000,2026-08-14T07:15:00.000Z,63072.00000000,63101.13000000,63071.99000000,63096.00000000,35.53593000
1786692000000,2026-08-14T07:20:00.000Z,63096.00000000,63109.89000000,63088.00000000,63109.88000000,23.46504000
1786692300000,2026-08-14T07:25:00.000Z,63109.89000000,63110.00000000,63102.00000000,63103.18000000,41.60831000
1786692600000,2026-08-14T07:30:00.000Z,63103.18000000,63104.13000000,63013.73000000,63021.04000000,148.00882000
1786692900000,2026-08-14T07:35:00.000Z,63021.04000000,63021.04000000,62965.90000000,62965.91000000,54.47928000
1786693200000,2026-08-14T07:40:00.000Z,62965.91000000,63030.00000000,62965.90000000,63024.42000000,55.68238000
1786693500000,2026-08-14T07:45:00.000Z,63024.42000000,63024.42000000,62986.00000000,63006.42000000,70.69552000
1786693800000,2026-08-14T07:50:00.000Z,63006.43000000,63013.85000000,62960.00000000,62982.30000000,74.31462000
1786694100000,2026-08-14T07:55:00.000Z,62982.30000000,62991.27000000,62920.00000000,62920.78000000,97.82806000
1786694400000,2026-08-14T08:00:00.000Z,62920.78000000,62945.36000000,62900.00000000,62926.00000000,103.89388000
1786694700000,2026-08-14T08:05:00.000Z,62926.00000000,62946.88000000,62917.94000000,62937.47000000,30.09158000
1786695000000,2026-08-14T08:10:00.000Z,62937.47000000,62939.99000000,62900.00000000,62913.54000000,47.50753000
1786695300000,2026-08-14T08:15:00.000Z,62913.84000000,62997.83000000,62896.00000000,62896.00000000,89.69437000
1786695600000,2026-08-14T08:20:00.000Z,62896.01000000,62936.00000000,62765.76000000,62770.80000000,211.39643000
1786695900000,2026-08-14T08:25:00.000Z,62770.80000000,62800.00000000,62735.20000000,62781.17000000,81.22147000
1786696200000,2026-08-14T08:30:00.000Z,62781.17000000,62800.00000000,62700.00000000,62799.99000000,116.56199000
1786696500000,2026-08-14T08:35:00.000Z,62799.99000000,62876.19000000,62799.99000000,62860.55000000,69.99135000
1786696800000,2026-08-14T08:40:00.000Z,62860.55000000,62864.00000000,62818.00000000,62843.49000000,38.06629000
1786697100000,2026-08-14T08:45:00.000Z,62843.48000000,62896.14000000,62818.08000000,62896.13000000,40.99678000
1786697400000,2026-08-14T08:50:00.000Z,62896.14000000,62931.10000000,62890.00000000,62914.02000000,38.94689000
1786697700000,2026-08-14T08:55:00.000Z,62914.02000000,62942.58000000,62907.07000000,62940.01000000,24.11587000
1786698000000,2026-08-14T09:00:00.000Z,62940.01000000,62940.01000000,62898.00000000,62898.01000000,36.89166000
1786698300000,2026-08-14T09:05:00.000Z,62898.01000000,62898.01000000,62860.91000000,62860.91000000,20.15673000
1786698600000,2026-08-14T09:10:00.000Z,62860.91000000,62877.78000000,62856.00000000,62877.04000000,31.82882000
1786698900000,2026-08-14T09:15:00.000Z,62877.05000000,62893.97000000,62872.26000000,62891.41000000,74.51345000
1786699200000,2026-08-14T09:20:00.000Z,62891.41000000,62909.10000000,62875.12000000,62909.10000000,59.18756000
1786699500000,2026-08-14T09:25:00.000Z,62909.09000000,62912.32000000,62794.98000000,62794.98000000,42.70574000
1786699800000,2026-08-14T09:30:00.000Z,62794.99000000,62817.59000000,62763.54000000,62817.59000000,39.69046000
1786700100000,2026-08-14T09:35:00.000Z,62817.59000000,62817.59000000,62752.47000000,62752.47000000,39.79412000
1786700400000,2026-08-14T09:40:00.000Z,62752.48000000,62772.00000000,62744.00000000,62763.78000000,29.33509000
1786700700000,2026-08-14T09:45:00.000Z,62763.78000000,62824.00000000,62763.78000000,62823.99000000,40.73858000
1786701000000,2026-08-14T09:50:00.000Z,62824.00000000,62841.37000000,62790.52000000,62817.94000000,36.46862000
1786701300000,2026-08-14T09:55:00.000Z,62817.94000000,62817.94000000,62784.00000000,62792.75000000,49.83836000
1786701600000,2026-08-14T10:00:00.000Z,62792.75000000,62832.00000000,62739.98000000,62824.79000000,134.66929000
1786701900000,2026-08-14T10:05:00.000Z,62824.79000000,62839.88000000,62802.23000000,62816.97000000,39.29131000
1786702200000,2026-08-14T10:10:00.000Z,62816.97000000,62864.95000000,62816.96000000,62861.17000000,34.05277000
1786702500000,2026-08-14T10:15:00.000Z,62861.16000000,62919.99000000,62850.97000000,62900.01000000,34.41844000
1786702800000,2026-08-14T10:20:00.000Z,62900.00000000,62900.01000000,62882.63000000,62888.00000000,21.65211000
1786703100000,2026-08-14T10:25:00.000Z,62888.00000000,62888.45000000,62850.29000000,62888.45000000,59.49613000
1786703400000,2026-08-14T10:30:00.000Z,62888.45000000,62920.00000000,62888.44000000,62920.00000000,57.40390000
1786703700000,2026-08-14T10:35:00.000Z,62920.00000000,62946.00000000,62878.60000000,62899.76000000,76.45494000
1786704000000,2026-08-14T10:40:00.000Z,62899.75000000,62899.75000000,62858.04000000,62874.84000000,38.20243000
1786704300000,2026-08-14T10:45:00.000Z,62874.85000000,62893.54000000,62828.00000000,62844.94000000,50.97903000
1786704600000,2026-08-14T10:50:00.000Z,62844.94000000,62851.85000000,62824.62000000,62837.34000000,25.85313000
1786704900000,2026-08-14T10:55:00.000Z,62837.34000000,62837.34000000,62803.10000000,62814.14000000,26.07726000
1786705200000,2026-08-14T11:00:00.000Z,62814.14000000,62872.65000000,62814.13000000,62856.53000000,37.76983000
1786705500000,2026-08-14T11:05:00.000Z,62856.53000000,62861.84000000,62814.00000000,62852.52000000,39.77061000
1786705800000,2026-08-14T11:10:00.000Z,62852.51000000,62889.69000000,62831.59000000,62859.80000000,34.34092000
1786706100000,2026-08-14T11:15:00.000Z,62859.80000000,62911.14000000,62840.59000000,62911.14000000,23.96077000
1786706400000,2026-08-14T11:20:00.000Z,62911.13000000,62920.84000000,62880.84000000,62884.46000000,50.49148000
1786706700000,2026-08-14T11:25:00.000Z,62884.46000000,62909.69000000,62871.88000000,62894.78000000,57.65372000
1786707000000,2026-08-14T11:30:00.000Z,62894.79000000,62901.52000000,62875.57000000,62901.52000000,21.87295000
1786707300000,2026-08-14T11:35:00.000Z,62901.52000000,62936.82000000,62888.00000000,62888.01000000,49.83875000
1786707600000,2026-08-14T11:40:00.000Z,62888.01000000,62896.30000000,62842.62000000,62896.30000000,25.68288000
1786707900000,2026-08-14T11:45:00.000Z,62896.31000000,62898.00000000,62853.83000000,62867.26000000,27.04248000
1786708200000,2026-08-14T11:50:00.000Z,62867.26000000,62926.46000000,62867.25000000,62926.46000000,39.24106000
1786708500000,2026-08-14T11:55:00.000Z,62926.46000000,62930.52000000,62860.00000000,62868.83000000,37.25720000
1786708800000,2026-08-14T12:00:00.000Z,62868.83000000,62902.00000000,62840.95000000,62868.01000000,50.45560000
1786709100000,2026-08-14T12:05:00.000Z,62868.02000000,62868.02000000,62801.14000000,62803.67000000,54.38306000
1786709400000,2026-08-14T12:10:00.000Z,62803.67000000,62824.78000000,62764.18000000,62824.77000000,56.03922000
1786709700000,2026-08-14T12:15:00.000Z,62824.77000000,62870.00000000,62802.01000000,62802.02000000,34.53571000
1786710000000,2026-08-14T12:20:00.000Z,62802.01000000,62870.00000000,62802.01000000,62870.00000000,43.18870000
1786710300000,2026-08-14T12:25:00.000Z,62870.00000000,62891.99000000,62851.35000000,62891.99000000,32.43980000
1786710600000,2026-08-14T12:30:00.000Z,62891.99000000,62913.30000000,62853.55000000,62861.27000000,45.35344000
1786710900000,2026-08-14T12:35:00.000Z,62861.27000000,62861.27000000,62806.00000000,62822.00000000,19.40891000
1786711200000,2026-08-14T12:40:00.000Z,62822.00000000,62822.00000000,62761.96000000,62761.96000000,29.16686000
1786711500000,2026-08-14T12:45:00.000Z,62761.91000000,62785.83000000,62726.26000000,62785.83000000,62.67153000
1786711800000,2026-08-14T12:50:00.000Z,62785.83000000,62811.79000000,62736.32000000,62777.89000000,31.74885000
1786712100000,2026-08-14T12:55:00.000Z,62777.89000000,62788.00000000,62732.46000000,62741.69000000,27.12481000
1786712400000,2026-08-14T13:00:00.000Z,62741.68000000,62743.41000000,62663.00000000,62716.01000000,134.36614000
1786712700000,2026-08-14T13:05:00.000Z,62716.01000000,62754.95000000,62613.89000000,62670.00000000,115.28225000
1786713000000,2026-08-14T13:10:00.000Z,62669.99000000,62705.94000000,62605.00000000,62688.43000000,67.72512000
1786713300000,2026-08-14T13:15:00.000Z,62688.42000000,62701.96000000,62640.50000000,62652.98000000,46.91480000
1786713600000,2026-08-14T13:20:00.000Z,62652.99000000,62740.00000000,62649.33000000,62736.00000000,58.22306000
1786713900000,2026-08-14T13:25:00.000Z,62736.00000000,62796.18000000,62696.26000000,62782.56000000,69.51952000
1786714200000,2026-08-14T13:30:00.000Z,62782.56000000,62822.33000000,62692.00000000,62731.50000000,96.75877000
1786714500000,2026-08-14T13:35:00.000Z,62731.53000000,62772.15000000,62612.01000000,62656.00000000,104.27364000
1786714800000,2026-08-14T13:40:00.000Z,62656.00000000,62738.77000000,62641.56000000,62718.39000000,74.27260000
1786715100000,2026-08-14T13:45:00.000Z,62718.39000000,62750.61000000,62670.00000000,62670.01000000,62.48154000
1786715400000,2026-08-14T13:50:00.000Z,62670.00000000,62695.55000000,62636.00000000,62644.34000000,70.19070000
1786715700000,2026-08-14T13:55:00.000Z,62644.33000000,62668.00000000,62607.02000000,62668.00000000,87.78003000
1786716000000,2026-08-14T14:00:00.000Z,62668.00000000,62734.00000000,62604.75000000,62660.01000000,108.79552000
1786716300000,2026-08-14T14:05:00.000Z,62660.01000000,62722.42000000,62601.84000000,62601.84000000,85.36600000
1786716600000,2026-08-14T14:10:00.000Z,62601.85000000,62717.25000000,62600.33000000,62610.00000000,70.47066000
1786716900000,2026-08-14T14:15:00.000Z,62610.00000000,62667.69000000,62573.23000000,62598.01000000,100.92183000
1786717200000,2026-08-14T14:20:00.000Z,62598.00000000,62659.26000000,62574.00000000,62594.00000000,69.87548000
1786717500000,2026-08-14T14:25:00.000Z,62594.00000000,62707.23000000,62592.50000000,62673.25000000,43.74271000
1786717800000,2026-08-14T14:30:00.000Z,62673.26000000,62771.81000000,62658.77000000,62737.23000000,55.40479000
1786718100000,2026-08-14T14:35:00.000Z,62737.23000000,62797.88000000,62731.25000000,62784.23000000,100.04613000
1786718400000,2026-08-14T14:40:00.000Z,62784.24000000,62788.17000000,62743.48000000,62746.02000000,53.35840000
1786718700000,2026-08-14T14:45:00.000Z,62746.02000000,62784.86000000,62736.22000000,62752.26000000,49.83466000
1786719000000,2026-08-14T14:50:00.000Z,62752.25000000,62752.26000000,62651.79000000,62662.95000000,68.86586000
1786719300000,2026-08-14T14:55:00.000Z,62662.95000000,62662.95000000,62535.24000000,62620.01000000,191.55684000
1786719600000,2026-08-14T15:00:00.000Z,62620.01000000,62694.61000000,62612.00000000,62641.99000000,173.24594000
1786719900000,2026-08-14T15:05:00.000Z,62641.99000000,62704.00000000,62641.99000000,62682.00000000,52.94945000
1786720200000,2026-08-14T15:10:00.000Z,62682.01000000,62720.00000000,62682.00000000,62705.55000000,45.33072000
1786720500000,2026-08-14T15:15:00.000Z,62705.56000000,62716.51000000,62681.29000000,62712.20000000,32.94633000
1786720800000,2026-08-14T15:20:00.000Z,62712.21000000,62778.00000000,62712.20000000,62774.68000000,50.54185000
1786721100000,2026-08-14T15:25:00.000Z,62774.68000000,62855.32000000,62720.75000000,62855.32000000,56.04578000
1786721400000,2026-08-14T15:30:00.000Z,62855.32000000,62910.00000000,62792.01000000,62902.90000000,143.52163000
1786721700000,2026-08-14T15:35:00.000Z,62902.89000000,63030.00000000,62894.38000000,63024.00000000,181.90145000
1786722000000,2026-08-14T15:40:00.000Z,63024.00000000,63024.00000000,62960.71000000,63006.14000000,53.59056000
1786722300000,2026-08-14T15:45:00.000Z,63006.14000000,63063.25000000,62970.00000000,62982.27000000,65.66862000
1786722600000,2026-08-14T15:50:00.000Z,62982.28000000,63019.99000000,62950.78000000,63003.77000000,73.07225000
1786722900000,2026-08-14T15:55:00.000Z,63003.77000000,63089.18000000,62990.94000000,62990.95000000,59.28460000
1786723200000,2026-08-14T16:00:00.000Z,62990.94000000,63054.00000000,62985.79000000,63001.26000000,62.77370000
1786723500000,2026-08-14T16:05:00.000Z,63001.26000000,63032.65000000,62966.86000000,63024.01000000,49.16010000
1786723800000,2026-08-14T16:10:00.000Z,63024.00000000,63103.96000000,63022.17000000,63043.30000000,44.34641000
1786724100000,2026-08-14T16:15:00.000Z,63043.31000000,63084.00000000,63035.51000000,63065.44000000,27.94535000
1786724400000,2026-08-14T16:20:00.000Z,63065.44000000,63129.85000000,63056.00000000,63104.90000000,46.73110000
1786724700000,2026-08-14T16:25:00.000Z,63104.89000000,63166.48000000,63083.46000000,63118.52000000,75.09611000
1786725000000,2026-08-14T16:30:00.000Z,63118.51000000,63163.95000000,63096.68000000,63157.87000000,41.10328000
1786725300000,2026-08-14T16:35:00.000Z,63157.88000000,63214.28000000,63157.87000000,63195.85000000,41.46279000
1786725600000,2026-08-14T16:40:00.000Z,63195.86000000,63215.58000000,63195.85000000,63210.31000000,31.74597000
1786725900000,2026-08-14T16:45:00.000Z,63210.32000000,63210.32000000,63142.57000000,63170.05000000,51.52877000
1786726200000,2026-08-14T16:50:00.000Z,63170.04000000,63170.05000000,63105.26000000,63114.18000000,50.22149000
1786726500000,2026-08-14T16:55:00.000Z,63114.18000000,63146.85000000,63106.02000000,63133.48000000,44.10678000
1786726800000,2026-08-14T17:00:00.000Z,63133.49000000,63176.28000000,63133.49000000,63144.32000000,28.29403000
1786727100000,2026-08-14T17:05:00.000Z,63144.31000000,63157.09000000,63116.00000000,63122.56000000,27.88796000
1786727400000,2026-08-14T17:10:00.000Z,63122.56000000,63179.77000000,63122.55000000,63179.76000000,32.93109000
1786727700000,2026-08-14T17:15:00.000Z,63179.76000000,63210.32000000,63166.14000000,63201.77000000,44.05148000
1786728000000,2026-08-14T17:20:00.000Z,63201.77000000,63247.05000000,63200.00000000,63227.95000000,77.06944000
1786728300000,2026-08-14T17:25:00.000Z,63227.95000000,63227.95000000,63186.50000000,63202.00000000,27.64697000
1786728600000,2026-08-14T17:30:00.000Z,63202.00000000,63220.00000000,63176.36000000,63216.72000000,30.90536000
1786728900000,2026-08-14T17:35:00.000Z,63216.73000000,63216.73000000,63125.25000000,63129.59000000,33.94054000
1786729200000,2026-08-14T17:40:00.000Z,63129.58000000,63143.19000000,63075.72000000,63109.97000000,42.02851000
1786729500000,2026-08-14T17:45:00.000Z,63109.98000000,63127.16000000,63106.00000000,63117.99000000,22.77737000
1786729800000,2026-08-14T17:50:00.000Z,63117.99000000,63118.00000000,63071.41000000,63074.80000000,21.20739000
1786730100000,2026-08-14T17:55:00.000Z,63074.79000000,63074.79000000,63000.00000000,63013.69000000,65.31814000
1786730400000,2026-08-14T18:00:00.000Z,63013.70000000,63049.92000000,62958.00000000,63042.00000000,53.01476000
1786730700000,2026-08-14T18:05:00.000Z,63041.99000000,63064.39000000,63022.00000000,63035.07000000,24.54149000
1786731000000,2026-08-14T18:10:00.000Z,63035.06000000,63070.00000000,63000.00000000,63004.00000000,36.26268000
1786731300000,2026-08-14T18:15:00.000Z,63004.00000000,63052.20000000,63004.00000000,63038.57000000,17.47826000
1786731600000,2026-08-14T18:20:00.000Z,63038.56000000,63061.71000000,63028.02000000,63053.99000000,36.72160000
1786731900000,2026-08-14T18:25:00.000Z,63053.99000000,63088.21000000,63036.54000000,63037.82000000,23.80127000
1786732200000,2026-08-14T18:30:00.000Z,63037.81000000,63039.15000000,62948.03000000,62956.20000000,26.14317000
1786732500000,2026-08-14T18:35:00.000Z,62956.20000000,63012.37000000,62956.19000000,63006.00000000,24.76067000
1786732800000,2026-08-14T18:40:00.000Z,63006.00000000,63024.00000000,62972.00000000,62972.02000000,26.56395000
1786733100000,2026-08-14T18:45:00.000Z,62972.02000000,62974.53000000,62894.85000000,62895.80000000,38.02643000
1786733400000,2026-08-14T18:50:00.000Z,62895.80000000,62931.09000000,62895.79000000,62920.91000000,25.95931000
1786733700000,2026-08-14T18:55:00.000Z,62920.91000000,62930.01000000,62917.50000000,62930.01000000,34.49679000
1786734000000,2026-08-14T19:00:00.000Z,62930.01000000,62930.01000000,62870.00000000,62873.79000000,43.83118000
1786734300000,2026-08-14T19:05:00.000Z,62873.79000000,62894.00000000,62852.34000000,62894.00000000,27.97716000
1786734600000,2026-08-14T19:10:00.000Z,62893.99000000,62894.00000000,62856.74000000,62859.26000000,24.53572000
1786734900000,2026-08-14T19:15:00.000Z,62859.26000000,62875.05000000,62830.00000000,62831.02000000,28.98069000
1786735200000,2026-08-14T19:20:00.000Z,62831.02000000,62901.48000000,62831.02000000,62874.55000000,46.28008000
1786735500000,2026-08-14T19:25:00.000Z,62874.55000000,62936.49000000,62874.54000000,62929.10000000,26.87598000
1786735800000,2026-08-14T19:30:00.000Z,62929.10000000,62929.10000000,62888.91000000,62913.90000000,22.63192000
1786736100000,2026-08-14T19:35:00.000Z,62913.89000000,62947.33000000,62909.16000000,62934.04000000,36.61476000
1786736400000,2026-08-14T19:40:00.000Z,62934.04000000,62982.99000000,62922.00000000,62982.99000000,29.18995000
1786736700000,2026-08-14T19:45:00.000Z,62982.99000000,62996.00000000,62947.75000000,62954.00000000,55.32591000
1786737000000,2026-08-14T19:50:00.000Z,62954.00000000,62973.82000000,62952.72000000,62973.82000000,19.28012000
1786737300000,2026-08-14T19:55:00.000Z,62973.81000000,62973.82000000,62943.39000000,62968.05000000,33.46198000
1786737600000,2026-08-14T20:00:00.000Z,62968.06000000,63008.00000000,62964.78000000,63007.99000000,27.80930000
1786737900000,2026-08-14T20:05:00.000Z,63008.00000000,63020.74000000,62985.99000000,63020.74000000,149.01827000
1786738200000,2026-08-14T20:10:00.000Z,63020.74000000,63020.74000000,62974.76000000,62974.76000000,15.78253000
1786738500000,2026-08-14T20:15:00.000Z,62974.77000000,62974.77000000,62934.00000000,62944.04000000,25.80335000
1786738800000,2026-08-14T20:20:00.000Z,62944.04000000,62987.44000000,62944.00000000,62976.01000000,22.85108000
1786739100000,2026-08-14T20:25:00.000Z,62976.01000000,62976.01000000,62942.60000000,62949.74000000,28.37040000
1786739400000,2026-08-14T20:30:00.000Z,62949.73000000,62957.28000000,62932.00000000,62939.78000000,35.94051000
1786739700000,2026-08-14T20:35:00.000Z,62939.78000000,62940.00000000,62912.00000000,62912.00000000,12.62732000
1786740000000,2026-08-14T20:40:00.000Z,62912.01000000,62912.51000000,62912.00000000,62912.51000000,4.70361000
1786740300000,2026-08-14T20:45:00.000Z,62912.51000000,62928.06000000,62909.99000000,62925.79000000,8.48157000
1786740600000,2026-08-14T20:50:00.000Z,62925.79000000,62937.22000000,62910.00000000,62910.00000000,13.17780000
1786740900000,2026-08-14T20:55:00.000Z,62910.01000000,62910.01000000,62896.85000000,62907.59000000,14.87191000
1786741200000,2026-08-14T21:00:00.000Z,62907.59000000,62937.22000000,62898.58000000,62937.22000000,15.70392000
1786741500000,2026-08-14T21:05:00.000Z,62937.21000000,62937.22000000,62900.27000000,62900.27000000,9.60065000
1786741800000,2026-08-14T21:10:00.000Z,62900.28000000,62924.00000000,62900.27000000,62904.00000000,14.82871000
1786742100000,2026-08-14T21:15:00.000Z,62904.01000000,62914.00000000,62894.95000000,62894.96000000,6.03138000
1786742400000,2026-08-14T21:20:00.000Z,62894.95000000,62902.00000000,62888.00000000,62901.81000000,11.58623000
1786742700000,2026-08-14T21:25:00.000Z,62901.82000000,62922.53000000,62892.70000000,62892.71000000,21.44250000
1786743000000,2026-08-14T21:30:00.000Z,62892.71000000,62893.31000000,62873.25000000,62873.25000000,6.61577000
1786743300000,2026-08-14T21:35:00.000Z,62873.25000000,62890.05000000,62873.25000000,62890.05000000,15.95663000
1786743600000,2026-08-14T21:40:00.000Z,62890.05000000,62912.00000000,62877.52000000,62889.01000000,27.67862000
1786743900000,2026-08-14T21:45:00.000Z,62889.01000000,62924.42000000,62876.89000000,62921.29000000,27.08115000
1786744200000,2026-08-14T21:50:00.000Z,62921.30000000,62925.36000000,62886.00000000,62886.01000000,14.75320000
1786744500000,2026-08-14T21:55:00.000Z,62886.01000000,62928.49000000,62884.57000000,62928.49000000,8.36724000
1786744800000,2026-08-14T22:00:00.000Z,62928.49000000,62957.28000000,62912.00000000,62939.35000000,24.43853000
1786745100000,2026-08-14T22:05:00.000Z,62939.35000000,62943.64000000,62896.66000000,62902.97000000,17.83254000
1786745400000,2026-08-14T22:10:00.000Z,62902.96000000,62902.97000000,62833.33000000,62833.33000000,36.82987000
1786745700000,2026-08-14T22:15:00.000Z,62833.33000000,62834.49000000,62800.00000000,62834.48000000,45.40527000
1786746000000,2026-08-14T22:20:00.000Z,62834.48000000,62840.16000000,62817.22000000,62834.00000000,12.15294000
1786746300000,2026-08-14T22:25:00.000Z,62833.99000000,62834.00000000,62823.99000000,62823.99000000,4.52742000
1786746600000,2026-08-14T22:30:00.000Z,62823.99000000,62871.41000000,62823.99000000,62869.08000000,36.44790000
1786746900000,2026-08-14T22:35:00.000Z,62869.09000000,62877.91000000,62869.08000000,62877.90000000,6.64324000
1786747200000,2026-08-14T22:40:00.000Z,62877.91000000,62884.00000000,62877.90000000,62883.99000000,3.05225000
1786747500000,2026-08-14T22:45:00.000Z,62884.00000000,62895.99000000,62880.35000000,62880.35000000,10.35511000
1786747800000,2026-08-14T22:50:00.000Z,62880.36000000,62885.86000000,62876.68000000,62880.35000000,19.46770000
1786748100000,2026-08-14T22:55:00.000Z,62880.35000000,62890.67000000,62868.53000000,62886.88000000,9.41928000
1786748400000,2026-08-14T23:00:00.000Z,62886.87000000,62892.00000000,62884.35000000,62887.45000000,8.33897000
1786748700000,2026-08-14T23:05:00.000Z,62887.45000000,62893.50000000,62887.45000000,62893.49000000,6.98255000
1786749000000,2026-08-14T23:10:00.000Z,62893.50000000,62930.00000000,62893.49000000,62929.99000000,9.23655000
1786749300000,2026-08-14T23:15:00.000Z,62930.00000000,62940.00000000,62891.11000000,62891.12000000,26.99262000
1786749600000,2026-08-14T23:20:00.000Z,62891.11000000,62956.81000000,62865.03000000,62956.80000000,118.77866000
1786749900000,2026-08-14T23:25:00.000Z,62956.80000000,62956.81000000,62934.50000000,62948.11000000,11.04665000
1786750200000,2026-08-14T23:30:00.000Z,62948.11000000,62966.87000000,62929.85000000,62929.85000000,10.97579000
1786750500000,2026-08-14T23:35:00.000Z,62929.85000000,62980.00000000,62905.99000000,62980.00000000,25.34299000
1786750800000,2026-08-14T23:40:00.000Z,62979.99000000,63029.53000000,62974.00000000,63008.89000000,60.14728000
1786751100000,2026-08-14T23:45:00.000Z,63008.89000000,63062.00000000,63008.88000000,63054.77000000,18.89999000
1786751400000,2026-08-14T23:50:00.000Z,63054.76000000,63066.13000000,63018.06000000,63047.53000000,20.34859000
1786751700000,2026-08-14T23:55:00.000Z,63047.53000000,63047.54000000,63027.84000000,63043.56000000,12.00050000
1786752000000,2026-08-15T00:00:00.000Z,63043.56000000,63059.50000000,63026.08000000,63026.08000000,14.12534000
1786752300000,2026-08-15T00:05:00.000Z,63026.07000000,63028.00000000,63008.01000000,63026.05000000,8.81245000
1786752600000,2026-08-15T00:10:00.000Z,63026.05000000,63029.61000000,63012.37000000,63012.37000000,4.81749000
1786752900000,2026-08-15T00:15:00.000Z,63012.37000000,63021.73000000,63012.03000000,63021.73000000,8.98943000
1786753200000,2026-08-15T00:20:00.000Z,63021.72000000,63033.41000000,63003.69000000,63027.85000000,12.03051000
1786753500000,2026-08-15T00:25:00.000Z,63027.85000000,63031.89000000,63000.00000000,63010.00000000,61.47788000
1786753800000,2026-08-15T00:30:00.000Z,63010.00000000,63023.97000000,63009.99000000,63015.88000000,11.11326000
1786754100000,2026-08-15T00:35:00.000Z,63015.88000000,63015.89000000,63000.67000000,63012.86000000,4.84898000
1786754400000,2026-08-15T00:40:00.000Z,63012.86000000,63019.99000000,63006.17000000,63019.98000000,26.95660000
1786754700000,2026-08-15T00:45:00.000Z,63019.99000000,63031.81000000,63013.35000000,63013.36000000,6.16993000
1786755000000,2026-08-15T00:50:00.000Z,63013.36000000,63013.36000000,62992.91000000,63000.00000000,7.66070000
1786755300000,2026-08-15T00:55:00.000Z,63000.00000000,63028.88000000,62999.99000000,63019.88000000,41.63976000
1786755600000,2026-08-15T01:00:00.000Z,63019.89000000,63019.89000000,63006.03000000,63006.03000000,10.26455000
1786755900000,2026-08-15T01:05:00.000Z,63006.04000000,63013.25000000,62993.57000000,63013.25000000,11.67025000
1786756200000,2026-08-15T01:10:00.000Z,63013.24000000,63035.27000000,62999.99000000,63012.89000000,142.78388000
1786756500000,2026-08-15T01:15:00.000Z,63012.89000000,63012.89000000,63000.00000000,63001.29000000,9.40376000
1786756800000,2026-08-15T01:20:00.000Z,63001.29000000,63037.92000000,62999.89000000,63037.92000000,51.69000000
1786757100000,2026-08-15T01:25:00.000Z,63037.91000000,63037.92000000,62999.90000000,63034.00000000,88.12829000
1786757400000,2026-08-15T01:30:00.000Z,63034.00000000,63043.01000000,63015.70000000,63043.01000000,42.32781000
1786757700000,2026-08-15T01:35:00.000Z,63043.01000000,63048.50000000,63033.17000000,63044.01000000,49.50105000
1786758000000,2026-08-15T01:40:00.000Z,63044.00000000,63051.78000000,63030.00000000,63030.00000000,36.80903000
1786758300000,2026-08-15T01:45:00.000Z,63030.01000000,63030.01000000,63024.14000000,63024.14000000,5.69607000
1786758600000,2026-08-15T01:50:00.000Z,63024.15000000,63024.15000000,63023.64000000,63023.65000000,10.98275000
1786758900000,2026-08-15T01:55:00.000Z,63023.64000000,63045.14000000,63023.64000000,63045.13000000,25.97788000
1786759200000,2026-08-15T02:00:00.000Z,63045.14000000,63063.68000000,63045.13000000,63063.68000000,10.13889000
1786759500000,2026-08-15T02:05:00.000Z,63063.67000000,63065.80000000,63045.49000000,63048.44000000,93.32168000
1786759800000,2026-08-15T02:10:00.000Z,63048.44000000,63052.00000000,63035.95000000,63051.99000000,40.84606000
1786760100000,2026-08-15T02:15:00.000Z,63052.00000000,63095.51000000,63052.00000000,63080.00000000,13.52188000
1786760400000,2026-08-15T02:20:00.000Z,63080.01000000,63117.20000000,63080.00000000,63116.85000000,26.92869000
1786760700000,2026-08-15T02:25:00.000Z,63116.85000000,63118.41000000,63102.57000000,63102.57000000,10.25597000
1786761000000,2026-08-15T02:30:00.000Z,63102.58000000,63126.17000000,63102.57000000,63126.16000000,6.80077000
1786761300000,2026-08-15T02:35:00.000Z,63126.16000000,63131.44000000,63111.03000000,63128.01000000,10.47003000
1786761600000,2026-08-15T02:40:00.000Z,63128.01000000,63134.82000000,63121.12000000,63121.12000000,9.25912000
1786761900000,2026-08-15T02:45:00.000Z,63121.12000000,63134.41000000,63121.12000000,63134.40000000,6.87463000
1786762200000,2026-08-15T02:50:00.000Z,63134.40000000,63134.41000000,63130.00000000,63130.01000000,8.34711000
1786762500000,2026-08-15T02:55:00.000Z,63130.00000000,63134.41000000,63130.00000000,63134.41000000,6.77946000
1786762800000,2026-08-15T03:00:00.000Z,63134.41000000,63134.42000000,63134.40000000,63134.41000000,4.02054000
1786763100000,2026-08-15T03:05:00.000Z,63134.41000000,63146.97000000,63134.41000000,63135.01000000,9.96931000
1786763400000,2026-08-15T03:10:00.000Z,63135.01000000,63155.00000000,63135.00000000,63154.00000000,8.45792000
1786763700000,2026-08-15T03:15:00.000Z,63154.00000000,63187.98000000,63132.00000000,63132.00000000,24.92584000
1786764000000,2026-08-15T03:20:00.000Z,63132.01000000,63132.01000000,63108.05000000,63110.77000000,6.07130000
1786764300000,2026-08-15T03:25:00.000Z,63110.77000000,63110.77000000,63088.00000000,63091.75000000,7.20261000
1786764600000,2026-08-15T03:30:00.000Z,63091.75000000,63091.75000000,63086.21000000,63086.22000000,5.61065000
1786764900000,2026-08-15T03:35:00.000Z,63086.21000000,63086.22000000,63046.00000000,63060.00000000,12.53235000
1786765200000,2026-08-15T03:40:00.000Z,63060.00000000,63064.35000000,63060.00000000,63064.34000000,2.24871000
1786765500000,2026-08-15T03:45:00.000Z,63064.34000000,63064.35000000,63064.34000000,63064.35000000,14.84283000
1786765800000,2026-08-15T03:50:00.000Z,63064.34000000,63074.00000000,63060.49000000,63073.99000000,8.66664000
1786766100000,2026-08-15T03:55:00.000Z,63074.00000000,63075.03000000,63039.99000000,63051.25000000,79.91905000
1786766400000,2026-08-15T04:00:00.000Z,63051.25000000,63080.01000000,63051.25000000,63080.00000000,41.65488000
1786766700000,2026-08-15T04:05:00.000Z,63080.01000000,63085.17000000,63070.00000000,63070.62000000,30.25913000
1786767000000,2026-08-15T04:10:00.000Z,63070.61000000,63100.00000000,63070.61000000,63099.99000000,25.04499000
1786767300000,2026-08-15T04:15:00.000Z,63099.99000000,63130.00000000,63099.99000000,63125.83000000,29.85180000
1786767600000,2026-08-15T04:20:00.000Z,63125.84000000,63125.84000000,63124.56000000,63124.57000000,4.15508000
1786767900000,2026-08-15T04:25:00.000Z,63124.56000000,63124.57000000,63124.56000000,63124.57000000,1.87237000
1786768200000,2026-08-15T04:30:00.000Z,63124.57000000,63124.57000000,63123.29000000,63123.75000000,5.77684000
1786768500000,2026-08-15T04:35:00.000Z,63123.76000000,63145.71000000,63123.75000000,63145.46000000,8.95690000
1786768800000,2026-08-15T04:40:00.000Z,63145.47000000,63151.64000000,63145.46000000,63151.64000000,5.41684000
1786769100000,2026-08-15T04:45:00.000Z,63151.64000000,63151.65000000,63146.00000000,63146.01000000,4.29629000
1786769400000,2026-08-15T04:50:00.000Z,63146.01000000,63146.01000000,63122.59000000,63122.60000000,11.18477000
1786769700000,2026-08-15T04:55:00.000Z,63122.60000000,63122.60000000,63122.00000000,63122.00000000,3.83254000
1786770000000,2026-08-15T05:00:00.000Z,63122.01000000,63124.54000000,63122.00000000,63124.53000000,3.48361000
1786770300000,2026-08-15T05:05:00.000Z,63124.53000000,63141.52000000,63124.53000000,63141.50000000,3.20669000
1786770600000,2026-08-15T05:10:00.000Z,63141.51000000,63149.54000000,63141.50000000,63149.54000000,6.07068000
1786770900000,2026-08-15T05:15:00.000Z,63149.54000000,63155.76000000,63149.53000000,63151.95000000,4.49040000
1786771200000,2026-08-15T05:20:00.000Z,63151.96000000,63151.96000000,63130.28000000,63130.28000000,7.73910000
1786771500000,2026-08-15T05:25:00.000Z,63130.28000000,63130.29000000,63124.53000000,63124.54000000,6.45593000
1786771800000,2026-08-15T05:30:00.000Z,63124.53000000,63124.54000000,63121.00000000,63123.53000000,3.11132000
1786772100000,2026-08-15T05:35:00.000Z,63123.53000000,63123.53000000,63066.00000000,63066.01000000,16.82574000
1786772400000,2026-08-15T05:40:00.000Z,63066.01000000,63075.08000000,63056.18000000,63075.07000000,8.57991000
1786772700000,2026-08-15T05:45:00.000Z,63075.07000000,63081.19000000,63068.95000000,63068.96000000,8.48621000
1786773000000,2026-08-15T05:50:00.000Z,63068.95000000,63068.96000000,63058.00000000,63068.52000000,5.99101000
1786773300000,2026-08-15T05:55:00.000Z,63068.52000000,63094.64000000,63039.99000000,63089.00000000,138.83992000
1786773600000,2026-08-15T06:00:00.000Z,63089.00000000,63089.01000000,63089.00000000,63089.00000000,3.36934000
1786773900000,2026-08-15T06:05:00.000Z,63089.01000000,63095.32000000,63089.00000000,63093.60000000,9.85880000
1786774200000,2026-08-15T06:10:00.000Z,63093.59000000,63093.63000000,63037.76000000,63037.76000000,64.98655000
1786774500000,2026-08-15T06:15:00.000Z,63037.77000000,63047.68000000,63037.76000000,63047.68000000,8.97959000
1786774800000,2026-08-15T06:20:00.000Z,63047.67000000,63065.34000000,63047.00000000,63059.12000000,83.86825000
1786775100000,2026-08-15T06:25:00.000Z,63059.13000000,63067.85000000,63027.89000000,63036.50000000,77.96949000
1786775400000,2026-08-15T06:30:00.000Z,63036.50000000,63059.36000000,63036.50000000,63059.35000000,4.78265000
1786775700000,2026-08-15T06:35:00.000Z,63059.36000000,63059.36000000,63055.40000000,63055.40000000,10.90884000
1786776000000,2026-08-15T06:40:00.000Z,63055.41000000,63069.29000000,63050.35000000,63069.29000000,11.37714000
1786776300000,2026-08-15T06:45:00.000Z,63069.29000000,63077.51000000,63069.28000000,63077.51000000,42.74891000
1786776600000,2026-08-15T06:50:00.000Z,63077.51000000,63128.42000000,63077.50000000,63128.42000000,33.84688000
1786776900000,2026-08-15T06:55:00.000Z,63128.42000000,63134.84000000,63108.00000000,63114.68000000,21.05674000
1786777200000,2026-08-15T07:00:00.000Z,63114.68000000,63118.00000000,63113.50000000,63113.51000000,68.15431000
1786777500000,2026-08-15T07:05:00.000Z,63113.51000000,63113.51000000,63070.15000000,63070.16000000,14.79289000
1786777800000,2026-08-15T07:10:00.000Z,63070.16000000,63134.83000000,63068.00000000,63134.83000000,232.17389000
1786778100000,2026-08-15T07:15:00.000Z,63134.83000000,63134.83000000,63100.36000000,63100.37000000,26.48280000
1786778400000,2026-08-15T07:20:00.000Z,63100.36000000,63100.37000000,63069.83000000,63091.99000000,42.77991000
1786778700000,2026-08-15T07:25:00.000Z,63091.99000000,63107.54000000,63076.74000000,63076.75000000,130.52685000
1786779000000,2026-08-15T07:30:00.000Z,63076.75000000,63076.75000000,63063.01000000,63076.54000000,55.00760000
1786779300000,2026-08-15T07:35:00.000Z,63076.53000000,63099.48000000,63076.53000000,63086.54000000,9.26041000
1786779600000,2026-08-15T07:40:00.000Z,63086.54000000,63086.54000000,63079.92000000,63079.93000000,16.48430000
1786779900000,2026-08-15T07:45:00.000Z,63079.92000000,63079.92000000,63078.00000000,63078.01000000,14.65633000
1786780200000,2026-08-15T07:50:00.000Z,63078.00000000,63078.01000000,63076.00000000,63076.01000000,12.22552000
1786780500000,2026-08-15T07:55:00.000Z,63076.00000000,63082.00000000,63042.00000000,63075.43000000,66.18693000
1786780800000,2026-08-15T08:00:00.000Z,63075.43000000,63085.80000000,63070.00000000,63070.01000000,35.60433000
1786781100000,2026-08-15T08:05:00.000Z,63070.01000000,63070.01000000,63062.16000000,63063.44000000,21.06601000
1786781400000,2026-08-15T08:10:00.000Z,63063.44000000,63063.44000000,63061.87000000,63061.88000000,12.23778000
1786781700000,2026-08-15T08:15:00.000Z,63061.87000000,63065.97000000,63059.83000000,63065.97000000,4.49526000
1786782000000,2026-08-15T08:20:00.000Z,63065.96000000,63065.97000000,63059.83000000,63059.84000000,5.76907000
1786782300000,2026-08-15T08:25:00.000Z,63059.83000000,63059.84000000,63052.70000000,63052.71000000,3.31953000
1786782600000,2026-08-15T08:30:00.000Z,63052.71000000,63052.72000000,63040.00000000,63040.01000000,9.06811000
1786782900000,2026-08-15T08:35:00.000Z,63040.01000000,63040.01000000,63031.33000000,63031.34000000,4.57303000
1786783200000,2026-08-15T08:40:00.000Z,63031.33000000,63031.34000000,63020.00000000,63020.01000000,4.69809000
1786783500000,2026-08-15T08:45:00.000Z,63020.00000000,63057.58000000,63020.00000000,63050.00000000,13.55646000
1786783800000,2026-08-15T08:50:00.000Z,63050.00000000,63050.00000000,62962.80000000,62962.81000000,31.48470000
1786784100000,2026-08-15T08:55:00.000Z,62962.80000000,62972.00000000,62933.71000000,62935.72000000,32.12408000
1786784400000,2026-08-15T09:00:00.000Z,62935.72000000,62949.25000000,62920.00000000,62922.01000000,20.32856000
1786784700000,2026-08-15T09:05:00.000Z,62922.00000000,62949.12000000,62922.00000000,62946.67000000,12.84186000
1786785000000,2026-08-15T09:10:00.000Z,62946.67000000,62960.27000000,62946.67000000,62956.64000000,4.98529000
1786785300000,2026-08-15T09:15:00.000Z,62956.64000000,62975.63000000,62956.63000000,62975.63000000,29.80481000
1786785600000,2026-08-15T09:20:00.000Z,62975.62000000,62975.63000000,62967.93000000,62967.93000000,6.04543000
1786785900000,2026-08-15T09:25:00.000Z,62967.94000000,62982.76000000,62967.93000000,62981.37000000,11.50850000
1786786200000,2026-08-15T09:30:00.000Z,62981.38000000,62993.78000000,62981.37000000,62992.95000000,14.78479000
1786786500000,2026-08-15T09:35:00.000Z,62992.96000000,63013.76000000,62992.95000000,63013.76000000,35.41814000
1786786800000,2026-08-15T09:40:00.000Z,63013.76000000,63029.15000000,63010.66000000,63026.61000000,7.60879000
1786787100000,2026-08-15T09:45:00.000Z,63026.62000000,63026.62000000,63026.61000000,63026.61000000,3.76479000
1786787400000,2026-08-15T09:50:00.000Z,63026.61000000,63042.46000000,63026.61000000,63042.46000000,29.20694000
1786787700000,2026-08-15T09:55:00.000Z,63042.46000000,63045.83000000,63030.38000000,63030.38000000,7.69581000
1786788000000,2026-08-15T10:00:00.000Z,63030.39000000,63033.25000000,63002.12000000,63002.12000000,7.09745000
1786788300000,2026-08-15T10:05:00.000Z,63002.12000000,63015.43000000,63002.12000000,63015.42000000,9.67611000
1786788600000,2026-08-15T10:10:00.000Z,63015.42000000,63018.81000000,63015.42000000,63018.81000000,2.51000000
1786788900000,2026-08-15T10:15:00.000Z,63018.81000000,63018.81000000,63018.80000000,63018.81000000,3.22634000
1786789200000,2026-08-15T10:20:00.000Z,63018.80000000,63020.00000000,63018.80000000,63020.00000000,3.15410000
1786789500000,2026-08-15T10:25:00.000Z,63020.00000000,63020.00000000,63019.99000000,63019.99000000,1.13944000
1786789800000,2026-08-15T10:30:00.000Z,63020.00000000,63044.00000000,63018.76000000,63028.88000000,10.89312000
1786790100000,2026-08-15T10:35:00.000Z,63028.88000000,63034.00000000,63024.57000000,63033.99000000,4.05040000
1786790400000,2026-08-15T10:40:00.000Z,63034.00000000,63036.00000000,63032.39000000,63035.99000000,8.35402000
1786790700000,2026-08-15T10:45:00.000Z,63036.00000000,63050.00000000,63035.99000000,63050.00000000,4.46889000
1786791000000,2026-08-15T10:50:00.000Z,63049.99000000,63051.74000000,63035.99000000,63035.99000000,7.97102000
1786791300000,2026-08-15T10:55:00.000Z,63035.99000000,63050.01000000,63027.12000000,63046.10000000,17.04022000
1786791600000,2026-08-15T11:00:00.000Z,63046.10000000,63046.11000000,63029.67000000,63029.99000000,22.01603000
1786791900000,2026-08-15T11:05:00.000Z,63029.99000000,63037.79000000,63029.99000000,63037.78000000,7.92739000
1786792200000,2026-08-15T11:10:00.000Z,63037.78000000,63037.79000000,63030.00000000,63030.00000000,18.94246000
1786792500000,2026-08-15T11:15:00.000Z,63030.00000000,63044.95000000,63030.00000000,63033.84000000,6.29738000
1786792800000,2026-08-15T11:20:00.000Z,63033.83000000,63033.84000000,63030.00000000,63030.00000000,4.58374000
1786793100000,2026-08-15T11:25:00.000Z,63030.01000000,63032.54000000,63030.00000000,63032.54000000,8.90665000
1786793400000,2026-08-15T11:30:00.000Z,63032.53000000,63038.93000000,63032.53000000,63035.01000000,7.13156000
1786793700000,2026-08-15T11:35:00.000Z,63035.00000000,63035.01000000,63035.00000000,63035.00000000,2.30077000
1786794000000,2026-08-15T11:40:00.000Z,63035.00000000,63047.78000000,63035.00000000,63047.77000000,4.34565000
1786794300000,2026-08-15T11:45:00.000Z,63047.78000000,63054.69000000,63000.00000000,63008.05000000,72.83974000
1786794600000,2026-08-15T11:50:00.000Z,63008.05000000,63025.20000000,62996.85000000,63025.20000000,11.59762000
1786794900000,2026-08-15T11:55:00.000Z,63025.20000000,63028.00000000,63022.00000000,63022.01000000,8.82292000
1786795200000,2026-08-15T12:00:00.000Z,63022.01000000,63022.01000000,63000.00000000,63000.01000000,5.23648000
1786795500000,2026-08-15T12:05:00.000Z,63000.01000000,63000.01000000,62992.51000000,62999.99000000,10.20127000
1786795800000,2026-08-15T12:10:00.000Z,63000.00000000,63000.00000000,62986.36000000,62986.37000000,15.02704000
1786796100000,2026-08-15T12:15:00.000Z,62986.36000000,62987.26000000,62984.73000000,62987.26000000,4.77163000
1786796400000,2026-08-15T12:20:00.000Z,62987.25000000,62987.26000000,62987.25000000,62987.26000000,2.70182000
1786796700000,2026-08-15T12:25:00.000Z,62987.26000000,62987.26000000,62987.25000000,62987.26000000,18.05407000
1786797000000,2026-08-15T12:30:00.000Z,62987.25000000,62987.26000000,62985.00000000,62985.00000000,5.27438000
1786797300000,2026-08-15T12:35:00.000Z,62985.00000000,62985.01000000,62977.81000000,62977.82000000,3.83708000
1786797600000,2026-08-15T12:40:00.000Z,62977.82000000,62977.82000000,62960.46000000,62960.47000000,7.16162000
1786797900000,2026-08-15T12:45:00.000Z,62960.46000000,62960.46000000,62946.58000000,62953.52000000,13.54090000
1786798200000,2026-08-15T12:50:00.000Z,62953.51000000,62956.05000000,62953.51000000,62956.04000000,4.11380000
1786798500000,2026-08-15T12:55:00.000Z,62956.05000000,63055.36000000,62956.05000000,63050.13000000,19.81393000
1786798800000,2026-08-15T13:00:00.000Z,63050.12000000,63070.84000000,63028.11000000,63070.84000000,16.96371000
1786799100000,2026-08-15T13:05:00.000Z,63070.84000000,63080.88000000,63054.68000000,63054.68000000,17.79753000
1786799400000,2026-08-15T13:10:00.000Z,63054.69000000,63073.14000000,63054.68000000,63073.14000000,8.90137000
1786799700000,2026-08-15T13:15:00.000Z,63073.14000000,63078.96000000,63038.55000000,63052.28000000,20.64348000
1786800000000,2026-08-15T13:20:00.000Z,63052.27000000,63058.00000000,63036.25000000,63042.61000000,8.60510000
1786800300000,2026-08-15T13:25:00.000Z,63042.60000000,63043.26000000,63036.00000000,63036.01000000,6.57353000
1786800600000,2026-08-15T13:30:00.000Z,63036.00000000,63040.95000000,63031.46000000,63040.95000000,6.80946000
1786800900000,2026-08-15T13:35:00.000Z,63040.94000000,63049.60000000,63040.04000000,63040.05000000,7.26327000
1786801200000,2026-08-15T13:40:00.000Z,63040.04000000,63040.05000000,63031.43000000,63031.43000000,6.12222000
1786801500000,2026-08-15T13:45:00.000Z,63031.44000000,63052.32000000,63031.43000000,63048.10000000,15.48420000
1786801800000,2026-08-15T13:50:00.000Z,63048.09000000,63055.00000000,63048.09000000,63048.09000000,8.63486000
1786802100000,2026-08-15T13:55:00.000Z,63048.09000000,63060.35000000,63048.09000000,63060.35000000,8.49807000
1786802400000,2026-08-15T14:00:00.000Z,63060.34000000,63060.35000000,63034.45000000,63034.45000000,24.38620000
1786802700000,2026-08-15T14:05:00.000Z,63034.45000000,63042.83000000,63034.45000000,63042.83000000,13.31202000
1786803000000,2026-08-15T14:10:00.000Z,63042.83000000,63055.01000000,63038.00000000,63055.01000000,28.76722000
1786803300000,2026-08-15T14:15:00.000Z,63055.01000000,63055.01000000,63029.86000000,63029.86000000,37.57466000
1786803600000,2026-08-15T14:20:00.000Z,63029.86000000,63029.87000000,62996.77000000,63016.00000000,27.89479000
1786803900000,2026-08-15T14:25:00.000Z,63015.99000000,63040.08000000,63015.99000000,63040.00000000,21.53910000
1786804200000,2026-08-15T14:30:00.000Z,63040.01000000,63040.01000000,63034.81000000,63034.82000000,8.85364000
1786804500000,2026-08-15T14:35:00.000Z,63034.82000000,63040.00000000,63029.89000000,63029.89000000,18.95322000
1786804800000,2026-08-15T14:40:00.000Z,63029.90000000,63040.08000000,63029.89000000,63040.00000000,4.79072000
1786805100000,2026-08-15T14:45:00.000Z,63040.00000000,63045.16000000,63040.00000000,63045.16000000,8.54391000
1786805400000,2026-08-15T14:50:00.000Z,63045.16000000,63050.00000000,63041.53000000,63050.00000000,10.57394000
1786805700000,2026-08-15T14:55:00.000Z,63050.00000000,63051.43000000,63040.00000000,63040.00000000,38.84809000
1786806000000,2026-08-15T15:00:00.000Z,63040.01000000,63045.70000000,63040.00000000,63045.70000000,27.79624000
1786806300000,2026-08-15T15:05:00.000Z,63045.69000000,63045.70000000,63040.01000000,63040.01000000,7.24171000
1786806600000,2026-08-15T15:10:00.000Z,63040.01000000,63040.02000000,63040.01000000,63040.01000000,7.22402000
1786806900000,2026-08-15T15:15:00.000Z,63040.01000000,63078.96000000,63032.00000000,63078.95000000,37.35070000
1786807200000,2026-08-15T15:20:00.000Z,63078.95000000,63078.96000000,63054.68000000,63063.83000000,17.88312000
1786807500000,2026-08-15T15:25:00.000Z,63063.83000000,63073.55000000,63063.82000000,63073.55000000,4.39742000
1786807800000,2026-08-15T15:30:00.000Z,63073.55000000,63097.41000000,63073.54000000,63097.40000000,32.72788000
1786808100000,2026-08-15T15:35:00.000Z,63097.40000000,63120.09000000,63097.40000000,63118.66000000,36.51632000
1786808400000,2026-08-15T15:40:00.000Z,63118.67000000,63118.68000000,63115.59000000,63115.59000000,23.89577000
1786808700000,2026-08-15T15:45:00.000Z,63115.59000000,63115.60000000,63115.12000000,63115.12000000,6.76038000
1786809000000,2026-08-15T15:50:00.000Z,63115.13000000,63115.13000000,63100.70000000,63100.70000000,6.19921000
1786809300000,2026-08-15T15:55:00.000Z,63100.71000000,63100.71000000,63100.55000000,63100.55000000,6.38285000
1786809600000,2026-08-15T16:00:00.000Z,63100.55000000,63100.56000000,63094.01000000,63094.02000000,5.16617000
1786809900000,2026-08-15T16:05:00.000Z,63094.02000000,63094.03000000,63076.00000000,63086.40000000,32.89515000
1786810200000,2026-08-15T16:10:00.000Z,63086.40000000,63098.30000000,63083.03000000,63083.03000000,40.70713000
1786810500000,2026-08-15T16:15:00.000Z,63083.03000000,63083.04000000,63066.73000000,63079.47000000,21.46150000
1786810800000,2026-08-15T16:20:00.000Z,63079.46000000,63105.00000000,63079.46000000,63104.99000000,33.80665000
1786811100000,2026-08-15T16:25:00.000Z,63104.99000000,63121.60000000,63104.99000000,63121.59000000,9.92625000
1786811400000,2026-08-15T16:30:00.000Z,63121.60000000,63124.99000000,63092.92000000,63092.93000000,16.07808000
1786811700000,2026-08-15T16:35:00.000Z,63092.93000000,63096.63000000,63092.92000000,63096.63000000,15.33197000
1786812000000,2026-08-15T16:40:00.000Z,63096.62000000,63096.63000000,63096.60000000,63096.60000000,9.51227000
1786812300000,2026-08-15T16:45:00.000Z,63096.60000000,63096.63000000,63095.56000000,63096.63000000,8.99583000
1786812600000,2026-08-15T16:50:00.000Z,63096.63000000,63096.63000000,63096.62000000,63096.62000000,6.28407000
1786812900000,2026-08-15T16:55:00.000Z,63096.63000000,63096.63000000,63096.62000000,63096.63000000,2.67465000
1786813200000,2026-08-15T17:00:00.000Z,63096.62000000,63096.63000000,63096.58000000,63096.58000000,8.96219000
1786813500000,2026-08-15T17:05:00.000Z,63096.58000000,63096.59000000,63096.58000000,63096.58000000,5.54042000
1786813800000,2026-08-15T17:10:00.000Z,63096.59000000,63096.59000000,63096.58000000,63096.59000000,2.67749000
1786814100000,2026-08-15T17:15:00.000Z,63096.58000000,63100.69000000,63096.58000000,63100.68000000,4.74416000
1786814400000,2026-08-15T17:20:00.000Z,63100.69000000,63100.69000000,63066.21000000,63066.22000000,26.92480000
1786814700000,2026-08-15T17:25:00.000Z,63066.22000000,63071.29000000,63066.21000000,63070.50000000,5.68580000
1786815000000,2026-08-15T17:30:00.000Z,63070.49000000,63070.50000000,63070.49000000,63070.50000000,2.23919000
1786815300000,2026-08-15T17:35:00.000Z,63070.49000000,63070.50000000,63070.49000000,63070.49000000,23.36252000
1786815600000,2026-08-15T17:40:00.000Z,63070.50000000,63070.50000000,63070.49000000,63070.49000000,2.34019000
1786815900000,2026-08-15T17:45:00.000Z,63070.49000000,63070.50000000,63070.49000000,63070.50000000,2.32342000
1786816200000,2026-08-15T17:50:00.000Z,63070.49000000,63070.50000000,63070.48000000,63070.49000000,7.77504000
1786816500000,2026-08-15T17:55:00.000Z,63070.48000000,63070.50000000,63070.48000000,63070.50000000,3.98891000
1786816800000,2026-08-15T18:00:00.000Z,63070.49000000,63070.50000000,63070.48000000,63070.48000000,13.56820000
1786817100000,2026-08-15T18:05:00.000Z,63070.48000000,63084.33000000,63070.00000000,63084.32000000,24.38346000
1786817400000,2026-08-15T18:10:00.000Z,63084.32000000,63115.58000000,63084.32000000,63097.16000000,20.26083000
1786817700000,2026-08-15T18:15:00.000Z,63097.15000000,63097.16000000,63052.00000000,63052.01000000,17.14108000
1786818000000,2026-08-15T18:20:00.000Z,63052.01000000,63061.27000000,63052.00000000,63061.26000000,12.92074000
1786818300000,2026-08-15T18:25:00.000Z,63061.27000000,63061.27000000,63050.05000000,63050.05000000,7.23695000
1786818600000,2026-08-15T18:30:00.000Z,63050.06000000,63050.06000000,63050.05000000,63050.06000000,7.88702000
1786818900000,2026-08-15T18:35:00.000Z,63050.05000000,63050.06000000,63050.05000000,63050.06000000,3.25976000
1786819200000,2026-08-15T18:40:00.000Z,63050.06000000,63050.06000000,63050.05000000,63050.06000000,2.19421000
1786819500000,2026-08-15T18:45:00.000Z,63050.05000000,63050.08000000,63044.37000000,63045.96000000,45.21352000
1786819800000,2026-08-15T18:50:00.000Z,63045.95000000,63052.23000000,63045.95000000,63052.22000000,44.21498000
1786820100000,2026-08-15T18:55:00.000Z,63052.22000000,63057.58000000,63052.22000000,63057.58000000,96.51011000
1786820400000,2026-08-15T19:00:00.000Z,63057.58000000,63066.00000000,63057.57000000,63066.00000000,76.25043000
1786820700000,2026-08-15T19:05:00.000Z,63065.99000000,63089.20000000,63065.99000000,63088.20000000,66.02103000
1786821000000,2026-08-15T19:10:00.000Z,63088.20000000,63090.98000000,63086.60000000,63086.60000000,101.32266000
1786821300000,2026-08-15T19:15:00.000Z,63086.61000000,63108.61000000,63086.60000000,63108.61000000,53.25540000
1786821600000,2026-08-15T19:20:00.000Z,63108.61000000,63121.80000000,63108.60000000,63121.80000000,93.64350000
1786821900000,2026-08-15T19:25:00.000Z,63121.79000000,63125.00000000,63101.31000000,63101.31000000,49.93692000
1786822200000,2026-08-15T19:30:00.000Z,63101.31000000,63101.32000000,63101.31000000,63101.32000000,3.25607000
1786822500000,2026-08-15T19:35:00.000Z,63101.31000000,63127.40000000,63101.31000000,63116.08000000,55.37276000
1786822800000,2026-08-15T19:40:00.000Z,63116.08000000,63116.08000000,63115.57000000,63115.58000000,4.07113000
1786823100000,2026-08-15T19:45:00.000Z,63115.58000000,63122.40000000,63115.57000000,63122.40000000,7.51235000
1786823400000,2026-08-15T19:50:00.000Z,63122.39000000,63126.08000000,63122.39000000,63126.08000000,3.29248000
1786823700000,2026-08-15T19:55:00.000Z,63126.08000000,63126.08000000,63126.07000000,63126.08000000,2.12798000
1786824000000,2026-08-15T20:00:00.000Z,63126.07000000,63126.08000000,63116.83000000,63116.84000000,10.26459000
1786824300000,2026-08-15T20:05:00.000Z,63116.83000000,63116.84000000,63096.00000000,63096.00000000,6.87557000
1786824600000,2026-08-15T20:10:00.000Z,63096.01000000,63096.01000000,63076.96000000,63078.62000000,3.88383000
1786824900000,2026-08-15T20:15:00.000Z,63078.62000000,63078.63000000,63078.62000000,63078.63000000,1.34256000
1786825200000,2026-08-15T20:20:00.000Z,63078.62000000,63078.63000000,63078.62000000,63078.62000000,1.89276000
1786825500000,2026-08-15T20:25:00.000Z,63078.62000000,63078.63000000,63078.62000000,63078.63000000,1.90791000
1786825800000,2026-08-15T20:30:00.000Z,63078.62000000,63078.63000000,63078.62000000,63078.62000000,5.39936000
1786826100000,2026-08-15T20:35:00.000Z,63078.62000000,63078.63000000,63078.62000000,63078.62000000,1.85325000
1786826400000,2026-08-15T20:40:00.000Z,63078.62000000,63081.17000000,63078.62000000,63081.17000000,8.68778000
1786826700000,2026-08-15T20:45:00.000Z,63081.17000000,63099.96000000,63081.16000000,63099.96000000,7.35132000
1786827000000,2026-08-15T20:50:00.000Z,63099.96000000,63100.00000000,63099.96000000,63099.99000000,1.92958000
1786827300000,2026-08-15T20:55:00.000Z,63100.00000000,63103.30000000,63099.99000000,63103.29000000,3.93055000
1786827600000,2026-08-15T21:00:00.000Z,63103.29000000,63103.30000000,63103.29000000,63103.29000000,4.04338000
1786827900000,2026-08-15T21:05:00.000Z,63103.30000000,63103.30000000,63103.29000000,63103.30000000,1.84135000
1786828200000,2026-08-15T21:10:00.000Z,63103.29000000,63104.57000000,63103.29000000,63104.56000000,5.30077000
1786828500000,2026-08-15T21:15:00.000Z,63104.55000000,63104.56000000,63104.55000000,63104.56000000,0.85376000
1786828800000,2026-08-15T21:20:00.000Z,63104.55000000,63119.72000000,63104.55000000,63119.71000000,11.46993000
1786829100000,2026-08-15T21:25:00.000Z,63119.72000000,63154.98000000,63119.72000000,63154.97000000,66.10892000
1786829400000,2026-08-15T21:30:00.000Z,63154.98000000,63154.98000000,63146.43000000,63146.43000000,10.73496000
1786829700000,2026-08-15T21:35:00.000Z,63146.43000000,63153.45000000,63139.57000000,63153.44000000,13.36688000
1786830000000,2026-08-15T21:40:00.000Z,63153.44000000,63168.17000000,63153.44000000,63168.17000000,22.44922000
1786830300000,2026-08-15T21:45:00.000Z,63168.17000000,63168.95000000,63155.60000000,63161.96000000,12.68146000
1786830600000,2026-08-15T21:50:00.000Z,63161.96000000,63168.40000000,63155.07000000,63160.00000000,17.26891000
1786830900000,2026-08-15T21:55:00.000Z,63160.00000000,63161.36000000,63159.03000000,63159.04000000,4.87998000
1786831200000,2026-08-15T22:00:00.000Z,63159.04000000,63165.53000000,63155.04000000,63155.04000000,7.90271000
1786831500000,2026-08-15T22:05:00.000Z,63155.04000000,63155.05000000,63153.21000000,63153.22000000,3.46635000
1786831800000,2026-08-15T22:10:00.000Z,63153.22000000,63153.22000000,63150.00000000,63150.00000000,3.43025000
1786832100000,2026-08-15T22:15:00.000Z,63150.01000000,63150.01000000,63135.52000000,63137.64000000,8.36654000
1786832400000,2026-08-15T22:20:00.000Z,63137.64000000,63142.31000000,63137.63000000,63142.31000000,5.79827000
1786832700000,2026-08-15T22:25:00.000Z,63142.30000000,63152.63000000,63142.30000000,63152.62000000,12.28011000
1786833000000,2026-08-15T22:30:00.000Z,63152.63000000,63156.35000000,63152.62000000,63156.35000000,8.53403000
1786833300000,2026-08-15T22:35:00.000Z,63156.35000000,63156.35000000,63156.34000000,63156.35000000,12.84838000
1786833600000,2026-08-15T22:40:00.000Z,63156.35000000,63159.33000000,63156.34000000,63158.80000000,9.86781000
1786833900000,2026-08-15T22:45:00.000Z,63158.81000000,63175.00000000,63158.80000000,63175.00000000,7.46857000
1786834200000,2026-08-15T22:50:00.000Z,63174.99000000,63175.00000000,63135.52000000,63135.53000000,13.55462000
1786834500000,2026-08-15T22:55:00.000Z,63135.52000000,63135.53000000,63135.52000000,63135.52000000,2.05168000
1786834800000,2026-08-15T23:00:00.000Z,63135.52000000,63139.96000000,63135.52000000,63139.96000000,6.74578000
1786835100000,2026-08-15T23:05:00.000Z,63139.95000000,63139.96000000,63139.95000000,63139.96000000,4.90116000
1786835400000,2026-08-15T23:10:00.000Z,63139.95000000,63139.96000000,63112.90000000,63134.00000000,23.91929000
1786835700000,2026-08-15T23:15:00.000Z,63134.00000000,63134.00000000,63130.00000000,63130.00000000,3.10726000
1786836000000,2026-08-15T23:20:00.000Z,63130.01000000,63130.01000000,63127.61000000,63127.61000000,2.59663000
1786836300000,2026-08-15T23:25:00.000Z,63127.62000000,63127.62000000,63112.00000000,63112.00000000,3.47964000
1786836600000,2026-08-15T23:30:00.000Z,63112.01000000,63112.01000000,63107.26000000,63107.26000000,4.16377000
1786836900000,2026-08-15T23:35:00.000Z,63107.26000000,63107.27000000,63100.00000000,63100.01000000,4.61290000
1786837200000,2026-08-15T23:40:00.000Z,63100.00000000,63102.76000000,63100.00000000,63102.75000000,12.73257000
1786837500000,2026-08-15T23:45:00.000Z,63102.76000000,63104.00000000,63102.75000000,63104.00000000,3.68539000
1786837800000,2026-08-15T23:50:00.000Z,63103.99000000,63104.00000000,63086.01000000,63086.01000000,13.27612000
1786838100000,2026-08-15T23:55:00.000Z,63086.01000000,63086.01000000,63086.00000000,63086.01000000,2.10986000
1786838400000,2026-08-16T00:00:00.000Z,63086.01000000,63086.01000000,63067.47000000,63072.52000000,10.99634000
1786838700000,2026-08-16T00:05:00.000Z,63072.53000000,63072.53000000,63070.47000000,63070.48000000,3.67161000
1786839000000,2026-08-16T00:10:00.000Z,63070.47000000,63071.75000000,63070.47000000,63071.74000000,7.26595000
1786839300000,2026-08-16T00:15:00.000Z,63071.75000000,63071.75000000,63071.74000000,63071.75000000,2.85580000
1786839600000,2026-08-16T00:20:00.000Z,63071.75000000,63071.75000000,63071.74000000,63071.75000000,2.27654000
1786839900000,2026-08-16T00:25:00.000Z,63071.75000000,63071.75000000,63071.74000000,63071.75000000,0.80312000
1786840200000,2026-08-16T00:30:00.000Z,63071.74000000,63071.75000000,63061.47000000,63062.87000000,15.51032000
1786840500000,2026-08-16T00:35:00.000Z,63062.87000000,63070.00000000,63062.86000000,63070.00000000,5.23230000
1786840800000,2026-08-16T00:40:00.000Z,63070.00000000,63070.00000000,63069.99000000,63070.00000000,3.85731000
1786841100000,2026-08-16T00:45:00.000Z,63070.00000000,63083.81000000,63069.99000000,63070.72000000,18.22604000
1786841400000,2026-08-16T00:50:00.000Z,63070.72000000,63073.02000000,63070.72000000,63073.01000000,10.31175000
1786841700000,2026-08-16T00:55:00.000Z,63073.02000000,63085.82000000,63073.01000000,63085.82000000,13.56664000
1786842000000,2026-08-16T01:00:00.000Z,63085.81000000,63085.82000000,63075.00000000,63075.01000000,7.52379000
1786842300000,2026-08-16T01:05:00.000Z,63075.00000000,63075.01000000,63058.64000000,63058.65000000,6.01989000
1786842600000,2026-08-16T01:10:00.000Z,63058.65000000,63058.65000000,63052.25000000,63052.25000000,8.92517000
1786842900000,2026-08-16T01:15:00.000Z,63052.26000000,63056.80000000,63052.25000000,63056.79000000,6.17215000
1786843200000,2026-08-16T01:20:00.000Z,63056.79000000,63078.75000000,63054.80000000,63078.75000000,17.96981000
1786843500000,2026-08-16T01:25:00.000Z,63078.75000000,63078.75000000,63059.67000000,63059.68000000,7.35254000
1786843800000,2026-08-16T01:30:00.000Z,63059.67000000,63059.67000000,63057.97000000,63059.25000000,9.65573000
1786844100000,2026-08-16T01:35:00.000Z,63059.24000000,63059.25000000,63012.00000000,63012.00000000,27.53076000
1786844400000,2026-08-16T01:40:00.000Z,63012.01000000,63066.94000000,63012.00000000,63066.94000000,15.24698000
1786844700000,2026-08-16T01:45:00.000Z,63066.94000000,63066.94000000,63066.93000000,63066.93000000,3.44638000
1786845000000,2026-08-16T01:50:00.000Z,63066.93000000,63066.94000000,63054.68000000,63054.68000000,5.16988000
1786845300000,2026-08-16T01:55:00.000Z,63054.68000000,63084.78000000,63054.68000000,63084.78000000,65.54249000
1786845600000,2026-08-16T02:00:00.000Z,63084.78000000,63084.78000000,63046.36000000,63046.37000000,14.49965000
1786845900000,2026-08-16T02:05:00.000Z,63046.37000000,63046.37000000,63046.36000000,63046.36000000,2.76222000
1786846200000,2026-08-16T02:10:00.000Z,63046.36000000,63046.37000000,63024.22000000,63024.22000000,7.46176000
1786846500000,2026-08-16T02:15:00.000Z,63024.23000000,63043.17000000,63024.22000000,63043.17000000,10.53273000
1786846800000,2026-08-16T02:20:00.000Z,63043.16000000,63112.87000000,63043.16000000,63112.87000000,28.93904000
1786847100000,2026-08-16T02:25:00.000Z,63112.87000000,63120.99000000,63112.86000000,63115.01000000,12.85876000
1786847400000,2026-08-16T02:30:00.000Z,63115.00000000,63122.06000000,63115.00000000,63122.05000000,9.62474000
1786847700000,2026-08-16T02:35:00.000Z,63122.05000000,63129.60000000,63115.59000000,63120.95000000,10.56471000
1786848000000,2026-08-16T02:40:00.000Z,63120.95000000,63151.59000000,63120.94000000,63151.58000000,98.02409000
1786848300000,2026-08-16T02:45:00.000Z,63151.58000000,63151.59000000,63132.43000000,63141.05000000,26.28586000
1786848600000,2026-08-16T02:50:00.000Z,63141.05000000,63141.06000000,63115.60000000,63121.91000000,21.52922000
1786848900000,2026-08-16T02:55:00.000Z,63121.92000000,63121.92000000,63121.91000000,63121.91000000,2.26619000
1786849200000,2026-08-16T03:00:00.000Z,63121.92000000,63121.92000000,63121.91000000,63121.92000000,3.18277000
1786849500000,2026-08-16T03:05:00.000Z,63121.92000000,63125.00000000,63121.91000000,63125.00000000,3.76592000
1786849800000,2026-08-16T03:10:00.000Z,63125.00000000,63125.00000000,63122.98000000,63122.98000000,22.31738000
1786850100000,2026-08-16T03:15:00.000Z,63122.99000000,63122.99000000,63115.61000000,63120.00000000,10.57112000
1786850400000,2026-08-16T03:20:00.000Z,63119.99000000,63120.00000000,63119.99000000,63119.99000000,2.08260000
1786850700000,2026-08-16T03:25:00.000Z,63120.00000000,63120.00000000,63119.99000000,63119.99000000,4.34363000
1786851000000,2026-08-16T03:30:00.000Z,63120.00000000,63120.76000000,63119.99000000,63120.75000000,6.28300000
1786851300000,2026-08-16T03:35:00.000Z,63120.75000000,63124.04000000,63120.75000000,63124.04000000,5.21906000
1786851600000,2026-08-16T03:40:00.000Z,63124.03000000,63124.04000000,63124.03000000,63124.03000000,5.94575000
1786851900000,2026-08-16T03:45:00.000Z,63124.03000000,63124.04000000,63124.03000000,63124.04000000,4.04170000
1786852200000,2026-08-16T03:50:00.000Z,63124.03000000,63124.63000000,63120.93000000,63120.93000000,21.43267000
1786852500000,2026-08-16T03:55:00.000Z,63120.94000000,63130.01000000,63120.93000000,63130.00000000,16.76214000
1786852800000,2026-08-16T04:00:00.000Z,63130.01000000,63133.04000000,63130.00000000,63133.03000000,7.63547000
1786853100000,2026-08-16T04:05:00.000Z,63133.04000000,63133.04000000,63133.03000000,63133.03000000,2.00725000
1786853400000,2026-08-16T04:10:00.000Z,63133.03000000,63134.73000000,63133.03000000,63134.72000000,12.70480000
1786853700000,2026-08-16T04:15:00.000Z,63134.73000000,63158.80000000,63134.72000000,63158.79000000,21.73939000
1786854000000,2026-08-16T04:20:00.000Z,63158.79000000,63158.80000000,63151.20000000,63151.21000000,7.87969000
1786854300000,2026-08-16T04:25:00.000Z,63151.21000000,63153.56000000,63151.20000000,63153.56000000,7.02087000
1786854600000,2026-08-16T04:30:00.000Z,63153.55000000,63153.56000000,63125.00000000,63125.01000000,12.03979000
1786854900000,2026-08-16T04:35:00.000Z,63125.00000000,63125.01000000,63124.42000000,63124.42000000,2.25312000
1786855200000,2026-08-16T04:40:00.000Z,63124.42000000,63124.43000000,63116.89000000,63116.90000000,13.94893000
1786855500000,2026-08-16T04:45:00.000Z,63116.89000000,63124.01000000,63116.89000000,63124.00000000,18.00767000
1786855800000,2026-08-16T04:50:00.000Z,63124.01000000,63124.43000000,63124.00000000,63124.43000000,2.46670000
1786856100000,2026-08-16T04:55:00.000Z,63124.43000000,63124.43000000,63090.00000000,63090.01000000,22.61746000
1786856400000,2026-08-16T05:00:00.000Z,63090.00000000,63094.00000000,63074.27000000,63094.00000000,14.29546000
1786856700000,2026-08-16T05:05:00.000Z,63093.99000000,63094.00000000,63093.99000000,63094.00000000,4.68173000
1786857000000,2026-08-16T05:10:00.000Z,63094.00000000,63094.00000000,63093.99000000,63093.99000000,2.97459000
1786857300000,2026-08-16T05:15:00.000Z,63093.99000000,63094.00000000,63070.00000000,63070.00000000,11.65645000
1786857600000,2026-08-16T05:20:00.000Z,63070.01000000,63070.01000000,63070.00000000,63070.01000000,2.05599000
1786857900000,2026-08-16T05:25:00.000Z,63070.00000000,63070.01000000,63070.00000000,63070.01000000,1.76354000
1786858200000,2026-08-16T05:30:00.000Z,63070.00000000,63070.01000000,63066.00000000,63068.54000000,4.11723000
1786858500000,2026-08-16T05:35:00.000Z,63068.54000000,63075.00000000,63068.53000000,63074.99000000,5.98240000
1786858800000,2026-08-16T05:40:00.000Z,63074.99000000,63075.00000000,63051.99000000,63053.27000000,55.75303000
1786859100000,2026-08-16T05:45:00.000Z,63053.27000000,63053.27000000,63046.00000000,63047.13000000,17.03562000
1786859400000,2026-08-16T05:50:00.000Z,63047.13000000,63059.92000000,63047.13000000,63059.91000000,9.05863000
1786859700000,2026-08-16T05:55:00.000Z,63059.91000000,63070.00000000,63040.00000000,63069.43000000,105.74590000
1786860000000,2026-08-16T06:00:00.000Z,63069.43000000,63069.43000000,63066.89000000,63066.89000000,1.80848000
1786860300000,2026-08-16T06:05:00.000Z,63066.90000000,63078.41000000,63066.89000000,63078.40000000,15.86389000
1786860600000,2026-08-16T06:10:00.000Z,63078.41000000,63078.41000000,63043.21000000,63044.00000000,72.13308000
1786860900000,2026-08-16T06:15:00.000Z,63044.00000000,63066.21000000,63043.99000000,63057.38000000,74.98453000
1786861200000,2026-08-16T06:20:00.000Z,63057.37000000,63057.38000000,63054.34000000,63054.35000000,3.76470000
1786861500000,2026-08-16T06:25:00.000Z,63054.34000000,63072.32000000,63054.34000000,63072.32000000,32.62661000
1786861800000,2026-08-16T06:30:00.000Z,63072.31000000,63072.32000000,63057.03000000,63058.48000000,44.35415000
1786862100000,2026-08-16T06:35:00.000Z,63058.49000000,63058.49000000,63058.48000000,63058.48000000,2.32159000
1786862400000,2026-08-16T06:40:00.000Z,63058.49000000,63058.49000000,63058.48000000,63058.48000000,8.55179000
1786862700000,2026-08-16T06:45:00.000Z,63058.49000000,63083.79000000,63058.48000000,63078.01000000,7.67807000
1786863000000,2026-08-16T06:50:00.000Z,63078.00000000,63078.01000000,63072.47000000,63072.48000000,5.99835000
1786863300000,2026-08-16T06:55:00.000Z,63072.47000000,63072.48000000,63069.31000000,63069.31000000,10.23325000
1786863600000,2026-08-16T07:00:00.000Z,63069.32000000,63069.32000000,63054.83000000,63054.83000000,6.31924000
1786863900000,2026-08-16T07:05:00.000Z,63054.84000000,63054.84000000,63054.83000000,63054.84000000,3.55916000
1786864200000,2026-08-16T07:10:00.000Z,63054.84000000,63054.84000000,63054.34000000,63054.34000000,8.68510000
1786864500000,2026-08-16T07:15:00.000Z,63054.35000000,63054.35000000,63054.34000000,63054.35000000,1.13386000
1786864800000,2026-08-16T07:20:00.000Z,63054.34000000,63061.03000000,63054.34000000,63061.02000000,31.21044000
1786865100000,2026-08-16T07:25:00.000Z,63061.03000000,63061.03000000,63061.02000000,63061.02000000,16.23330000
1786865400000,2026-08-16T07:30:00.000Z,63061.03000000,63061.03000000,63061.02000000,63061.02000000,5.51040000
1786865700000,2026-08-16T07:35:00.000Z,63061.02000000,63063.03000000,63061.02000000,63063.02000000,25.97670000
1786866000000,2026-08-16T07:40:00.000Z,63063.03000000,63063.03000000,63061.02000000,63061.03000000,23.20642000
1786866300000,2026-08-16T07:45:00.000Z,63061.03000000,63061.03000000,63061.02000000,63061.02000000,6.66362000
1786866600000,2026-08-16T07:50:00.000Z,63061.03000000,63061.03000000,63061.02000000,63061.03000000,12.42730000
1786866900000,2026-08-16T07:55:00.000Z,63061.03000000,63061.03000000,63061.02000000,63061.02000000,6.01444000
1786867200000,2026-08-16T08:00:00.000Z,63061.03000000,63064.11000000,63061.02000000,63064.11000000,23.28688000
1786867500000,2026-08-16T08:05:00.000Z,63064.11000000,63064.11000000,63064.10000000,63064.11000000,3.59533000
1786867800000,2026-08-16T08:10:00.000Z,63064.11000000,63064.11000000,63064.10000000,63064.10000000,7.98187000
1786868100000,2026-08-16T08:15:00.000Z,63064.10000000,63064.11000000,63064.10000000,63064.11000000,9.49850000
1786868400000,2026-08-16T08:20:00.000Z,63064.10000000,63064.11000000,63064.10000000,63064.11000000,12.20556000
1786868700000,2026-08-16T08:25:00.000Z,63064.11000000,63079.76000000,63064.10000000,63079.76000000,17.04225000
1786869000000,2026-08-16T08:30:00.000Z,63079.76000000,63079.76000000,63071.71000000,63072.43000000,10.49768000
1786869300000,2026-08-16T08:35:00.000Z,63072.43000000,63072.43000000,63072.42000000,63072.43000000,3.64208000
1786869600000,2026-08-16T08:40:00.000Z,63072.43000000,63072.43000000,63072.42000000,63072.42000000,3.80368000
1786869900000,2026-08-16T08:45:00.000Z,63072.43000000,63072.43000000,63072.42000000,63072.42000000,3.53321000
1786870200000,2026-08-16T08:50:00.000Z,63072.43000000,63072.43000000,63072.42000000,63072.43000000,7.46980000
1786870500000,2026-08-16T08:55:00.000Z,63072.43000000,63072.43000000,63072.42000000,63072.42000000,6.36526000
1786870800000,2026-08-16T09:00:00.000Z,63072.43000000,63072.43000000,63072.42000000,63072.42000000,2.83468000
1786871100000,2026-08-16T09:05:00.000Z,63072.43000000,63072.43000000,63072.42000000,63072.42000000,1.92233000
1786871400000,2026-08-16T09:10:00.000Z,63072.42000000,63072.43000000,63072.42000000,63072.43000000,6.97186000
1786871700000,2026-08-16T09:15:00.000Z,63072.42000000,63072.43000000,63072.42000000,63072.43000000,2.14307000
1786872000000,2026-08-16T09:20:00.000Z,63072.42000000,63072.43000000,63072.42000000,63072.43000000,7.90229000
1786872300000,2026-08-16T09:25:00.000Z,63072.43000000,63072.43000000,63072.42000000,63072.42000000,14.30367000
1786872600000,2026-08-16T09:30:00.000Z,63072.42000000,63072.43000000,63054.34000000,63054.35000000,46.24044000
1786872900000,2026-08-16T09:35:00.000Z,63054.35000000,63056.73000000,63054.34000000,63056.73000000,32.94151000
1786873200000,2026-08-16T09:40:00.000Z,63056.73000000,63056.73000000,63000.00000000,63000.00000000,52.76015000
1786873500000,2026-08-16T09:45:00.000Z,63000.00000000,63000.01000000,62968.45000000,62998.00000000,71.17391000
1786873800000,2026-08-16T09:50:00.000Z,62998.00000000,63008.69000000,62997.99000000,63008.69000000,42.36299000
1786874100000,2026-08-16T09:55:00.000Z,63008.69000000,63008.69000000,62992.68000000,62992.69000000,9.37479000
1786874400000,2026-08-16T10:00:00.000Z,62992.68000000,62992.69000000,62968.45000000,62968.46000000,31.57844000
1786874700000,2026-08-16T10:05:00.000Z,62968.46000000,62987.78000000,62968.45000000,62987.78000000,23.73770000
1786875000000,2026-08-16T10:10:00.000Z,62987.78000000,62991.13000000,62987.77000000,62987.79000000,16.48950000
1786875300000,2026-08-16T10:15:00.000Z,62987.78000000,62987.79000000,62987.78000000,62987.79000000,2.30130000
1786875600000,2026-08-16T10:20:00.000Z,62987.78000000,62991.74000000,62987.78000000,62991.74000000,10.23145000
1786875900000,2026-08-16T10:25:00.000Z,62991.73000000,63013.62000000,62991.73000000,63013.62000000,18.05230000
1786876200000,2026-08-16T10:30:00.000Z,63013.62000000,63013.62000000,63008.56000000,63008.56000000,7.40367000
1786876500000,2026-08-16T10:35:00.000Z,63008.57000000,63008.57000000,63008.56000000,63008.57000000,2.84490000
1786876800000,2026-08-16T10:40:00.000Z,63008.56000000,63008.57000000,63008.56000000,63008.57000000,6.72706000
1786877100000,2026-08-16T10:45:00.000Z,63008.56000000,63008.57000000,63008.56000000,63008.56000000,8.97361000
1786877400000,2026-08-16T10:50:00.000Z,63008.56000000,63008.57000000,63008.56000000,63008.56000000,1.79311000
1786877700000,2026-08-16T10:55:00.000Z,63008.56000000,63008.57000000,63008.56000000,63008.57000000,3.16155000
1786878000000,2026-08-16T11:00:00.000Z,63008.56000000,63008.57000000,63008.56000000,63008.57000000,15.48431000
1786878300000,2026-08-16T11:05:00.000Z,63008.56000000,63008.57000000,63008.56000000,63008.57000000,4.16035000
1786878600000,2026-08-16T11:10:00.000Z,63008.56000000,63008.57000000,63006.54000000,63006.54000000,15.88634000
1786878900000,2026-08-16T11:15:00.000Z,63006.55000000,63006.55000000,63006.54000000,63006.55000000,3.24392000
1786879200000,2026-08-16T11:20:00.000Z,63006.54000000,63006.55000000,62992.08000000,62992.09000000,11.71354000
1786879500000,2026-08-16T11:25:00.000Z,62992.08000000,62992.09000000,62981.93000000,62981.95000000,9.58578000
1786879800000,2026-08-16T11:30:00.000Z,62981.94000000,62987.62000000,62981.94000000,62987.62000000,21.57731000
1786880100000,2026-08-16T11:35:00.000Z,62987.62000000,62998.75000000,62987.61000000,62998.75000000,17.84676000
1786880400000,2026-08-16T11:40:00.000Z,62998.74000000,63003.50000000,62998.74000000,62999.63000000,16.68046000
1786880700000,2026-08-16T11:45:00.000Z,62999.64000000,62999.64000000,62983.97000000,62983.98000000,58.56611000
1786881000000,2026-08-16T11:50:00.000Z,62983.98000000,62988.50000000,62983.97000000,62988.50000000,13.86156000
1786881300000,2026-08-16T11:55:00.000Z,62988.50000000,63013.66000000,62988.49000000,63013.66000000,25.01063000
1786881600000,2026-08-16T12:00:00.000Z,63013.66000000,63014.22000000,63013.65000000,63014.22000000,8.83047000
1786881900000,2026-08-16T12:05:00.000Z,63014.22000000,63025.42000000,63014.22000000,63025.41000000,6.13469000
1786882200000,2026-08-16T12:10:00.000Z,63025.41000000,63025.42000000,63025.39000000,63025.39000000,4.44065000
1786882500000,2026-08-16T12:15:00.000Z,63025.40000000,63025.40000000,63025.35000000,63025.35000000,3.34481000
1786882800000,2026-08-16T12:20:00.000Z,63025.35000000,63025.36000000,63025.35000000,63025.36000000,2.84319000
1786883100000,2026-08-16T12:25:00.000Z,63025.35000000,63025.36000000,63025.35000000,63025.36000000,2.27739000
1786883400000,2026-08-16T12:30:00.000Z,63025.35000000,63025.36000000,63000.00000000,63004.95000000,7.86405000
1786883700000,2026-08-16T12:35:00.000Z,63004.95000000,63005.97000000,63004.94000000,63005.97000000,6.81320000
1786884000000,2026-08-16T12:40:00.000Z,63005.97000000,63005.97000000,62997.77000000,62997.77000000,8.03096000
1786884300000,2026-08-16T12:45:00.000Z,62997.77000000,63010.00000000,62997.77000000,63009.99000000,11.30307000
1786884600000,2026-08-16T12:50:00.000Z,63010.00000000,63010.00000000,63009.99000000,63010.00000000,2.87430000
1786884900000,2026-08-16T12:55:00.000Z,63009.99000000,63021.99000000,63009.99000000,63021.98000000,13.98634000
1786885200000,2026-08-16T13:00:00.000Z,63021.99000000,63021.99000000,63021.98000000,63021.99000000,2.64162000
1786885500000,2026-08-16T13:05:00.000Z,63021.98000000,63054.34000000,63021.98000000,63054.34000000,18.76203000
1786885800000,2026-08-16T13:10:00.000Z,63054.34000000,63063.34000000,63054.34000000,63063.34000000,21.15040000
1786886100000,2026-08-16T13:15:00.000Z,63063.34000000,63070.00000000,63063.33000000,63070.00000000,6.38048000
1786886400000,2026-08-16T13:20:00.000Z,63070.00000000,63070.00000000,63058.02000000,63058.03000000,26.20352000
1786886700000,2026-08-16T13:25:00.000Z,63058.03000000,63063.00000000,63058.02000000,63063.00000000,8.70261000
1786887000000,2026-08-16T13:30:00.000Z,63063.00000000,63070.05000000,63062.99000000,63070.04000000,5.92600000
1786887300000,2026-08-16T13:35:00.000Z,63070.04000000,63070.05000000,63067.01000000,63067.01000000,11.07601000
1786887600000,2026-08-16T13:40:00.000Z,63067.02000000,63067.02000000,63067.01000000,63067.01000000,0.84814000
1786887900000,2026-08-16T13:45:00.000Z,63067.02000000,63067.02000000,63067.01000000,63067.02000000,11.30404000
1786888200000,2026-08-16T13:50:00.000Z,63067.02000000,63067.02000000,63067.01000000,63067.01000000,9.46080000
1786888500000,2026-08-16T13:55:00.000Z,63067.01000000,63067.02000000,63060.00000000,63060.01000000,24.30633000
1786888800000,2026-08-16T14:00:00.000Z,63060.01000000,63060.01000000,63060.00000000,63060.01000000,5.40597000
1786889100000,2026-08-16T14:05:00.000Z,63060.01000000,63063.05000000,63060.01000000,63063.04000000,13.72393000
1786889400000,2026-08-16T14:10:00.000Z,63063.05000000,63063.05000000,63063.04000000,63063.04000000,13.39328000
1786889700000,2026-08-16T14:15:00.000Z,63063.05000000,63063.05000000,63063.04000000,63063.05000000,10.47851000
1786890000000,2026-08-16T14:20:00.000Z,63063.05000000,63100.90000000,63063.04000000,63100.90000000,35.75075000
1786890300000,2026-08-16T14:25:00.000Z,63100.89000000,63100.90000000,63080.00000000,63080.01000000,20.16565000
1786890600000,2026-08-16T14:30:00.000Z,63080.01000000,63094.58000000,63075.18000000,63094.58000000,20.87629000
1786890900000,2026-08-16T14:35:00.000Z,63094.58000000,63100.00000000,63094.57000000,63097.76000000,12.73385000
1786891200000,2026-08-16T14:40:00.000Z,63097.77000000,63100.90000000,63097.76000000,63100.89000000,8.81744000
1786891500000,2026-08-16T14:45:00.000Z,63100.89000000,63100.90000000,63100.89000000,63100.90000000,3.70094000
1786891800000,2026-08-16T14:50:00.000Z,63100.90000000,63100.90000000,63100.89000000,63100.90000000,6.75101000
1786892100000,2026-08-16T14:55:00.000Z,63100.89000000,63102.86000000,63100.89000000,63102.85000000,7.43711000
1786892400000,2026-08-16T15:00:00.000Z,63102.86000000,63114.00000000,63102.86000000,63113.99000000,9.01855000
1786892700000,2026-08-16T15:05:00.000Z,63114.00000000,63114.01000000,63113.99000000,63114.01000000,4.63206000
1786893000000,2026-08-16T15:10:00.000Z,63114.00000000,63120.00000000,63110.25000000,63110.25000000,30.39654000
1786893300000,2026-08-16T15:15:00.000Z,63110.26000000,63110.26000000,63110.25000000,63110.26000000,7.18340000
1786893600000,2026-08-16T15:20:00.000Z,63110.26000000,63110.26000000,63110.25000000,63110.26000000,3.95643000
1786893900000,2026-08-16T15:25:00.000Z,63110.26000000,63110.26000000,63110.25000000,63110.26000000,5.22363000
1786894200000,2026-08-16T15:30:00.000Z,63110.26000000,63130.00000000,63110.25000000,63130.00000000,18.43965000
1786894500000,2026-08-16T15:35:00.000Z,63130.00000000,63140.00000000,63129.99000000,63139.99000000,15.26717000
1786894800000,2026-08-16T15:40:00.000Z,63139.99000000,63140.00000000,63114.01000000,63114.02000000,26.92543000
1786895100000,2026-08-16T15:45:00.000Z,63114.01000000,63133.51000000,63114.01000000,63133.51000000,17.19764000
1786895400000,2026-08-16T15:50:00.000Z,63133.51000000,63133.51000000,63132.53000000,63132.53000000,14.26283000
1786895700000,2026-08-16T15:55:00.000Z,63132.54000000,63146.40000000,63129.99000000,63146.39000000,20.89007000
1786896000000,2026-08-16T16:00:00.000Z,63146.39000000,63147.72000000,63138.58000000,63138.59000000,15.38679000
1786896300000,2026-08-16T16:05:00.000Z,63138.59000000,63160.00000000,63137.35000000,63159.99000000,27.15829000
1786896600000,2026-08-16T16:10:00.000Z,63159.99000000,63212.00000000,63159.99000000,63207.99000000,53.85753000
1786896900000,2026-08-16T16:15:00.000Z,63207.99000000,63340.00000000,63206.96000000,63324.97000000,72.27518000
1786897200000,2026-08-16T16:20:00.000Z,63324.97000000,63324.97000000,63277.19000000,63317.91000000,35.58608000
1786897500000,2026-08-16T16:25:00.000Z,63317.91000000,63352.94000000,63316.88000000,63324.50000000,23.29811000
1786897800000,2026-08-16T16:30:00.000Z,63324.51000000,63390.00000000,63324.50000000,63361.07000000,57.97733000
1786898100000,2026-08-16T16:35:00.000Z,63361.07000000,63374.00000000,63322.00000000,63322.00000000,25.16560000
1786898400000,2026-08-16T16:40:00.000Z,63322.01000000,63322.01000000,63290.00000000,63290.01000000,8.69764000
1786898700000,2026-08-16T16:45:00.000Z,63290.01000000,63290.01000000,63280.00000000,63280.01000000,15.49593000
1786899000000,2026-08-16T16:50:00.000Z,63280.00000000,63286.94000000,63205.32000000,63240.54000000,49.42752000
1786899300000,2026-08-16T16:55:00.000Z,63240.53000000,63266.70000000,63240.53000000,63260.01000000,9.71588000
1786899600000,2026-08-16T17:00:00.000Z,63260.00000000,63276.61000000,63237.00000000,63276.61000000,20.19445000
1786899900000,2026-08-16T17:05:00.000Z,63276.61000000,63276.61000000,63266.18000000,63266.18000000,10.38709000
1786900200000,2026-08-16T17:10:00.000Z,63266.19000000,63266.19000000,63209.40000000,63219.99000000,28.10549000
1786900500000,2026-08-16T17:15:00.000Z,63220.00000000,63231.73000000,63215.02000000,63215.03000000,8.85127000
1786900800000,2026-08-16T17:20:00.000Z,63215.02000000,63220.00000000,63210.00000000,63217.09000000,13.78044000
1786901100000,2026-08-16T17:25:00.000Z,63217.09000000,63217.10000000,63185.00000000,63190.00000000,17.86950000
1786901400000,2026-08-16T17:30:00.000Z,63190.00000000,63190.00000000,63146.05000000,63146.05000000,18.34625000
1786901700000,2026-08-16T17:35:00.000Z,63146.05000000,63190.00000000,63146.05000000,63189.99000000,14.92375000
1786902000000,2026-08-16T17:40:00.000Z,63189.99000000,63190.00000000,63126.00000000,63126.00000000,28.90021000
1786902300000,2026-08-16T17:45:00.000Z,63126.00000000,63150.00000000,63120.22000000,63150.00000000,16.67871000
1786902600000,2026-08-16T17:50:00.000Z,63149.99000000,63164.00000000,63149.99000000,63164.00000000,9.05267000
1786902900000,2026-08-16T17:55:00.000Z,63164.00000000,63164.00000000,63159.30000000,63159.30000000,3.72984000
1786903200000,2026-08-16T18:00:00.000Z,63159.31000000,63166.39000000,63150.00000000,63166.39000000,12.90211000
1786903500000,2026-08-16T18:05:00.000Z,63166.39000000,63166.39000000,63140.53000000,63160.00000000,17.20531000
1786903800000,2026-08-16T18:10:00.000Z,63160.00000000,63160.01000000,63120.00000000,63140.00000000,18.46031000
1786904100000,2026-08-16T18:15:00.000Z,63139.99000000,63164.00000000,63139.99000000,63164.00000000,8.13901000
1786904400000,2026-08-16T18:20:00.000Z,63164.00000000,63173.71000000,63163.99000000,63171.67000000,4.53869000
1786904700000,2026-08-16T18:25:00.000Z,63171.68000000,63171.68000000,63146.05000000,63157.44000000,11.00864000
1786905000000,2026-08-16T18:30:00.000Z,63157.45000000,63157.45000000,63157.44000000,63157.45000000,1.47960000
1786905300000,2026-08-16T18:35:00.000Z,63157.45000000,63157.45000000,63150.00000000,63150.01000000,3.46632000
1786905600000,2026-08-16T18:40:00.000Z,63150.01000000,63150.01000000,63145.14000000,63145.14000000,6.72539000
1786905900000,2026-08-16T18:45:00.000Z,63145.15000000,63145.15000000,63145.14000000,63145.14000000,1.41665000
1786906200000,2026-08-16T18:50:00.000Z,63145.15000000,63145.15000000,63141.16000000,63141.17000000,1.96686000
1786906500000,2026-08-16T18:55:00.000Z,63141.16000000,63141.17000000,63140.05000000,63140.06000000,2.61282000
1786906800000,2026-08-16T19:00:00.000Z,63140.05000000,63148.10000000,63140.05000000,63148.10000000,13.69313000
1786907100000,2026-08-16T19:05:00.000Z,63148.10000000,63166.50000000,63148.09000000,63166.49000000,23.36955000
1786907400000,2026-08-16T19:10:00.000Z,63166.50000000,63190.00000000,63166.49000000,63182.01000000,17.58955000
1786907700000,2026-08-16T19:15:00.000Z,63182.01000000,63190.00000000,63182.00000000,63190.00000000,16.56490000
1786908000000,2026-08-16T19:20:00.000Z,63190.00000000,63210.00000000,63182.57000000,63188.00000000,10.87175000
1786908300000,2026-08-16T19:25:00.000Z,63188.00000000,63220.00000000,63187.99000000,63219.99000000,9.24515000
1786908600000,2026-08-16T19:30:00.000Z,63219.99000000,63220.00000000,63200.00000000,63206.57000000,12.29496000
1786908900000,2026-08-16T19:35:00.000Z,63206.57000000,63216.00000000,63206.57000000,63215.99000000,4.04386000
1786909200000,2026-08-16T19:40:00.000Z,63216.00000000,63230.00000000,63155.86000000,63157.91000000,29.56808000
1786909500000,2026-08-16T19:45:00.000Z,63157.91000000,63170.15000000,63135.89000000,63135.89000000,14.31796000
1786909800000,2026-08-16T19:50:00.000Z,63135.88000000,63157.50000000,63100.89000000,63111.34000000,29.15419000
1786910100000,2026-08-16T19:55:00.000Z,63111.34000000,63120.00000000,63100.89000000,63108.81000000,5.57862000
1786910400000,2026-08-16T20:00:00.000Z,63108.80000000,63110.83000000,63108.80000000,63110.83000000,1.31442000
1786910700000,2026-08-16T20:05:00.000Z,63110.83000000,63140.00000000,63110.82000000,63126.94000000,12.10000000
1786911000000,2026-08-16T20:10:00.000Z,63126.95000000,63140.00000000,63126.94000000,63135.97000000,8.40756000
1786911300000,2026-08-16T20:15:00.000Z,63135.96000000,63135.96000000,63127.44000000,63127.44000000,3.24159000
1786911600000,2026-08-16T20:20:00.000Z,63127.44000000,63127.45000000,63120.74000000,63120.74000000,2.41841000
1786911900000,2026-08-16T20:25:00.000Z,63120.74000000,63120.74000000,63094.58000000,63094.58000000,8.04413000
1786912200000,2026-08-16T20:30:00.000Z,63094.58000000,63107.53000000,63090.00000000,63107.53000000,19.92347000
1786912500000,2026-08-16T20:35:00.000Z,63107.53000000,63110.00000000,63098.08000000,63098.08000000,3.22051000
1786912800000,2026-08-16T20:40:00.000Z,63098.08000000,63098.09000000,63046.00000000,63071.58000000,26.01005000
1786913100000,2026-08-16T20:45:00.000Z,63071.57000000,63071.57000000,63044.00000000,63044.01000000,5.40826000
1786913400000,2026-08-16T20:50:00.000Z,63044.01000000,63070.00000000,63027.60000000,63070.00000000,29.10183000
1786913700000,2026-08-16T20:55:00.000Z,63069.99000000,63072.20000000,63064.24000000,63067.79000000,3.79359000
1786914000000,2026-08-16T21:00:00.000Z,63067.79000000,63067.80000000,63057.26000000,63063.36000000,4.31125000
1786914300000,2026-08-16T21:05:00.000Z,63063.35000000,63063.35000000,63030.00000000,63052.18000000,11.38636000
1786914600000,2026-08-16T21:10:00.000Z,63052.18000000,63062.00000000,63038.02000000,63057.99000000,16.83096000
1786914900000,2026-08-16T21:15:00.000Z,63058.00000000,63085.15000000,63054.68000000,63068.51000000,8.87740000
1786915200000,2026-08-16T21:20:00.000Z,63068.50000000,63068.51000000,63046.00000000,63046.00000000,4.83162000
1786915500000,2026-08-16T21:25:00.000Z,63046.01000000,63048.00000000,63031.41000000,63032.00000000,12.74159000
1786915800000,2026-08-16T21:30:00.000Z,63032.00000000,63034.42000000,63024.22000000,63034.42000000,13.04342000
1786916100000,2026-08-16T21:35:00.000Z,63034.42000000,63041.00000000,62998.93000000,62998.93000000,19.35353000
1786916400000,2026-08-16T21:40:00.000Z,62998.93000000,62998.94000000,62754.00000000,62939.59000000,171.53946000
1786916700000,2026-08-16T21:45:00.000Z,62939.59000000,62970.00000000,62886.00000000,62969.99000000,24.25764000
1786917000000,2026-08-16T21:50:00.000Z,62970.00000000,62978.00000000,62930.00000000,62930.00000000,22.97206000
1786917300000,2026-08-16T21:55:00.000Z,62930.01000000,62966.00000000,62928.10000000,62929.61000000,18.45454000
1786917600000,2026-08-16T22:00:00.000Z,62929.61000000,62929.61000000,62790.05000000,62866.00000000,91.18668000
1786917900000,2026-08-16T22:05:00.000Z,62865.99000000,62916.00000000,62865.07000000,62914.99000000,31.87387000
1786918200000,2026-08-16T22:10:00.000Z,62915.00000000,62931.68000000,62900.13000000,62922.44000000,23.95513000
1786918500000,2026-08-16T22:15:00.000Z,62922.45000000,62954.00000000,62902.40000000,62909.99000000,25.31306000
1786918800000,2026-08-16T22:20:00.000Z,62910.00000000,62910.50000000,62865.11000000,62865.11000000,18.43329000
1786919100000,2026-08-16T22:25:00.000Z,62865.11000000,62865.11000000,62834.39000000,62845.22000000,19.38797000
1786919400000,2026-08-16T22:30:00.000Z,62845.22000000,62845.23000000,62778.80000000,62809.55000000,64.79490000
1786919700000,2026-08-16T22:35:00.000Z,62809.54000000,62809.55000000,62716.81000000,62739.06000000,57.51942000
1786920000000,2026-08-16T22:40:00.000Z,62739.06000000,62790.00000000,62716.00000000,62790.00000000,35.15589000
1786920300000,2026-08-16T22:45:00.000Z,62790.00000000,62808.78000000,62742.00000000,62806.01000000,24.78655000
1786920600000,2026-08-16T22:50:00.000Z,62806.00000000,62822.00000000,62798.73000000,62822.00000000,12.91063000
1786920900000,2026-08-16T22:55:00.000Z,62822.00000000,62913.70000000,62821.99000000,62913.70000000,48.57001000
1786921200000,2026-08-16T23:00:00.000Z,62913.70000000,62993.77000000,62910.45000000,62931.37000000,57.92062000
1786921500000,2026-08-16T23:05:00.000Z,62931.37000000,62952.00000000,62931.29000000,62952.00000000,6.48143000
1786921800000,2026-08-16T23:10:00.000Z,62951.99000000,62963.32000000,62842.69000000,62842.70000000,29.02309000
1786922100000,2026-08-16T23:15:00.000Z,62842.69000000,62886.00000000,62842.69000000,62876.61000000,33.86488000
1786922400000,2026-08-16T23:20:00.000Z,62876.62000000,62913.92000000,62871.94000000,62876.25000000,18.75985000
1786922700000,2026-08-16T23:25:00.000Z,62876.24000000,62882.00000000,62830.00000000,62846.00000000,17.55452000
1786923000000,2026-08-16T23:30:00.000Z,62845.99000000,62851.08000000,62840.00000000,62851.07000000,12.83804000
1786923300000,2026-08-16T23:35:00.000Z,62851.08000000,62893.41000000,62851.08000000,62872.92000000,20.10798000
1786923600000,2026-08-16T23:40:00.000Z,62872.92000000,62898.13000000,62865.00000000,62898.12000000,7.89434000
1786923900000,2026-08-16T23:45:00.000Z,62898.13000000,62920.00000000,62880.98000000,62919.99000000,20.71419000
1786924200000,2026-08-16T23:50:00.000Z,62920.00000000,62927.55000000,62890.76000000,62890.77000000,9.82373000
1786924500000,2026-08-16T23:55:00.000Z,62890.76000000,62905.68000000,62888.39000000,62900.00000000,11.67781000
1786924800000,2026-08-17T00:00:00.000Z,62900.00000000,62932.87000000,62899.99000000,62919.47000000,20.23334000
1786925100000,2026-08-17T00:05:00.000Z,62919.46000000,62919.47000000,62882.00000000,62882.00000000,9.26112000
1786925400000,2026-08-17T00:10:00.000Z,62882.00000000,62909.53000000,62865.00000000,62909.53000000,22.50456000
1786925700000,2026-08-17T00:15:00.000Z,62909.53000000,62909.53000000,62835.10000000,62835.11000000,14.20743000
1786926000000,2026-08-17T00:20:00.000Z,62835.11000000,62871.58000000,62767.70000000,62784.99000000,113.22778000
1786926300000,2026-08-17T00:25:00.000Z,62784.98000000,62866.03000000,62760.00000000,62866.02000000,35.76630000
1786926600000,2026-08-17T00:30:00.000Z,62866.02000000,62866.03000000,62778.00000000,62794.25000000,22.81144000
1786926900000,2026-08-17T00:35:00.000Z,62794.25000000,62821.70000000,62751.10000000,62821.70000000,35.33618000
1786927200000,2026-08-17T00:40:00.000Z,62821.69000000,62956.00000000,62788.01000000,62947.84000000,134.07224000
1786927500000,2026-08-17T00:45:00.000Z,62947.84000000,62947.85000000,62871.95000000,62874.01000000,125.95602000
1786927800000,2026-08-17T00:50:00.000Z,62874.00000000,62890.38000000,62846.57000000,62890.38000000,25.65824000
1786928100000,2026-08-17T00:55:00.000Z,62890.38000000,62940.00000000,62890.38000000,62917.54000000,18.20811000
1786928400000,2026-08-17T01:00:00.000Z,62917.54000000,63137.95000000,62896.00000000,63131.61000000,139.90314000
1786928700000,2026-08-17T01:05:00.000Z,63131.61000000,63192.00000000,63085.00000000,63104.49000000,59.59921000
1786929000000,2026-08-17T01:10:00.000Z,63104.48000000,63109.30000000,63052.68000000,63054.68000000,34.34099000
1786929300000,2026-08-17T01:15:00.000Z,63054.68000000,63092.00000000,63028.00000000,63056.49000000,27.62096000
1786929600000,2026-08-17T01:20:00.000Z,63056.49000000,63146.06000000,63056.49000000,63129.35000000,29.39996000
1786929900000,2026-08-17T01:25:00.000Z,63129.36000000,63160.00000000,63118.00000000,63121.72000000,16.42653000
1786930200000,2026-08-17T01:30:00.000Z,63121.72000000,63246.91000000,63121.72000000,63200.00000000,56.57715000
1786930500000,2026-08-17T01:35:00.000Z,63200.00000000,63232.87000000,63165.00000000,63192.00000000,29.17305000
1786930800000,2026-08-17T01:40:00.000Z,63191.99000000,63230.00000000,63182.00000000,63214.00000000,30.18845000
1786931100000,2026-08-17T01:45:00.000Z,63214.00000000,63237.42000000,63161.59000000,63234.37000000,28.89969000
1786931400000,2026-08-17T01:50:00.000Z,63234.36000000,63234.36000000,63132.00000000,63132.58000000,32.04941000
1786931700000,2026-08-17T01:55:00.000Z,63132.58000000,63134.68000000,63116.11000000,63116.12000000,11.34165000
1786932000000,2026-08-17T02:00:00.000Z,63116.12000000,63133.45000000,63050.67000000,63050.67000000,27.84766000
1786932300000,2026-08-17T02:05:00.000Z,63050.67000000,63063.67000000,63037.09000000,63060.49000000,23.72478000
1786932600000,2026-08-17T02:10:00.000Z,63060.48000000,63082.00000000,63060.48000000,63082.00000000,11.61255000
1786932900000,2026-08-17T02:15:00.000Z,63082.00000000,63106.96000000,63049.36000000,63083.26000000,17.06276000
1786933200000,2026-08-17T02:20:00.000Z,63083.27000000,63134.17000000,63083.26000000,63119.75000000,14.43416000
1786933500000,2026-08-17T02:25:00.000Z,63119.75000000,63206.74000000,63119.75000000,63186.01000000,19.89908000
1786933800000,2026-08-17T02:30:00.000Z,63186.00000000,63359.25000000,63136.00000000,63294.00000000,102.45321000
1786934100000,2026-08-17T02:35:00.000Z,63294.00000000,63303.03000000,63248.30000000,63266.72000000,31.24796000
1786934400000,2026-08-17T02:40:00.000Z,63266.73000000,63290.00000000,63252.63000000,63256.69000000,20.45009000
1786934700000,2026-08-17T02:45:00.000Z,63256.70000000,63286.00000000,63253.18000000,63278.04000000,14.39394000
1786935000000,2026-08-17T02:50:00.000Z,63278.04000000,63500.00000000,63278.03000000,63435.25000000,130.62072000
1786935300000,2026-08-17T02:55:00.000Z,63435.25000000,63449.85000000,63401.04000000,63403.34000000,46.05825000
1786935600000,2026-08-17T03:00:00.000Z,63403.33000000,63447.99000000,63378.35000000,63385.02000000,49.61200000
1786935900000,2026-08-17T03:05:00.000Z,63385.01000000,63392.70000000,63376.08000000,63391.01000000,13.70193000
1786936200000,2026-08-17T03:10:00.000Z,63391.02000000,63420.00000000,63366.90000000,63420.00000000,163.75038000
1786936500000,2026-08-17T03:15:00.000Z,63420.00000000,63420.16000000,63359.24000000,63359.25000000,18.42832000
1786936800000,2026-08-17T03:20:00.000Z,63359.25000000,63383.00000000,63350.00000000,63365.72000000,10.16130000
1786937100000,2026-08-17T03:25:00.000Z,63365.72000000,63365.72000000,63345.32000000,63355.51000000,12.08295000
1786937400000,2026-08-17T03:30:00.000Z,63355.51000000,63364.38000000,63347.20000000,63350.00000000,25.84980000
1786937700000,2026-08-17T03:35:00.000Z,63350.00000000,63382.00000000,63349.99000000,63361.02000000,71.77203000
1786938000000,2026-08-17T03:40:00.000Z,63361.03000000,63361.56000000,63339.78000000,63343.00000000,157.14520000
1786938300000,2026-08-17T03:45:00.000Z,63342.99000000,63386.43000000,63342.99000000,63372.25000000,24.54192000
1786938600000,2026-08-17T03:50:00.000Z,63372.25000000,63490.00000000,63372.24000000,63489.99000000,44.25981000
1786938900000,2026-08-17T03:55:00.000Z,63490.00000000,63520.00000000,63429.20000000,63429.21000000,46.35370000
1786939200000,2026-08-17T04:00:00.000Z,63429.21000000,63520.00000000,63429.21000000,63495.02000000,64.30071000
1786939500000,2026-08-17T04:05:00.000Z,63495.02000000,63520.00000000,63486.98000000,63486.99000000,30.39857000
1786939800000,2026-08-17T04:10:00.000Z,63486.98000000,63515.56000000,63486.52000000,63486.53000000,18.99262000
1786940100000,2026-08-17T04:15:00.000Z,63486.53000000,63490.83000000,63472.00000000,63486.94000000,22.61557000
1786940400000,2026-08-17T04:20:00.000Z,63486.94000000,63524.41000000,63486.93000000,63494.01000000,27.54153000
1786940700000,2026-08-17T04:25:00.000Z,63494.00000000,63518.01000000,63491.01000000,63518.01000000,94.04819000
1786941000000,2026-08-17T04:30:00.000Z,63518.00000000,63518.00000000,63473.20000000,63499.42000000,70.85718000
1786941300000,2026-08-17T04:35:00.000Z,63499.41000000,63506.00000000,63486.05000000,63504.00000000,21.25599000
1786941600000,2026-08-17T04:40:00.000Z,63503.99000000,63520.00000000,63479.57000000,63480.00000000,249.07047000
1786941900000,2026-08-17T04:45:00.000Z,63479.99000000,63550.00000000,63479.99000000,63545.19000000,35.61494000
1786942200000,2026-08-17T04:50:00.000Z,63545.19000000,63580.00000000,63524.65000000,63524.65000000,44.56219000
1786942500000,2026-08-17T04:55:00.000Z,63524.65000000,63560.64000000,63524.65000000,63532.44000000,34.93401000
1786942800000,2026-08-17T05:00:00.000Z,63532.43000000,63532.44000000,63518.22000000,63518.22000000,20.27582000
1786943100000,2026-08-17T05:05:00.000Z,63518.23000000,63518.23000000,63449.03000000,63469.23000000,45.35521000
1786943400000,2026-08-17T05:10:00.000Z,63469.23000000,63552.01000000,63450.61000000,63537.01000000,395.82548000
1786943700000,2026-08-17T05:15:00.000Z,63537.00000000,63562.00000000,63527.96000000,63561.99000000,21.49780000
1786944000000,2026-08-17T05:20:00.000Z,63562.00000000,63594.76000000,63557.57000000,63577.05000000,42.57454000
1786944300000,2026-08-17T05:25:00.000Z,63577.05000000,63577.05000000,63474.63000000,63482.65000000,170.43447000
1786944600000,2026-08-17T05:30:00.000Z,63482.66000000,63500.00000000,63482.66000000,63488.06000000,9.87782000
1786944900000,2026-08-17T05:35:00.000Z,63488.06000000,63488.07000000,63450.00000000,63450.00000000,14.03558000
1786945200000,2026-08-17T05:40:00.000Z,63450.00000000,63463.18000000,63446.59000000,63463.18000000,11.62908000
1786945500000,2026-08-17T05:45:00.000Z,63463.17000000,63500.00000000,63460.96000000,63500.00000000,14.16535000
1786945800000,2026-08-17T05:50:00.000Z,63500.00000000,63522.29000000,63499.99000000,63522.28000000,12.26125000
1786946100000,2026-08-17T05:55:00.000Z,63522.29000000,63523.25000000,63512.01000000,63520.18000000,12.77379000
1786946400000,2026-08-17T06:00:00.000Z,63520.18000000,63528.56000000,63477.95000000,63521.71000000,40.72783000
1786946700000,2026-08-17T06:05:00.000Z,63521.72000000,63587.89000000,63521.71000000,63587.89000000,28.10554000
1786947000000,2026-08-17T06:10:00.000Z,63587.89000000,63616.00000000,63567.45000000,63574.03000000,36.72142000
1786947300000,2026-08-17T06:15:00.000Z,63574.03000000,63589.72000000,63574.03000000,63587.15000000,11.08762000
1786947600000,2026-08-17T06:20:00.000Z,63587.14000000,63587.15000000,63560.70000000,63564.28000000,10.03771000
1786947900000,2026-08-17T06:25:00.000Z,63564.29000000,63588.74000000,63564.29000000,63583.01000000,21.46852000
1786948200000,2026-08-17T06:30:00.000Z,63583.00000000,63584.00000000,63566.41000000,63579.49000000,8.80252000
1786948500000,2026-08-17T06:35:00.000Z,63579.48000000,63604.80000000,63579.48000000,63602.83000000,22.90125000
1786948800000,2026-08-17T06:40:00.000Z,63602.83000000,63604.79000000,63598.11000000,63600.14000000,23.07852000
1786949100000,2026-08-17T06:45:00.000Z,63600.14000000,63717.17000000,63600.14000000,63693.23000000,61.24903000
1786949400000,2026-08-17T06:50:00.000Z,63693.23000000,63693.23000000,63625.28000000,63625.28000000,28.08256000
1786949700000,2026-08-17T06:55:00.000Z,63625.29000000,63668.00000000,63622.00000000,63667.99000000,20.42935000
1786950000000,2026-08-17T07:00:00.000Z,63668.00000000,63668.00000000,63569.51000000,63577.02000000,46.19166000
1786950300000,2026-08-17T07:05:00.000Z,63577.01000000,63597.97000000,63577.01000000,63588.01000000,15.67626000
1786950600000,2026-08-17T07:10:00.000Z,63588.00000000,63602.89000000,63566.73000000,63584.65000000,16.18704000
1786950900000,2026-08-17T07:15:00.000Z,63584.66000000,63584.66000000,63534.63000000,63555.52000000,19.88188000
1786951200000,2026-08-17T07:20:00.000Z,63555.52000000,63563.90000000,63555.51000000,63563.80000000,6.54767000
1786951500000,2026-08-17T07:25:00.000Z,63563.81000000,63596.92000000,63546.00000000,63596.91000000,154.14493000
1786951800000,2026-08-17T07:30:00.000Z,63596.91000000,63596.92000000,63562.53000000,63562.54000000,38.76995000
1786952100000,2026-08-17T07:35:00.000Z,63562.53000000,63564.07000000,63545.37000000,63560.02000000,25.93179000
1786952400000,2026-08-17T07:40:00.000Z,63560.01000000,63560.02000000,63538.50000000,63538.50000000,28.69888000
1786952700000,2026-08-17T07:45:00.000Z,63538.50000000,63550.01000000,63530.31000000,63530.32000000,31.75442000
1786953000000,2026-08-17T07:50:00.000Z,63530.31000000,63544.02000000,63527.64000000,63539.56000000,32.39747000
1786953300000,2026-08-17T07:55:00.000Z,63539.55000000,63557.70000000,63500.00000000,63514.45000000,280.23729000
1786953600000,2026-08-17T08:00:00.000Z,63514.45000000,63545.08000000,63490.14000000,63499.99000000,108.64117000
1786953900000,2026-08-17T08:05:00.000Z,63500.00000000,63500.94000000,63454.00000000,63458.07000000,86.41313000
1786954200000,2026-08-17T08:10:00.000Z,63458.07000000,63458.08000000,63422.58000000,63433.77000000,33.65566000
1786954500000,2026-08-17T08:15:00.000Z,63433.77000000,63450.61000000,63420.00000000,63446.68000000,36.13911000
1786954800000,2026-08-17T08:20:00.000Z,63446.67000000,63446.68000000,63412.79000000,63416.73000000,37.57187000
1786955100000,2026-08-17T08:25:00.000Z,63416.74000000,63431.49000000,63405.00000000,63418.22000000,54.74004000
1786955400000,2026-08-17T08:30:00.000Z,63418.23000000,63435.08000000,63414.48000000,63414.49000000,43.52380000
1786955700000,2026-08-17T08:35:00.000Z,63414.49000000,63414.49000000,63399.30000000,63399.30000000,16.12189000
1786956000000,2026-08-17T08:40:00.000Z,63399.31000000,63399.31000000,63377.75000000,63377.75000000,26.64182000
1786956300000,2026-08-17T08:45:00.000Z,63377.75000000,63377.76000000,63370.00000000,63370.00000000,12.26848000
1786956600000,2026-08-17T08:50:00.000Z,63370.01000000,63385.86000000,63350.00000000,63385.50000000,47.93875000
1786956900000,2026-08-17T08:55:00.000Z,63385.49000000,63408.01000000,63367.98000000,63380.84000000,16.70922000
1786957200000,2026-08-17T09:00:00.000Z,63380.83000000,63408.72000000,63380.83000000,63393.99000000,13.77591000
1786957500000,2026-08-17T09:05:00.000Z,63393.99000000,63419.95000000,63393.99000000,63419.95000000,22.27858000
1786957800000,2026-08-17T09:10:00.000Z,63419.94000000,63423.30000000,63415.26000000,63423.29000000,16.93803000
1786958100000,2026-08-17T09:15:00.000Z,63423.29000000,63428.00000000,63381.40000000,63381.41000000,16.68466000
1786958400000,2026-08-17T09:20:00.000Z,63381.40000000,63381.68000000,63334.37000000,63350.00000000,33.52490000
1786958700000,2026-08-17T09:25:00.000Z,63349.99000000,63381.58000000,63349.99000000,63381.58000000,22.55794000
1786959000000,2026-08-17T09:30:00.000Z,63381.57000000,63381.58000000,63336.00000000,63342.38000000,47.32942000
1786959300000,2026-08-17T09:35:00.000Z,63342.39000000,63342.39000000,63320.00000000,63328.79000000,36.08741000
1786959600000,2026-08-17T09:40:00.000Z,63328.78000000,63328.79000000,63310.00000000,63310.11000000,24.98585000
1786959900000,2026-08-17T09:45:00.000Z,63310.11000000,63313.05000000,63295.00000000,63301.30000000,28.57657000
1786960200000,2026-08-17T09:50:00.000Z,63301.31000000,63323.99000000,63301.30000000,63323.97000000,38.62947000
1786960500000,2026-08-17T09:55:00.000Z,63323.96000000,63323.97000000,63323.96000000,63323.96000000,9.90052000
1786960800000,2026-08-17T10:00:00.000Z,63323.97000000,63338.30000000,63323.96000000,63338.30000000,23.16965000
1786961100000,2026-08-17T10:05:00.000Z,63338.30000000,63338.30000000,63300.25000000,63300.26000000,48.30594000
1786961400000,2026-08-17T10:10:00.000Z,63300.25000000,63336.91000000,63300.25000000,63336.90000000,26.91128000
1786961700000,2026-08-17T10:15:00.000Z,63336.91000000,63348.05000000,63304.00000000,63304.01000000,46.86505000
1786962000000,2026-08-17T10:20:00.000Z,63304.00000000,63335.03000000,63304.00000000,63335.03000000,9.85922000
1786962300000,2026-08-17T10:25:00.000Z,63335.03000000,63448.00000000,63335.02000000,63447.99000000,42.27654000
1786962600000,2026-08-17T10:30:00.000Z,63448.00000000,63500.00000000,63448.00000000,63479.31000000,84.24056000
1786962900000,2026-08-17T10:35:00.000Z,63479.31000000,63566.43000000,63479.30000000,63528.80000000,60.83281000
1786963200000,2026-08-17T10:40:00.000Z,63528.80000000,63646.68000000,63512.01000000,63639.99000000,93.27017000
1786963500000,2026-08-17T10:45:00.000Z,63640.00000000,63660.00000000,63610.00000000,63623.92000000,99.92532000
1786963800000,2026-08-17T10:50:00.000Z,63623.93000000,63639.38000000,63600.06000000,63618.84000000,93.81016000
1786964100000,2026-08-17T10:55:00.000Z,63618.85000000,63694.26000000,63602.88000000,63692.21000000,53.53431000
1786964400000,2026-08-17T11:00:00.000Z,63692.20000000,63705.46000000,63652.43000000,63661.41000000,42.27633000
1786964700000,2026-08-17T11:05:00.000Z,63661.41000000,63670.60000000,63650.00000000,63654.71000000,52.89068000
1786965000000,2026-08-17T11:10:00.000Z,63654.71000000,63668.99000000,63634.97000000,63664.50000000,28.15611000
1786965300000,2026-08-17T11:15:00.000Z,63664.50000000,63692.88000000,63636.87000000,63653.23000000,33.97766000
1786965600000,2026-08-17T11:20:00.000Z,63653.23000000,63694.18000000,63653.22000000,63677.92000000,18.11669000
1786965900000,2026-08-17T11:25:00.000Z,63677.92000000,63677.92000000,63651.66000000,63660.00000000,54.98792000
1786966200000,2026-08-17T11:30:00.000Z,63660.00000000,63693.00000000,63659.99000000,63690.88000000,17.43173000
1786966500000,2026-08-17T11:35:00.000Z,63690.87000000,63692.37000000,63677.95000000,63692.36000000,12.45376000
1786966800000,2026-08-17T11:40:00.000Z,63692.36000000,63693.00000000,63690.00000000,63692.99000000,12.16463000
1786967100000,2026-08-17T11:45:00.000Z,63692.99000000,63781.69000000,63692.99000000,63729.82000000,60.72692000
1786967400000,2026-08-17T11:50:00.000Z,63729.81000000,63729.82000000,63634.35000000,63648.29000000,43.28378000
1786967700000,2026-08-17T11:55:00.000Z,63648.29000000,63648.29000000,63587.05000000,63631.10000000,51.81397000
1786968000000,2026-08-17T12:00:00.000Z,63631.11000000,63661.44000000,63608.45000000,63620.57000000,38.54279000
1786968300000,2026-08-17T12:05:00.000Z,63620.56000000,63631.37000000,63589.59000000,63627.99000000,42.47403000
1786968600000,2026-08-17T12:10:00.000Z,63628.00000000,63680.00000000,63617.79000000,63662.95000000,29.26936000
1786968900000,2026-08-17T12:15:00.000Z,63662.95000000,63663.82000000,63602.48000000,63602.48000000,19.63213000
1786969200000,2026-08-17T12:20:00.000Z,63602.49000000,63633.25000000,63602.48000000,63620.15000000,26.52187000
1786969500000,2026-08-17T12:25:00.000Z,63620.16000000,63620.16000000,63533.06000000,63579.57000000,81.49654000
1786969800000,2026-08-17T12:30:00.000Z,63579.58000000,63644.00000000,63579.57000000,63607.79000000,25.22787000
1786970100000,2026-08-17T12:35:00.000Z,63607.79000000,63618.44000000,63536.54000000,63536.54000000,16.76710000
1786970400000,2026-08-17T12:40:00.000Z,63536.53000000,63580.92000000,63534.00000000,63569.71000000,26.14843000
1786970700000,2026-08-17T12:45:00.000Z,63569.71000000,63628.00000000,63569.70000000,63597.71000000,39.00233000
1786971000000,2026-08-17T12:50:00.000Z,63597.71000000,63597.71000000,63548.07000000,63552.04000000,41.32518000
1786971300000,2026-08-17T12:55:00.000Z,63552.04000000,63584.00000000,63551.67000000,63554.69000000,19.25240000
1786971600000,2026-08-17T13:00:00.000Z,63554.70000000,63554.70000000,63509.82000000,63522.30000000,23.39395000
1786971900000,2026-08-17T13:05:00.000Z,63522.30000000,63554.94000000,63522.15000000,63554.93000000,26.23688000
1786972200000,2026-08-17T13:10:00.000Z,63554.93000000,63578.00000000,63554.93000000,63566.01000000,29.61927000
1786972500000,2026-08-17T13:15:00.000Z,63566.01000000,63566.01000000,63485.42000000,63488.48000000,42.88684000
1786972800000,2026-08-17T13:20:00.000Z,63488.48000000,63488.48000000,63464.00000000,63464.00000000,17.70908000
1786973100000,2026-08-17T13:25:00.000Z,63464.00000000,63521.62000000,63444.17000000,63499.05000000,29.70515000
1786973400000,2026-08-17T13:30:00.000Z,63499.05000000,63750.00000000,63481.06000000,63704.77000000,106.52911000
1786973700000,2026-08-17T13:35:00.000Z,63704.77000000,63762.31000000,63688.00000000,63711.43000000,73.10284000
1786974000000,2026-08-17T13:40:00.000Z,63711.44000000,63799.64000000,63655.83000000,63655.83000000,78.87664000
1786974300000,2026-08-17T13:45:00.000Z,63655.84000000,63713.92000000,63596.00000000,63713.92000000,54.43260000
1786974600000,2026-08-17T13:50:00.000Z,63713.91000000,63730.00000000,63640.00000000,63647.99000000,55.37403000
1786974900000,2026-08-17T13:55:00.000Z,63647.99000000,63682.00000000,63614.00000000,63672.36000000,47.42940000
1786975200000,2026-08-17T14:00:00.000Z,63672.37000000,63700.00000000,63628.00000000,63628.00000000,49.80769000
1786975500000,2026-08-17T14:05:00.000Z,63628.00000000,63641.54000000,63588.00000000,63641.54000000,43.59347000
1786975800000,2026-08-17T14:10:00.000Z,63641.54000000,63730.00000000,63641.54000000,63699.42000000,55.05351000
1786976100000,2026-08-17T14:15:00.000Z,63699.43000000,63740.00000000,63633.34000000,63689.56000000,48.00074000
1786976400000,2026-08-17T14:20:00.000Z,63689.57000000,63695.66000000,63634.03000000,63667.99000000,43.15466000
1786976700000,2026-08-17T14:25:00.000Z,63667.99000000,63672.00000000,63592.00000000,63623.66000000,49.79070000
1786977000000,2026-08-17T14:30:00.000Z,63623.65000000,63704.00000000,63594.00000000,63688.99000000,35.20894000
1786977300000,2026-08-17T14:35:00.000Z,63688.98000000,63688.98000000,63598.94000000,63600.98000000,49.13943000
1786977600000,2026-08-17T14:40:00.000Z,63600.98000000,63633.35000000,63600.98000000,63625.04000000,17.84052000
1786977900000,2026-08-17T14:45:00.000Z,63625.04000000,63748.00000000,63616.00000000,63747.99000000,31.23821000
1786978200000,2026-08-17T14:50:00.000Z,63747.99000000,63840.00000000,63746.86000000,63765.25000000,91.75387000
1786978500000,2026-08-17T14:55:00.000Z,63765.24000000,63904.76000000,63765.24000000,63902.63000000,68.88992000
1786978800000,2026-08-17T15:00:00.000Z,63902.63000000,63924.00000000,63864.00000000,63920.78000000,160.14817000
1786979100000,2026-08-17T15:05:00.000Z,63920.78000000,63990.00000000,63882.85000000,63919.90000000,131.72177000
1786979400000,2026-08-17T15:10:00.000Z,63919.91000000,63970.00000000,63866.00000000,63869.03000000,82.18602000
1786979700000,2026-08-17T15:15:00.000Z,63869.02000000,63911.15000000,63812.35000000,63814.39000000,73.83369000
1786980000000,2026-08-17T15:20:00.000Z,63814.40000000,63865.80000000,63814.39000000,63865.80000000,33.63707000
1786980300000,2026-08-17T15:25:00.000Z,63865.80000000,64115.96000000,63865.80000000,64044.83000000,294.79691000
1786980600000,2026-08-17T15:30:00.000Z,64044.83000000,64080.00000000,63988.00000000,63993.23000000,137.70971000
1786980900000,2026-08-17T15:35:00.000Z,63993.22000000,64103.59000000,63993.22000000,64068.01000000,79.57132000
1786981200000,2026-08-17T15:40:00.000Z,64068.00000000,64120.00000000,64038.40000000,64083.07000000,76.17862000
1786981500000,2026-08-17T15:45:00.000Z,64083.07000000,64171.29000000,64080.45000000,64167.34000000,95.17033000
1786981800000,2026-08-17T15:50:00.000Z,64167.35000000,64227.27000000,64158.00000000,64217.07000000,94.66176000
1786982100000,2026-08-17T15:55:00.000Z,64217.07000000,64217.07000000,64151.58000000,64200.00000000,96.52813000
1786982400000,2026-08-17T16:00:00.000Z,64200.00000000,64216.42000000,64140.00000000,64154.98000000,77.17464000
1786982700000,2026-08-17T16:05:00.000Z,64154.97000000,64171.74000000,64112.00000000,64112.60000000,62.45091000
1786983000000,2026-08-17T16:10:00.000Z,64112.61000000,64115.59000000,64060.87000000,64078.03000000,64.20581000
1786983300000,2026-08-17T16:15:00.000Z,64078.02000000,64116.00000000,64065.19000000,64080.78000000,60.54236000
1786983600000,2026-08-17T16:20:00.000Z,64080.79000000,64145.99000000,64058.00000000,64098.54000000,63.97877000
1786983900000,2026-08-17T16:25:00.000Z,64098.54000000,64128.12000000,64083.50000000,64097.07000000,50.16070000
1786984200000,2026-08-17T16:30:00.000Z,64097.08000000,64128.00000000,64080.00000000,64125.94000000,49.32308000
1786984500000,2026-08-17T16:35:00.000Z,64125.93000000,64171.94000000,64109.60000000,64171.93000000,46.32388000
1786984800000,2026-08-17T16:40:00.000Z,64171.93000000,64174.00000000,64084.00000000,64084.00000000,98.66729000
1786985100000,2026-08-17T16:45:00.000Z,64084.01000000,64133.22000000,64076.10000000,64133.22000000,20.14562000
1786985400000,2026-08-17T16:50:00.000Z,64133.22000000,64138.62000000,64082.01000000,64082.71000000,54.94694000
1786985700000,2026-08-17T16:55:00.000Z,64082.70000000,64120.00000000,64077.52000000,64115.76000000,23.92426000
1786986000000,2026-08-17T17:00:00.000Z,64115.76000000,64116.00000000,64088.99000000,64088.99000000,17.82552000
1786986300000,2026-08-17T17:05:00.000Z,64088.99000000,64088.99000000,64073.02000000,64073.02000000,30.77191000
1786986600000,2026-08-17T17:10:00.000Z,64073.02000000,64073.03000000,63984.00000000,63984.00000000,56.80564000
1786986900000,2026-08-17T17:15:00.000Z,63984.00000000,64294.11000000,63979.30000000,64260.25000000,217.69423000
1786987200000,2026-08-17T17:20:00.000Z,64260.25000000,64425.00000000,64258.10000000,64318.41000000,205.54963000
1786987500000,2026-08-17T17:25:00.000Z,64318.41000000,64318.41000000,64201.03000000,64207.27000000,121.80665000
1786987800000,2026-08-17T17:30:00.000Z,64207.28000000,64224.00000000,64138.24000000,64138.24000000,139.13325000
1786988100000,2026-08-17T17:35:00.000Z,64138.25000000,64258.01000000,64066.00000000,64225.35000000,196.40497000
1786988400000,2026-08-17T17:40:00.000Z,64225.35000000,64284.82000000,64206.13000000,64224.53000000,88.67345000
1786988700000,2026-08-17T17:45:00.000Z,64224.54000000,64328.41000000,64224.53000000,64303.52000000,144.64752000
1786989000000,2026-08-17T17:50:00.000Z,64303.85000000,64340.00000000,64286.05000000,64315.51000000,152.48947000
1786989300000,2026-08-17T17:55:00.000Z,64315.52000000,64343.61000000,64305.85000000,64325.99000000,47.18086000
1786989600000,2026-08-17T18:00:00.000Z,64325.99000000,64358.00000000,64280.49000000,64341.52000000,95.94374000
1786989900000,2026-08-17T18:05:00.000Z,64341.52000000,64348.67000000,64310.27000000,64320.15000000,44.14717000
1786990200000,2026-08-17T18:10:00.000Z,64320.14000000,64383.68000000,64306.17000000,64376.55000000,84.11261000
1786990500000,2026-08-17T18:15:00.000Z,64376.54000000,64464.00000000,64372.37000000,64400.30000000,114.60637000
1786990800000,2026-08-17T18:20:00.000Z,64400.30000000,64610.01000000,64400.30000000,64543.24000000,278.98546000
1786991100000,2026-08-17T18:25:00.000Z,64543.24000000,64569.88000000,64476.00000000,64487.44000000,99.38050000
1786991400000,2026-08-17T18:30:00.000Z,64487.64000000,64513.85000000,64398.00000000,64413.79000000,59.08315000
1786991700000,2026-08-17T18:35:00.000Z,64413.79000000,64495.00000000,64404.75000000,64451.61000000,53.80687000
1786992000000,2026-08-17T18:40:00.000Z,64451.61000000,64475.99000000,64428.25000000,64461.56000000,34.36964000
1786992300000,2026-08-17T18:45:00.000Z,64461.55000000,64461.55000000,64419.54000000,64454.98000000,30.56761000
1786992600000,2026-08-17T18:50:00.000Z,64454.97000000,64490.00000000,64434.88000000,64444.00000000,76.98942000
1786992900000,2026-08-17T18:55:00.000Z,64444.00000000,64465.37000000,64413.03000000,64428.87000000,68.46021000
1786993200000,2026-08-17T19:00:00.000Z,64428.88000000,64428.88000000,64320.00000000,64341.76000000,73.90957000
1786993500000,2026-08-17T19:05:00.000Z,64341.76000000,64416.62000000,64339.58000000,64397.89000000,40.52164000
1786993800000,2026-08-17T19:10:00.000Z,64397.89000000,64397.89000000,64332.00000000,64332.01000000,39.79251000
1786994100000,2026-08-17T19:15:00.000Z,64332.01000000,64386.00000000,64331.28000000,64336.71000000,61.93440000
1786994400000,2026-08-17T19:20:00.000Z,64336.70000000,64376.00000000,64334.00000000,64366.16000000,42.14553000
1786994700000,2026-08-17T19:25:00.000Z,64366.17000000,64417.66000000,64350.00000000,64404.00000000,20.57682000
1786995000000,2026-08-17T19:30:00.000Z,64404.01000000,64404.01000000,64350.93000000,64350.94000000,22.45246000
1786995300000,2026-08-17T19:35:00.000Z,64350.93000000,64409.84000000,64340.67000000,64399.33000000,26.46087000
1786995600000,2026-08-17T19:40:00.000Z,64399.33000000,64414.78000000,64349.41000000,64368.80000000,41.21763000
1786995900000,2026-08-17T19:45:00.000Z,64368.80000000,64373.99000000,64352.71000000,64358.00000000,23.12344000
1786996200000,2026-08-17T19:50:00.000Z,64358.00000000,64358.00000000,64306.32000000,64312.85000000,18.39166000
1786996500000,2026-08-17T19:55:00.000Z,64312.85000000,64321.88000000,64288.35000000,64309.96000000,42.16221000
1786996800000,2026-08-17T20:00:00.000Z,64309.95000000,64309.96000000,64268.02000000,64298.56000000,24.62952000
1786997100000,2026-08-17T20:05:00.000Z,64298.57000000,64298.57000000,64266.00000000,64292.12000000,30.70768000
1786997400000,2026-08-17T20:10:00.000Z,64292.13000000,64309.20000000,64292.12000000,64309.19000000,10.15135000
1786997700000,2026-08-17T20:15:00.000Z,64309.19000000,64312.90000000,64293.54000000,64304.40000000,16.58656000
1786998000000,2026-08-17T20:20:00.000Z,64304.40000000,64359.99000000,64304.39000000,64359.99000000,15.80804000
1786998300000,2026-08-17T20:25:00.000Z,64360.00000000,64434.00000000,64358.14000000,64416.09000000,51.97202000
1786998600000,2026-08-17T20:30:00.000Z,64416.10000000,64416.10000000,64354.00000000,64368.79000000,16.01678000
1786998900000,2026-08-17T20:35:00.000Z,64368.80000000,64383.98000000,64362.00000000,64370.01000000,12.91859000
1786999200000,2026-08-17T20:40:00.000Z,64370.00000000,64403.10000000,64370.00000000,64393.27000000,11.11796000
1786999500000,2026-08-17T20:45:00.000Z,64393.27000000,64395.62000000,64348.65000000,64348.66000000,14.12445000
1786999800000,2026-08-17T20:50:00.000Z,64348.66000000,64388.00000000,64332.00000000,64387.99000000,12.30770000
1787000100000,2026-08-17T20:55:00.000Z,64387.99000000,64409.15000000,64387.92000000,64392.73000000,27.79736000
1787000400000,2026-08-17T21:00:00.000Z,64392.72000000,64409.93000000,64378.60000000,64406.90000000,32.03894000
1787000700000,2026-08-17T21:05:00.000Z,64406.91000000,64431.99000000,64406.09000000,64431.99000000,18.20450000
1787001000000,2026-08-17T21:10:00.000Z,64432.00000000,64434.76000000,64364.73000000,64373.11000000,22.68024000
1787001300000,2026-08-17T21:15:00.000Z,64373.11000000,64409.41000000,64370.00000000,64372.07000000,16.69333000
1787001600000,2026-08-17T21:20:00.000Z,64372.07000000,64373.93000000,64340.00000000,64340.00000000,8.43691000
1787001900000,2026-08-17T21:25:00.000Z,64340.01000000,64340.01000000,64328.24000000,64329.18000000,7.56342000
1787002200000,2026-08-17T21:30:00.000Z,64329.18000000,64345.16000000,64329.18000000,64342.19000000,22.03840000
1787002500000,2026-08-17T21:35:00.000Z,64342.19000000,64342.20000000,64296.00000000,64334.59000000,30.12160000
1787002800000,2026-08-17T21:40:00.000Z,64334.58000000,64377.92000000,64321.18000000,64338.00000000,23.36135000
1787003100000,2026-08-17T21:45:00.000Z,64338.01000000,64388.00000000,64338.00000000,64366.39000000,16.18822000
1787003400000,2026-08-17T21:50:00.000Z,64366.39000000,64390.47000000,64364.00000000,64364.01000000,12.88752000
1787003700000,2026-08-17T21:55:00.000Z,64364.01000000,64392.00000000,64364.00000000,64382.02000000,7.93205000
1787004000000,2026-08-17T22:00:00.000Z,64382.02000000,64416.00000000,64364.00000000,64370.13000000,41.05210000
1787004300000,2026-08-17T22:05:00.000Z,64370.12000000,64370.13000000,64324.48000000,64324.48000000,27.37210000
1787004600000,2026-08-17T22:10:00.000Z,64324.48000000,64335.60000000,64310.00000000,64310.00000000,9.87425000
1787004900000,2026-08-17T22:15:00.000Z,64310.00000000,64310.01000000,64292.00000000,64292.01000000,11.15619000
1787005200000,2026-08-17T22:20:00.000Z,64292.01000000,64340.00000000,64288.91000000,64327.01000000,24.73654000
1787005500000,2026-08-17T22:25:00.000Z,64327.01000000,64327.02000000,64295.44000000,64295.45000000,104.71632000
1787005800000,2026-08-17T22:30:00.000Z,64295.44000000,64296.60000000,64283.49000000,64283.49000000,30.29956000
1787006100000,2026-08-17T22:35:00.000Z,64283.49000000,64340.00000000,64283.49000000,64324.30000000,30.80147000
1787006400000,2026-08-17T22:40:00.000Z,64324.30000000,64324.31000000,64310.09000000,64310.10000000,5.91719000
1787006700000,2026-08-17T22:45:00.000Z,64310.10000000,64310.10000000,64302.88000000,64302.88000000,7.28590000
1787007000000,2026-08-17T22:50:00.000Z,64302.89000000,64319.86000000,64292.15000000,64292.16000000,21.08167000
1787007300000,2026-08-17T22:55:00.000Z,64292.16000000,64292.16000000,64290.35000000,64291.25000000,7.32904000
1787007600000,2026-08-17T23:00:00.000Z,64291.26000000,64299.87000000,64288.24000000,64299.87000000,9.21037000
1787007900000,2026-08-17T23:05:00.000Z,64299.86000000,64354.00000000,64299.86000000,64354.00000000,14.41139000
1787008200000,2026-08-17T23:10:00.000Z,64353.99000000,64372.00000000,64347.25000000,64365.22000000,19.01090000
1787008500000,2026-08-17T23:15:00.000Z,64365.23000000,64398.08000000,64365.22000000,64398.07000000,9.48695000
1787008800000,2026-08-17T23:20:00.000Z,64398.07000000,64416.38000000,64385.86000000,64416.38000000,52.77819000
1787009100000,2026-08-17T23:25:00.000Z,64416.38000000,64486.80000000,64416.38000000,64486.79000000,26.56782000
1787009400000,2026-08-17T23:30:00.000Z,64486.80000000,64563.10000000,64460.95000000,64557.86000000,66.26650000
1787009700000,2026-08-17T23:35:00.000Z,64557.85000000,64557.86000000,64501.82000000,64508.82000000,28.60437000
1787010000000,2026-08-17T23:40:00.000Z,64508.82000000,64508.83000000,64475.00000000,64481.82000000,16.73972000
1787010300000,2026-08-17T23:45:00.000Z,64481.83000000,64516.27000000,64476.42000000,64516.26000000,24.98748000
1787010600000,2026-08-17T23:50:00.000Z,64516.27000000,64527.59000000,64493.25000000,64527.59000000,15.08788000
1787010900000,2026-08-17T23:55:00.000Z,64527.58000000,64578.00000000,64488.64000000,64532.10000000,66.89680000
1787011200000,2026-08-18T00:00:00.000Z,64532.11000000,64568.46000000,64482.33000000,64482.34000000,57.15311000
1787011500000,2026-08-18T00:05:00.000Z,64482.33000000,64485.88000000,64420.00000000,64424.14000000,46.51786000
1787011800000,2026-08-18T00:10:00.000Z,64424.14000000,64440.01000000,64420.47000000,64440.01000000,14.27170000
1787012100000,2026-08-18T00:15:00.000Z,64440.00000000,64492.00000000,64440.00000000,64464.56000000,20.39720000
1787012400000,2026-08-18T00:20:00.000Z,64464.56000000,64501.83000000,64452.27000000,64482.17000000,25.39205000
1787012700000,2026-08-18T00:25:00.000Z,64482.17000000,64482.17000000,64452.80000000,64457.49000000,18.37201000
1787013000000,2026-08-18T00:30:00.000Z,64457.49000000,64457.50000000,64434.87000000,64437.43000000,15.11288000
1787013300000,2026-08-18T00:35:00.000Z,64437.43000000,64453.98000000,64424.00000000,64426.69000000,23.09183000
1787013600000,2026-08-18T00:40:00.000Z,64426.68000000,64426.69000000,64388.00000000,64397.06000000,26.32697000
1787013900000,2026-08-18T00:45:00.000Z,64397.06000000,64397.06000000,64372.00000000,64384.15000000,26.51615000
1787014200000,2026-08-18T00:50:00.000Z,64384.14000000,64398.00000000,64368.00000000,64368.00000000,34.63478000
1787014500000,2026-08-18T00:55:00.000Z,64368.00000000,64384.79000000,64367.27000000,64383.71000000,25.11656000
1787014800000,2026-08-18T01:00:00.000Z,64383.72000000,64387.71000000,64340.00000000,64340.01000000,47.33450000
1787015100000,2026-08-18T01:05:00.000Z,64340.00000000,64344.92000000,64296.97000000,64304.55000000,58.48249000
1787015400000,2026-08-18T01:10:00.000Z,64304.55000000,64359.55000000,64297.07000000,64347.78000000,29.40969000
1787015700000,2026-08-18T01:15:00.000Z,64347.79000000,64360.00000000,64305.39000000,64314.01000000,33.82230000
1787016000000,2026-08-18T01:20:00.000Z,64314.01000000,64336.96000000,64314.00000000,64336.96000000,20.61983000
1787016300000,2026-08-18T01:25:00.000Z,64336.96000000,64336.97000000,64318.74000000,64325.92000000,16.91293000
1787016600000,2026-08-18T01:30:00.000Z,64325.92000000,64345.40000000,64325.92000000,64336.01000000,27.07063000
1787016900000,2026-08-18T01:35:00.000Z,64336.00000000,64336.01000000,64319.50000000,64320.98000000,14.83815000
1787017200000,2026-08-18T01:40:00.000Z,64320.97000000,64320.98000000,64243.58000000,64284.00000000,49.76359000
1787017500000,2026-08-18T01:45:00.000Z,64284.01000000,64284.01000000,64224.00000000,64228.60000000,15.04307000
1787017800000,2026-08-18T01:50:00.000Z,64228.60000000,64228.70000000,64156.00000000,64163.11000000,41.76891000
1787018100000,2026-08-18T01:55:00.000Z,64163.10000000,64200.06000000,64163.10000000,64200.06000000,23.41928000
1787018400000,2026-08-18T02:00:00.000Z,64200.06000000,64230.97000000,64191.10000000,64230.97000000,13.25966000
1787018700000,2026-08-18T02:05:00.000Z,64230.96000000,64272.00000000,64230.96000000,64242.10000000,33.79620000
1787019000000,2026-08-18T02:10:00.000Z,64242.10000000,64242.11000000,64192.00000000,64192.01000000,38.20072000
1787019300000,2026-08-18T02:15:00.000Z,64192.00000000,64193.66000000,64162.38000000,64192.84000000,48.15705000
1787019600000,2026-08-18T02:20:00.000Z,64192.84000000,64204.00000000,64192.83000000,64195.48000000,24.05011000
1787019900000,2026-08-18T02:25:00.000Z,64195.48000000,64195.49000000,64157.68000000,64157.69000000,37.96540000
1787020200000,2026-08-18T02:30:00.000Z,64157.68000000,64157.69000000,64137.73000000,64152.83000000,37.77778000
1787020500000,2026-08-18T02:35:00.000Z,64152.82000000,64203.89000000,64144.13000000,64202.86000000,26.41264000
1787020800000,2026-08-18T02:40:00.000Z,64202.85000000,64204.82000000,64128.00000000,64128.57000000,30.39927000
1787021100000,2026-08-18T02:45:00.000Z,64128.57000000,64135.20000000,64048.00000000,64125.99000000,72.68701000
1787021400000,2026-08-18T02:50:00.000Z,64126.00000000,64136.00000000,64111.19000000,64122.46000000,26.53424000
1787021700000,2026-08-18T02:55:00.000Z,64122.45000000,64122.45000000,64067.36000000,64103.22000000,53.10856000
1787022000000,2026-08-18T03:00:00.000Z,64103.22000000,64132.47000000,64094.70000000,64123.23000000,30.08081000
1787022300000,2026-08-18T03:05:00.000Z,64123.23000000,64123.23000000,64108.13000000,64108.14000000,17.24287000
1787022600000,2026-08-18T03:10:00.000Z,64108.14000000,64108.14000000,64088.67000000,64088.67000000,19.19113000
1787022900000,2026-08-18T03:15:00.000Z,64088.68000000,64144.00000000,64088.68000000,64139.20000000,29.51115000
1787023200000,2026-08-18T03:20:00.000Z,64139.21000000,64139.21000000,64107.09000000,64121.82000000,33.64852000
1787023500000,2026-08-18T03:25:00.000Z,64121.82000000,64133.22000000,64108.98000000,64112.00000000,127.38857000
1787023800000,2026-08-18T03:30:00.000Z,64112.00000000,64112.00000000,64047.73000000,64062.00000000,61.77420000
1787024100000,2026-08-18T03:35:00.000Z,64061.99000000,64138.00000000,64050.00000000,64134.22000000,72.15168000
1787024400000,2026-08-18T03:40:00.000Z,64134.21000000,64180.00000000,64134.21000000,64179.99000000,71.00120000
1787024700000,2026-08-18T03:45:00.000Z,64179.99000000,64180.00000000,64146.00000000,64146.01000000,13.86262000
1787025000000,2026-08-18T03:50:00.000Z,64146.00000000,64170.00000000,64146.00000000,64170.00000000,17.37391000
1787025300000,2026-08-18T03:55:00.000Z,64169.99000000,64195.45000000,64160.18000000,64185.01000000,84.26747000
1787025600000,2026-08-18T04:00:00.000Z,64185.00000000,64185.01000000,64090.00000000,64111.69000000,118.37720000
1787025900000,2026-08-18T04:05:00.000Z,64111.69000000,64135.66000000,64111.36000000,64116.14000000,19.80405000
1787026200000,2026-08-18T04:10:00.000Z,64116.14000000,64183.01000000,64116.13000000,64148.00000000,272.59296000
1787026500000,2026-08-18T04:15:00.000Z,64148.00000000,64153.08000000,64142.29000000,64142.30000000,21.81599000
1787026800000,2026-08-18T04:20:00.000Z,64142.29000000,64142.30000000,64124.20000000,64130.93000000,13.03505000
1787027100000,2026-08-18T04:25:00.000Z,64130.93000000,64155.74000000,64130.93000000,64155.73000000,21.00473000
1787027400000,2026-08-18T04:30:00.000Z,64155.74000000,64227.50000000,64155.73000000,64219.72000000,37.78529000
1787027700000,2026-08-18T04:35:00.000Z,64219.72000000,64250.69000000,64200.11000000,64200.16000000,137.11841000
1787028000000,2026-08-18T04:40:00.000Z,64200.15000000,64234.29000000,64200.15000000,64216.90000000,36.46358000
1787028300000,2026-08-18T04:45:00.000Z,64216.90000000,64226.19000000,64188.00000000,64190.27000000,13.76725000
1787028600000,2026-08-18T04:50:00.000Z,64190.27000000,64207.00000000,64190.26000000,64202.08000000,32.22323000
1787028900000,2026-08-18T04:55:00.000Z,64202.07000000,64210.32000000,64200.15000000,64210.32000000,15.26600000
1787029200000,2026-08-18T05:00:00.000Z,64210.33000000,64212.65000000,64181.47000000,64207.31000000,22.15013000
1787029500000,2026-08-18T05:05:00.000Z,64207.31000000,64276.00000000,64207.31000000,64276.00000000,37.51191000
1787029800000,2026-08-18T05:10:00.000Z,64276.00000000,64276.00000000,64189.99000000,64225.01000000,523.86996000
1787030100000,2026-08-18T05:15:00.000Z,64225.01000000,64236.28000000,64212.23000000,64234.26000000,15.71891000
1787030400000,2026-08-18T05:20:00.000Z,64234.27000000,64241.86000000,64211.24000000,64211.24000000,21.14755000
1787030700000,2026-08-18T05:25:00.000Z,64211.23000000,64255.01000000,64199.99000000,64254.46000000,150.55513000
1787031000000,2026-08-18T05:30:00.000Z,64254.46000000,64254.47000000,64203.19000000,64203.19000000,20.72006000
1787031300000,2026-08-18T05:35:00.000Z,64203.19000000,64203.20000000,64140.00000000,64171.40000000,60.46319000
1787031600000,2026-08-18T05:40:00.000Z,64171.41000000,64259.01000000,64171.40000000,64256.12000000,176.01710000
1787031900000,2026-08-18T05:45:00.000Z,64256.13000000,64256.13000000,64211.51000000,64226.30000000,27.32748000
1787032200000,2026-08-18T05:50:00.000Z,64226.31000000,64227.99000000,64200.08000000,64227.99000000,18.59939000
1787032500000,2026-08-18T05:55:00.000Z,64227.98000000,64263.01000000,64208.16000000,64242.76000000,249.82731000
1787032800000,2026-08-18T06:00:00.000Z,64242.76000000,64242.76000000,64192.41000000,64196.61000000,25.20265000
1787033100000,2026-08-18T06:05:00.000Z,64196.62000000,64199.21000000,64170.00000000,64199.21000000,15.38366000
1787033400000,2026-08-18T06:10:00.000Z,64199.21000000,64279.93000000,64199.21000000,64230.00000000,164.29370000
1787033700000,2026-08-18T06:15:00.000Z,64229.99000000,64275.80000000,64229.99000000,64273.87000000,21.40088000
1787034000000,2026-08-18T06:20:00.000Z,64273.88000000,64339.50000000,64273.87000000,64335.00000000,23.08649000
1787034300000,2026-08-18T06:25:00.000Z,64334.99000000,64355.39000000,64324.99000000,64339.11000000,102.28403000
1787034600000,2026-08-18T06:30:00.000Z,64339.11000000,64394.00000000,64339.11000000,64381.05000000,34.17427000
1787034900000,2026-08-18T06:35:00.000Z,64381.04000000,64425.90000000,64373.99000000,64415.28000000,36.83159000
1787035200000,2026-08-18T06:40:00.000Z,64415.28000000,64446.00000000,64398.44000000,64430.66000000,40.83157000
1787035500000,2026-08-18T06:45:00.000Z,64430.67000000,64440.01000000,64320.83000000,64326.97000000,117.42736000
1787035800000,2026-08-18T06:50:00.000Z,64326.98000000,64326.98000000,64296.00000000,64296.00000000,48.74381000
1787036100000,2026-08-18T06:55:00.000Z,64296.00000000,64318.03000000,64272.86000000,64318.03000000,65.10569000
1787036400000,2026-08-18T07:00:00.000Z,64318.03000000,64322.00000000,64282.90000000,64294.91000000,33.18834000
1787036700000,2026-08-18T07:05:00.000Z,64294.92000000,64342.33000000,64294.92000000,64342.32000000,23.72991000
1787037000000,2026-08-18T07:10:00.000Z,64342.32000000,64342.33000000,64321.24000000,64338.82000000,23.44821000
1787037300000,2026-08-18T07:15:00.000Z,64338.82000000,64350.00000000,64332.00000000,64342.03000000,24.34465000
1787037600000,2026-08-18T07:20:00.000Z,64342.04000000,64342.04000000,64304.00000000,64309.63000000,13.46541000
1787037900000,2026-08-18T07:25:00.000Z,64309.64000000,64309.64000000,64280.00000000,64280.00000000,17.13619000
1787038200000,2026-08-18T07:30:00.000Z,64280.00000000,64280.00000000,64236.00000000,64236.00000000,41.88626000
1787038500000,2026-08-18T07:35:00.000Z,64236.01000000,64273.92000000,64236.00000000,64250.99000000,49.12343000
1787038800000,2026-08-18T07:40:00.000Z,64250.98000000,64263.97000000,64241.14000000,64248.46000000,28.49404000
1787039100000,2026-08-18T07:45:00.000Z,64248.46000000,64248.47000000,64190.00000000,64190.00000000,38.67098000
1787039400000,2026-08-18T07:50:00.000Z,64190.00000000,64197.05000000,64164.00000000,64168.25000000,37.45304000
1787039700000,2026-08-18T07:55:00.000Z,64168.25000000,64210.01000000,64168.25000000,64198.97000000,63.11481000
1787040000000,2026-08-18T08:00:00.000Z,64198.97000000,64210.01000000,64153.80000000,64159.63000000,84.59792000
1787040300000,2026-08-18T08:05:00.000Z,64159.63000000,64159.63000000,64087.98000000,64132.31000000,36.89551000
1787040600000,2026-08-18T08:10:00.000Z,64132.31000000,64156.00000000,64114.00000000,64156.00000000,16.31703000
1787040900000,2026-08-18T08:15:00.000Z,64156.00000000,64232.00000000,64155.99000000,64232.00000000,29.85053000
1787041200000,2026-08-18T08:20:00.000Z,64232.00000000,64236.00000000,64213.10000000,64213.10000000,14.32010000
1787041500000,2026-08-18T08:25:00.000Z,64213.11000000,64238.55000000,64206.65000000,64210.86000000,19.85993000
1787041800000,2026-08-18T08:30:00.000Z,64210.87000000,64256.76000000,64206.57000000,64239.81000000,23.92128000
1787042100000,2026-08-18T08:35:00.000Z,64239.81000000,64336.00000000,64239.81000000,64328.00000000,29.35406000
1787042400000,2026-08-18T08:40:00.000Z,64327.99000000,64329.30000000,64284.75000000,64286.81000000,58.48923000
1787042700000,2026-08-18T08:45:00.000Z,64286.82000000,64286.82000000,64244.00000000,64244.01000000,16.63539000
1787043000000,2026-08-18T08:50:00.000Z,64244.01000000,64286.00000000,64244.00000000,64262.33000000,32.67718000
1787043300000,2026-08-18T08:55:00.000Z,64262.33000000,64296.07000000,64262.33000000,64296.02000000,39.48858000
1787043600000,2026-08-18T09:00:00.000Z,64296.01000000,64296.01000000,64233.39000000,64243.81000000,47.24628000
1787043900000,2026-08-18T09:05:00.000Z,64243.82000000,64243.82000000,64234.19000000,64234.20000000,10.37591000
1787044200000,2026-08-18T09:10:00.000Z,64234.19000000,64247.28000000,64234.19000000,64246.25000000,24.79615000
1787044500000,2026-08-18T09:15:00.000Z,64246.25000000,64246.25000000,64190.00000000,64190.00000000,26.03743000
1787044800000,2026-08-18T09:20:00.000Z,64190.01000000,64190.01000000,64164.00000000,64164.00000000,16.42206000
1787045100000,2026-08-18T09:25:00.000Z,64164.00000000,64171.66000000,64150.35000000,64164.01000000,14.77791000
1787045400000,2026-08-18T09:30:00.000Z,64164.01000000,64177.99000000,64150.00000000,64177.98000000,29.56421000
1787045700000,2026-08-18T09:35:00.000Z,64177.99000000,64183.03000000,64158.10000000,64167.06000000,18.84204000
1787046000000,2026-08-18T09:40:00.000Z,64167.06000000,64171.62000000,64140.00000000,64150.00000000,24.14688000
1787046300000,2026-08-18T09:45:00.000Z,64150.00000000,64167.52000000,64149.99000000,64158.83000000,26.00116000
1787046600000,2026-08-18T09:50:00.000Z,64158.83000000,64166.52000000,64140.00000000,64166.51000000,19.54845000
1787046900000,2026-08-18T09:55:00.000Z,64166.51000000,64185.48000000,64166.51000000,64171.95000000,11.74045000
1787047200000,2026-08-18T10:00:00.000Z,64171.95000000,64203.82000000,64136.39000000,64203.82000000,27.73704000
1787047500000,2026-08-18T10:05:00.000Z,64203.81000000,64203.81000000,64154.32000000,64155.36000000,13.04450000
1787047800000,2026-08-18T10:10:00.000Z,64155.36000000,64155.36000000,64151.78000000,64153.32000000,9.24370000
1787048100000,2026-08-18T10:15:00.000Z,64153.32000000,64176.00000000,64153.31000000,64175.51000000,17.82756000
1787048400000,2026-08-18T10:20:00.000Z,64175.52000000,64175.52000000,64123.42000000,64151.19000000,47.26765000
1787048700000,2026-08-18T10:25:00.000Z,64151.20000000,64159.66000000,64143.99000000,64159.66000000,12.01488000
1787049000000,2026-08-18T10:30:00.000Z,64159.65000000,64195.02000000,64159.65000000,64195.02000000,10.95486000
1787049300000,2026-08-18T10:35:00.000Z,64195.02000000,64216.00000000,64195.01000000,64206.91000000,20.48566000
1787049600000,2026-08-18T10:40:00.000Z,64206.91000000,64206.92000000,64188.19000000,64188.19000000,9.97689000
1787049900000,2026-08-18T10:45:00.000Z,64188.19000000,64202.00000000,64185.23000000,64201.99000000,9.86684000
1787050200000,2026-08-18T10:50:00.000Z,64201.99000000,64210.01000000,64195.48000000,64210.00000000,21.19227000
1787050500000,2026-08-18T10:55:00.000Z,64210.01000000,64210.01000000,64202.80000000,64202.80000000,20.14066000
1787050800000,2026-08-18T11:00:00.000Z,64202.81000000,64338.93000000,64192.42000000,64298.09000000,81.82613000
1787051100000,2026-08-18T11:05:00.000Z,64298.08000000,64298.09000000,64270.58000000,64289.99000000,16.32578000
1787051400000,2026-08-18T11:10:00.000Z,64290.00000000,64326.98000000,64289.99000000,64323.56000000,19.06851000
1787051700000,2026-08-18T11:15:00.000Z,64323.56000000,64374.00000000,64323.56000000,64332.01000000,47.74342000
1787052000000,2026-08-18T11:20:00.000Z,64332.00000000,64370.00000000,64331.42000000,64369.07000000,17.37522000
1787052300000,2026-08-18T11:25:00.000Z,64369.07000000,64375.40000000,64367.61000000,64374.03000000,16.43114000
1787052600000,2026-08-18T11:30:00.000Z,64374.03000000,64374.03000000,64344.17000000,64374.02000000,17.28178000
1787052900000,2026-08-18T11:35:00.000Z,64374.02000000,64376.00000000,64373.88000000,64373.88000000,18.48860000
1787053200000,2026-08-18T11:40:00.000Z,64373.88000000,64392.00000000,64372.55000000,64385.20000000,21.51980000
1787053500000,2026-08-18T11:45:00.000Z,64385.20000000,64402.35000000,64356.03000000,64358.10000000,27.91853000
1787053800000,2026-08-18T11:50:00.000Z,64358.09000000,64363.04000000,64340.51000000,64345.66000000,10.26865000
1787054100000,2026-08-18T11:55:00.000Z,64345.67000000,64351.19000000,64345.66000000,64351.19000000,16.27903000
1787054400000,2026-08-18T12:00:00.000Z,64351.18000000,64351.19000000,64307.82000000,64336.22000000,21.99763000
1787054700000,2026-08-18T12:05:00.000Z,64336.22000000,64355.64000000,64300.01000000,64300.01000000,17.10654000
1787055000000,2026-08-18T12:10:00.000Z,64300.00000000,64300.01000000,64284.52000000,64296.62000000,13.75149000
1787055300000,2026-08-18T12:15:00.000Z,64296.62000000,64296.63000000,64284.92000000,64296.01000000,15.35534000
1787055600000,2026-08-18T12:20:00.000Z,64296.01000000,64330.06000000,64296.00000000,64298.00000000,17.02586000
1787055900000,2026-08-18T12:25:00.000Z,64298.01000000,64298.01000000,64298.00000000,64298.01000000,5.16087000
1787056200000,2026-08-18T12:30:00.000Z,64298.01000000,64305.55000000,64262.12000000,64303.82000000,56.68573000
1787056500000,2026-08-18T12:35:00.000Z,64303.82000000,64303.83000000,64256.00000000,64260.14000000,26.29917000
1787056800000,2026-08-18T12:40:00.000Z,64260.15000000,64262.22000000,64254.00000000,64254.01000000,10.52803000
1787057100000,2026-08-18T12:45:00.000Z,64254.00000000,64254.00000000,64240.00000000,64242.06000000,11.59611000
1787057400000,2026-08-18T12:50:00.000Z,64242.07000000,64251.00000000,64242.07000000,64242.19000000,16.98530000
1787057700000,2026-08-18T12:55:00.000Z,64242.19000000,64242.20000000,64218.45000000,64230.02000000,24.45286000
1787058000000,2026-08-18T13:00:00.000Z,64230.02000000,64230.02000000,64166.54000000,64184.35000000,30.28876000
1787058300000,2026-08-18T13:05:00.000Z,64184.35000000,64189.27000000,64174.98000000,64174.98000000,19.34529000
1787058600000,2026-08-18T13:10:00.000Z,64174.97000000,64200.00000000,64164.84000000,64196.01000000,30.00523000
1787058900000,2026-08-18T13:15:00.000Z,64196.02000000,64196.02000000,64134.21000000,64134.22000000,31.19060000
1787059200000,2026-08-18T13:20:00.000Z,64134.21000000,64134.22000000,64081.00000000,64103.59000000,71.29318000
1787059500000,2026-08-18T13:25:00.000Z,64103.58000000,64109.97000000,64061.96000000,64073.72000000,76.03910000
1787059800000,2026-08-18T13:30:00.000Z,64073.72000000,64160.00000000,64048.70000000,64097.99000000,299.68102000
1787060100000,2026-08-18T13:35:00.000Z,64098.00000000,64234.44000000,64027.85000000,64234.44000000,112.11215000
1787060400000,2026-08-18T13:40:00.000Z,64234.45000000,64250.03000000,64175.11000000,64192.82000000,249.03040000
1787060700000,2026-08-18T13:45:00.000Z,64192.81000000,64276.00000000,64168.00000000,64235.63000000,151.08760000
1787061000000,2026-08-18T13:50:00.000Z,64235.63000000,64284.00000000,64140.25000000,64140.25000000,68.94059000
1787061300000,2026-08-18T13:55:00.000Z,64140.25000000,64224.00000000,64124.39000000,64219.99000000,40.77333000
1787061600000,2026-08-18T14:00:00.000Z,64219.99000000,64372.00000000,64219.99000000,64371.99000000,64.59571000
1787061900000,2026-08-18T14:05:00.000Z,64371.99000000,64379.30000000,64300.00000000,64300.00000000,61.17301000
1787062200000,2026-08-18T14:10:00.000Z,64300.01000000,64305.87000000,64248.00000000,64261.76000000,33.02515000
1787062500000,2026-08-18T14:15:00.000Z,64261.76000000,64483.33000000,64259.62000000,64464.01000000,75.52666000
1787062800000,2026-08-18T14:20:00.000Z,64464.01000000,64742.00000000,64464.00000000,64727.15000000,306.46279000
1787063100000,2026-08-18T14:25:00.000Z,64727.16000000,65052.39000000,64727.15000000,64995.07000000,531.33683000
1787063400000,2026-08-18T14:30:00.000Z,64995.08000000,65058.81000000,64784.06000000,64814.00000000,325.64734000
1787063700000,2026-08-18T14:35:00.000Z,64814.00000000,64849.74000000,64780.00000000,64780.00000000,78.77189000
1787064000000,2026-08-18T14:40:00.000Z,64780.00000000,64827.79000000,64740.00000000,64786.00000000,74.70793000
1787064300000,2026-08-18T14:45:00.000Z,64786.01000000,64806.47000000,64751.08000000,64806.47000000,57.40968000
1787064600000,2026-08-18T14:50:00.000Z,64806.47000000,64846.83000000,64668.92000000,64748.01000000,91.84375000
1787064900000,2026-08-18T14:55:00.000Z,64748.00000000,64764.00000000,64711.94000000,64714.16000000,56.81385000
1787065200000,2026-08-18T15:00:00.000Z,64714.16000000,64790.99000000,64714.15000000,64790.98000000,42.24347000
1787065500000,2026-08-18T15:05:00.000Z,64790.99000000,64808.00000000,64684.00000000,64684.22000000,50.59662000
1787065800000,2026-08-18T15:10:00.000Z,64684.22000000,64757.82000000,64652.00000000,64743.78000000,45.92760000
1787066100000,2026-08-18T15:15:00.000Z,64743.79000000,64804.00000000,64722.00000000,64766.42000000,32.12094000
1787066400000,2026-08-18T15:20:00.000Z,64766.42000000,64782.14000000,64728.63000000,64765.99000000,50.48355000
1787066700000,2026-08-18T15:25:00.000Z,64766.00000000,64837.45000000,64752.17000000,64807.43000000,46.00698000
1787067000000,2026-08-18T15:30:00.000Z,64807.43000000,64868.00000000,64798.26000000,64868.00000000,39.82406000
1787067300000,2026-08-18T15:35:00.000Z,64868.00000000,64875.02000000,64814.57000000,64842.90000000,38.29194000
1787067600000,2026-08-18T15:40:00.000Z,64842.91000000,64857.01000000,64808.80000000,64820.36000000,48.84291000
1787067900000,2026-08-18T15:45:00.000Z,64820.37000000,64888.00000000,64800.10000000,64834.81000000,40.44027000
1787068200000,2026-08-18T15:50:00.000Z,64834.81000000,64870.00000000,64811.53000000,64858.85000000,40.05412000
1787068500000,2026-08-18T15:55:00.000Z,64858.86000000,64867.35000000,64844.88000000,64855.06000000,38.34217000
1787068800000,2026-08-18T16:00:00.000Z,64855.06000000,64891.81000000,64850.00000000,64857.99000000,46.60882000
1787069100000,2026-08-18T16:05:00.000Z,64858.00000000,64877.62000000,64782.01000000,64786.58000000,30.57614000
1787069400000,2026-08-18T16:10:00.000Z,64786.58000000,64786.58000000,64744.00000000,64750.00000000,24.00327000
1787069700000,2026-08-18T16:15:00.000Z,64750.01000000,64750.26000000,64713.90000000,64739.44000000,27.35002000
1787070000000,2026-08-18T16:20:00.000Z,64739.92000000,64745.61000000,64726.00000000,64726.00000000,13.42086000
1787070300000,2026-08-18T16:25:00.000Z,64726.01000000,64734.58000000,64696.83000000,64704.00000000,27.59330000
1787070600000,2026-08-18T16:30:00.000Z,64704.00000000,64744.34000000,64675.50000000,64744.33000000,42.98386000
1787070900000,2026-08-18T16:35:00.000Z,64744.34000000,64796.92000000,64743.84000000,64789.21000000,24.93947000
1787071200000,2026-08-18T16:40:00.000Z,64789.20000000,64818.00000000,64779.99000000,64781.04000000,65.81015000
1787071500000,2026-08-18T16:45:00.000Z,64781.03000000,64870.89000000,64780.33000000,64810.00000000,45.50855000
1787071800000,2026-08-18T16:50:00.000Z,64810.00000000,64830.14000000,64800.00000000,64820.00000000,35.18071000
1787072100000,2026-08-18T16:55:00.000Z,64820.01000000,64840.01000000,64801.88000000,64840.00000000,35.09574000
1787072400000,2026-08-18T17:00:00.000Z,64840.00000000,64840.01000000,64772.79000000,64810.65000000,77.91262000
1787072700000,2026-08-18T17:05:00.000Z,64810.65000000,64810.66000000,64770.20000000,64781.66000000,27.71948000
1787073000000,2026-08-18T17:10:00.000Z,64781.66000000,64798.83000000,64774.60000000,64798.82000000,15.07697000
1787073300000,2026-08-18T17:15:00.000Z,64798.83000000,64798.83000000,64751.93000000,64787.50000000,48.97563000
1787073600000,2026-08-18T17:20:00.000Z,64787.50000000,64814.00000000,64787.26000000,64802.34000000,23.28388000
1787073900000,2026-08-18T17:25:00.000Z,64802.35000000,64822.33000000,64797.11000000,64822.33000000,28.94470000
1787074200000,2026-08-18T17:30:00.000Z,64822.32000000,64825.99000000,64785.90000000,64785.90000000,32.67032000
1787074500000,2026-08-18T17:35:00.000Z,64785.90000000,64785.90000000,64716.85000000,64766.00000000,54.36487000
1787074800000,2026-08-18T17:40:00.000Z,64765.99000000,64766.00000000,64714.00000000,64725.40000000,36.31363000
1787075100000,2026-08-18T17:45:00.000Z,64725.40000000,64728.55000000,64698.02000000,64698.03000000,17.74404000
1787075400000,2026-08-18T17:50:00.000Z,64698.03000000,64712.47000000,64687.68000000,64708.07000000,21.85785000
1787075700000,2026-08-18T17:55:00.000Z,64708.07000000,64710.00000000,64670.02000000,64670.02000000,15.32378000
1787076000000,2026-08-18T18:00:00.000Z,64670.02000000,64673.67000000,64656.00000000,64673.67000000,20.35475000
1787076300000,2026-08-18T18:05:00.000Z,64673.67000000,64705.83000000,64673.66000000,64696.43000000,21.91762000
1787076600000,2026-08-18T18:10:00.000Z,64696.43000000,64734.99000000,64696.42000000,64734.34000000,26.59563000
1787076900000,2026-08-18T18:15:00.000Z,64734.34000000,64764.00000000,64727.99000000,64762.72000000,19.31170000
1787077200000,2026-08-18T18:20:00.000Z,64762.72000000,64790.32000000,64759.88000000,64784.90000000,19.73544000
1787077500000,2026-08-18T18:25:00.000Z,64784.90000000,64806.00000000,64781.30000000,64799.74000000,11.15193000
1787077800000,2026-08-18T18:30:00.000Z,64799.75000000,64800.30000000,64773.72000000,64780.00000000,13.10749000
1787078100000,2026-08-18T18:35:00.000Z,64780.00000000,64822.00000000,64780.00000000,64794.82000000,24.55825000
1787078400000,2026-08-18T18:40:00.000Z,64794.83000000,64794.83000000,64760.00000000,64760.01000000,15.84780000
1787078700000,2026-08-18T18:45:00.000Z,64760.00000000,64796.13000000,64753.52000000,64795.99000000,15.43441000
1787079000000,2026-08-18T18:50:00.000Z,64796.00000000,64800.00000000,64778.00000000,64778.00000000,26.11019000
1787079300000,2026-08-18T18:55:00.000Z,64778.01000000,64778.01000000,64764.24000000,64772.00000000,5.26439000
1787079600000,2026-08-18T19:00:00.000Z,64771.99000000,64772.00000000,64749.50000000,64752.58000000,14.99334000
1787079900000,2026-08-18T19:05:00.000Z,64752.59000000,64752.59000000,64716.00000000,64716.00000000,17.71784000
1787080200000,2026-08-18T19:10:00.000Z,64716.01000000,64727.19000000,64716.00000000,64719.31000000,9.48471000
1787080500000,2026-08-18T19:15:00.000Z,64719.31000000,64719.32000000,64705.89000000,64713.04000000,10.25687000
1787080800000,2026-08-18T19:20:00.000Z,64713.05000000,64733.44000000,64713.04000000,64733.43000000,9.60463000
1787081100000,2026-08-18T19:25:00.000Z,64733.44000000,64796.00000000,64733.43000000,64779.62000000,15.60880000
1787081400000,2026-08-18T19:30:00.000Z,64779.62000000,64779.63000000,64741.36000000,64741.37000000,19.12145000
1787081700000,2026-08-18T19:35:00.000Z,64741.37000000,64741.37000000,64717.46000000,64717.46000000,12.37726000
1787082000000,2026-08-18T19:40:00.000Z,64717.46000000,64717.47000000,64676.00000000,64676.00000000,15.55862000
1787082300000,2026-08-18T19:45:00.000Z,64676.00000000,64683.41000000,64661.66000000,64668.41000000,13.24555000
1787082600000,2026-08-18T19:50:00.000Z,64668.41000000,64683.41000000,64665.85000000,64665.86000000,11.48094000
1787082900000,2026-08-18T19:55:00.000Z,64665.86000000,64665.86000000,64642.36000000,64643.26000000,35.64853000
1787083200000,2026-08-18T20:00:00.000Z,64643.27000000,64654.87000000,64600.00000000,64600.00000000,29.36158000
1787083500000,2026-08-18T20:05:00.000Z,64600.01000000,64643.48000000,64592.00000000,64643.48000000,16.16093000
1787083800000,2026-08-18T20:10:00.000Z,64643.48000000,64653.35000000,64634.78000000,64653.35000000,7.47337000
1787084100000,2026-08-18T20:15:00.000Z,64653.35000000,64653.35000000,64637.47000000,64637.47000000,8.41793000
1787084400000,2026-08-18T20:20:00.000Z,64637.48000000,64637.48000000,64616.94000000,64632.27000000,16.96351000
1787084700000,2026-08-18T20:25:00.000Z,64632.26000000,64632.27000000,64614.10000000,64614.10000000,8.64683000
1787085000000,2026-08-18T20:30:00.000Z,64614.11000000,64647.99000000,64601.05000000,64638.00000000,18.50219000
1787085300000,2026-08-18T20:35:00.000Z,64638.00000000,64638.01000000,64627.23000000,64635.76000000,6.30841000
1787085600000,2026-08-18T20:40:00.000Z,64635.77000000,64635.77000000,64611.04000000,64611.04000000,7.68517000
1787085900000,2026-08-18T20:45:00.000Z,64611.04000000,64617.64000000,64584.00000000,64584.00000000,29.88538000
1787086200000,2026-08-18T20:50:00.000Z,64584.00000000,64600.00000000,64568.00000000,64599.99000000,27.90142000
1787086500000,2026-08-18T20:55:00.000Z,64600.00000000,64610.00000000,64582.38000000,64582.39000000,14.61409000
1787086800000,2026-08-18T21:00:00.000Z,64582.38000000,64604.00000000,64582.38000000,64603.99000000,10.87170000
1787087100000,2026-08-18T21:05:00.000Z,64604.00000000,64629.49000000,64603.99000000,64629.49000000,4.98538000
1787087400000,2026-08-18T21:10:00.000Z,64629.48000000,64653.97000000,64624.37000000,64624.38000000,16.89364000
1787087700000,2026-08-18T21:15:00.000Z,64624.38000000,64624.38000000,64607.68000000,64607.68000000,37.93542000
1787088000000,2026-08-18T21:20:00.000Z,64607.69000000,64612.00000000,64607.68000000,64612.00000000,5.30592000
1787088300000,2026-08-18T21:25:00.000Z,64612.00000000,64624.38000000,64612.00000000,64624.38000000,9.89894000
1787088600000,2026-08-18T21:30:00.000Z,64624.38000000,64624.38000000,64605.18000000,64605.18000000,17.98073000
1787088900000,2026-08-18T21:35:00.000Z,64605.19000000,64605.19000000,64579.12000000,64589.78000000,12.80545000
1787089200000,2026-08-18T21:40:00.000Z,64589.79000000,64603.79000000,64571.48000000,64583.37000000,25.74848000
1787089500000,2026-08-18T21:45:00.000Z,64583.37000000,64610.54000000,64577.32000000,64609.99000000,17.35635000
1787089800000,2026-08-18T21:50:00.000Z,64609.99000000,64612.46000000,64593.73000000,64599.35000000,14.50692000
1787090100000,2026-08-18T21:55:00.000Z,64599.35000000,64604.59000000,64581.96000000,64604.58000000,13.38332000
1787090400000,2026-08-18T22:00:00.000Z,64604.58000000,64604.59000000,64576.00000000,64591.63000000,15.54113000
1787090700000,2026-08-18T22:05:00.000Z,64591.63000000,64591.63000000,64568.77000000,64590.31000000,11.37490000
1787091000000,2026-08-18T22:10:00.000Z,64590.31000000,64608.00000000,64571.95000000,64571.96000000,17.51631000
1787091300000,2026-08-18T22:15:00.000Z,64571.96000000,64583.12000000,64568.00000000,64583.11000000,8.72297000
1787091600000,2026-08-18T22:20:00.000Z,64583.12000000,64604.00000000,64583.11000000,64583.11000000,7.64953000
1787091900000,2026-08-18T22:25:00.000Z,64583.11000000,64592.14000000,64562.25000000,64592.13000000,26.55629000
1787092200000,2026-08-18T22:30:00.000Z,64592.14000000,64610.00000000,64592.13000000,64610.00000000,10.08295000
1787092500000,2026-08-18T22:35:00.000Z,64610.00000000,64648.00000000,64608.60000000,64648.00000000,30.25588000
1787092800000,2026-08-18T22:40:00.000Z,64648.00000000,64648.00000000,64637.69000000,64637.69000000,12.40459000
1787093100000,2026-08-18T22:45:00.000Z,64637.70000000,64637.70000000,64623.96000000,64623.96000000,12.74292000
1787093400000,2026-08-18T22:50:00.000Z,64623.96000000,64623.97000000,64611.70000000,64611.70000000,16.97628000
1787093700000,2026-08-18T22:55:00.000Z,64611.70000000,64634.00000000,64601.80000000,64634.00000000,30.27047000
1787094000000,2026-08-18T23:00:00.000Z,64634.00000000,64685.00000000,64631.15000000,64680.34000000,48.22823000
1787094300000,2026-08-18T23:05:00.000Z,64680.33000000,64710.75000000,64669.92000000,64669.92000000,28.17745000
1787094600000,2026-08-18T23:10:00.000Z,64669.93000000,64699.55000000,64669.93000000,64696.25000000,8.29731000
1787094900000,2026-08-18T23:15:00.000Z,64696.25000000,64711.29000000,64696.24000000,64702.98000000,7.74571000
1787095200000,2026-08-18T23:20:00.000Z,64702.98000000,64728.27000000,64702.98000000,64728.27000000,10.89627000
1787095500000,2026-08-18T23:25:00.000Z,64728.34000000,64732.00000000,64722.74000000,64722.81000000,8.60883000
1787095800000,2026-08-18T23:30:00.000Z,64722.81000000,64750.00000000,64722.80000000,64750.00000000,18.65818000
1787096100000,2026-08-18T23:35:00.000Z,64750.00000000,64754.61000000,64749.99000000,64753.53000000,8.84208000
1787096400000,2026-08-18T23:40:00.000Z,64753.53000000,64775.43000000,64753.53000000,64773.35000000,15.08140000
1787096700000,2026-08-18T23:45:00.000Z,64773.34000000,64780.00000000,64742.40000000,64753.39000000,38.23455000
1787097000000,2026-08-18T23:50:00.000Z,64753.40000000,64758.72000000,64735.04000000,64742.03000000,14.17060000
1787097300000,2026-08-18T23:55:00.000Z,64742.04000000,64742.04000000,64725.41000000,64725.42000000,6.91819000
1787097600000,2026-08-19T00:00:00.000Z,64725.42000000,64736.27000000,64632.00000000,64632.00000000,42.55500000
1787097900000,2026-08-19T00:05:00.000Z,64632.00000000,64650.76000000,64602.00000000,64637.42000000,26.32843000
1787098200000,2026-08-19T00:10:00.000Z,64637.41000000,64637.42000000,64582.97000000,64582.97000000,13.53650000
1787098500000,2026-08-19T00:15:00.000Z,64582.97000000,64590.00000000,64548.00000000,64587.60000000,24.69578000
1787098800000,2026-08-19T00:20:00.000Z,64587.60000000,64668.00000000,64587.60000000,64612.00000000,28.00751000
1787099100000,2026-08-19T00:25:00.000Z,64612.00000000,64612.01000000,64580.00000000,64603.79000000,10.52761000
1787099400000,2026-08-19T00:30:00.000Z,64603.79000000,64654.10000000,64603.79000000,64643.83000000,11.35038000
1787099700000,2026-08-19T00:35:00.000Z,64643.82000000,64654.00000000,64630.17000000,64641.00000000,11.32569000
1787100000000,2026-08-19T00:40:00.000Z,64641.00000000,64641.00000000,64549.00000000,64563.10000000,18.85917000
1787100300000,2026-08-19T00:45:00.000Z,64563.10000000,64581.41000000,64550.00000000,64570.03000000,10.86214000
1787100600000,2026-08-19T00:50:00.000Z,64570.03000000,64570.03000000,64511.00000000,64537.04000000,20.68706000
1787100900000,2026-08-19T00:55:00.000Z,64537.04000000,64537.05000000,64488.00000000,64488.00000000,29.06991000
1787101200000,2026-08-19T01:00:00.000Z,64488.00000000,64488.01000000,64440.00000000,64443.66000000,26.46510000
1787101500000,2026-08-19T01:05:00.000Z,64443.66000000,64544.00000000,64436.00000000,64544.00000000,77.73270000
1787101800000,2026-08-19T01:10:00.000Z,64543.99000000,64551.47000000,64496.00000000,64530.00000000,25.67497000
1787102100000,2026-08-19T01:15:00.000Z,64530.00000000,64530.00000000,64463.05000000,64507.37000000,13.94861000
1787102400000,2026-08-19T01:20:00.000Z,64507.38000000,64530.00000000,64485.05000000,64485.05000000,37.35559000
1787102700000,2026-08-19T01:25:00.000Z,64485.06000000,64522.81000000,64450.00000000,64487.16000000,22.44690000
1787103000000,2026-08-19T01:30:00.000Z,64487.16000000,64490.00000000,64454.32000000,64472.01000000,11.21633000
1787103300000,2026-08-19T01:35:00.000Z,64472.01000000,64472.01000000,64456.05000000,64460.44000000,13.54839000
1787103600000,2026-08-19T01:40:00.000Z,64460.45000000,64460.45000000,64396.00000000,64415.72000000,32.83534000
1787103900000,2026-08-19T01:45:00.000Z,64415.71000000,64415.75000000,64389.27000000,64411.52000000,18.10569000
1787104200000,2026-08-19T01:50:00.000Z,64411.52000000,64430.00000000,64404.48000000,64427.05000000,11.44136000
1787104500000,2026-08-19T01:55:00.000Z,64427.05000000,64440.56000000,64392.00000000,64400.48000000,23.51042000
1787104800000,2026-08-19T02:00:00.000Z,64400.47000000,64400.47000000,64366.99000000,64367.00000000,31.13582000
1787105100000,2026-08-19T02:05:00.000Z,64366.99000000,64380.00000000,64360.00000000,64361.03000000,11.72281000
1787105400000,2026-08-19T02:10:00.000Z,64361.03000000,64413.01000000,64360.00000000,64405.44000000,153.35934000
1787105700000,2026-08-19T02:15:00.000Z,64405.44000000,64405.44000000,64360.71000000,64360.98000000,23.57552000
1787106000000,2026-08-19T02:20:00.000Z,64360.98000000,64397.04000000,64350.00000000,64392.50000000,35.84399000
1787106300000,2026-08-19T02:25:00.000Z,64392.39000000,64413.86000000,64384.57000000,64389.71000000,100.13005000
1787106600000,2026-08-19T02:30:00.000Z,64389.71000000,64401.10000000,64373.92000000,64373.92000000,20.69572000
1787106900000,2026-08-19T02:35:00.000Z,64373.92000000,64408.04000000,64373.92000000,64407.50000000,25.73443000
1787107200000,2026-08-19T02:40:00.000Z,64407.50000000,64407.50000000,64384.51000000,64385.51000000,23.80625000
1787107500000,2026-08-19T02:45:00.000Z,64385.51000000,64414.65000000,64370.80000000,64370.81000000,94.79340000
1787107800000,2026-08-19T02:50:00.000Z,64370.81000000,64370.81000000,64350.28000000,64350.29000000,6.05571000
1787108100000,2026-08-19T02:55:00.000Z,64350.28000000,64366.00000000,64350.28000000,64351.90000000,21.08530000
1787108400000,2026-08-19T03:00:00.000Z,64351.86000000,64357.55000000,64341.36000000,64350.00000000,17.76272000
1787108700000,2026-08-19T03:05:00.000Z,64350.00000000,64350.00000000,64284.30000000,64287.39000000,31.34498000
1787109000000,2026-08-19T03:10:00.000Z,64287.40000000,64348.65000000,64278.00000000,64348.65000000,46.11423000
1787109300000,2026-08-19T03:15:00.000Z,64348.64000000,64404.00000000,64348.64000000,64403.42000000,51.44195000
1787109600000,2026-08-19T03:20:00.000Z,64403.43000000,64414.00000000,64366.60000000,64366.60000000,20.12118000
1787109900000,2026-08-19T03:25:00.000Z,64366.61000000,64372.00000000,64360.00000000,64361.78000000,10.43652000
1787110200000,2026-08-19T03:30:00.000Z,64361.77000000,64361.78000000,64341.10000000,64341.11000000,12.68447000
1787110500000,2026-08-19T03:35:00.000Z,64341.10000000,64358.95000000,64330.10000000,64331.49000000,15.50770000
1787110800000,2026-08-19T03:40:00.000Z,64331.49000000,64347.96000000,64331.48000000,64339.19000000,12.77441000
1787111100000,2026-08-19T03:45:00.000Z,64339.18000000,64357.01000000,64335.29000000,64356.03000000,15.02894000
1787111400000,2026-08-19T03:50:00.000Z,64356.02000000,64370.36000000,64338.00000000,64338.00000000,12.59389000
1787111700000,2026-08-19T03:55:00.000Z,64338.00000000,64338.00000000,64330.00000000,64330.71000000,12.89346000
1787112000000,2026-08-19T04:00:00.000Z,64330.70000000,64330.70000000,64298.00000000,64302.13000000,15.45765000
1787112300000,2026-08-19T04:05:00.000Z,64302.13000000,64303.76000000,64293.43000000,64295.49000000,15.70383000
1787112600000,2026-08-19T04:10:00.000Z,64295.49000000,64322.00000000,64295.49000000,64314.55000000,14.68775000
1787112900000,2026-08-19T04:15:00.000Z,64314.56000000,64357.99000000,64314.55000000,64357.99000000,11.79147000
1787113200000,2026-08-19T04:20:00.000Z,64358.00000000,64391.80000000,64358.00000000,64371.42000000,18.06622000
1787113500000,2026-08-19T04:25:00.000Z,64371.42000000,64371.43000000,64359.27000000,64359.27000000,9.56866000
1787113800000,2026-08-19T04:30:00.000Z,64359.28000000,64359.28000000,64330.69000000,64352.50000000,17.81338000
1787114100000,2026-08-19T04:35:00.000Z,64352.51000000,64367.84000000,64349.23000000,64349.24000000,9.96809000
1787114400000,2026-08-19T04:40:00.000Z,64349.24000000,64376.29000000,64340.19000000,64350.00000000,250.59901000
1787114700000,2026-08-19T04:45:00.000Z,64349.99000000,64371.97000000,64349.99000000,64351.44000000,11.03486000
1787115000000,2026-08-19T04:50:00.000Z,64351.44000000,64351.44000000,64326.54000000,64326.55000000,13.53240000
1787115300000,2026-08-19T04:55:00.000Z,64326.54000000,64326.55000000,64307.92000000,64316.22000000,13.84600000
1787115600000,2026-08-19T05:00:00.000Z,64316.22000000,64352.00000000,64316.21000000,64352.00000000,17.23875000
1787115900000,2026-08-19T05:05:00.000Z,64352.00000000,64381.65000000,64351.77000000,64381.64000000,31.58191000
1787116200000,2026-08-19T05:10:00.000Z,64381.64000000,64409.93000000,64381.64000000,64406.13000000,38.78695000
1787116500000,2026-08-19T05:15:00.000Z,64406.13000000,64406.14000000,64344.33000000,64344.34000000,29.37758000
1787116800000,2026-08-19T05:20:00.000Z,64344.34000000,64349.31000000,64316.00000000,64328.77000000,16.69594000
1787117100000,2026-08-19T05:25:00.000Z,64328.76000000,64362.00000000,64328.76000000,64360.60000000,14.02130000
1787117400000,2026-08-19T05:30:00.000Z,64360.60000000,64360.60000000,64348.33000000,64348.34000000,5.86165000
1787117700000,2026-08-19T05:35:00.000Z,64348.34000000,64348.34000000,64329.84000000,64329.84000000,12.01251000
1787118000000,2026-08-19T05:40:00.000Z,64329.84000000,64338.00000000,64316.12000000,64316.13000000,23.96479000
1787118300000,2026-08-19T05:45:00.000Z,64316.13000000,64317.16000000,64302.58000000,64302.59000000,11.81242000
1787118600000,2026-08-19T05:50:00.000Z,64302.58000000,64306.00000000,64260.00000000,64260.06000000,31.29452000
1787118900000,2026-08-19T05:55:00.000Z,64260.06000000,64260.06000000,64236.00000000,64236.01000000,25.66886000
1787119200000,2026-08-19T06:00:00.000Z,64236.01000000,64249.04000000,64205.00000000,64214.11000000,30.60235000
1787119500000,2026-08-19T06:05:00.000Z,64214.12000000,64222.63000000,64180.00000000,64180.00000000,18.50791000
1787119800000,2026-08-19T06:10:00.000Z,64180.01000000,64180.01000000,64166.00000000,64176.59000000,28.47679000
1787120100000,2026-08-19T06:15:00.000Z,64176.58000000,64243.00000000,64176.58000000,64242.99000000,29.86951000
1787120400000,2026-08-19T06:20:00.000Z,64243.00000000,64303.46000000,64243.00000000,64303.45000000,29.77741000
1787120700000,2026-08-19T06:25:00.000Z,64303.45000000,64303.46000000,64277.52000000,64277.52000000,22.36603000
1787121000000,2026-08-19T06:30:00.000Z,64277.53000000,64284.40000000,64261.99000000,64274.25000000,73.89968000
1787121300000,2026-08-19T06:35:00.000Z,64274.25000000,64293.80000000,64274.25000000,64293.80000000,10.69300000
1787121600000,2026-08-19T06:40:00.000Z,64293.79000000,64293.79000000,64269.99000000,64270.00000000,54.45551000
1787121900000,2026-08-19T06:45:00.000Z,64270.00000000,64337.93000000,64259.99000000,64317.87000000,187.92530000
1787122200000,2026-08-19T06:50:00.000Z,64317.87000000,64326.00000000,64287.38000000,64325.99000000,16.22838000
1787122500000,2026-08-19T06:55:00.000Z,64325.99000000,64344.00000000,64319.77000000,64339.80000000,28.59321000
1787122800000,2026-08-19T07:00:00.000Z,64339.80000000,64347.38000000,64288.00000000,64288.01000000,25.15180000
1787123100000,2026-08-19T07:05:00.000Z,64288.00000000,64299.98000000,64271.78000000,64299.97000000,44.71962000
1787123400000,2026-08-19T07:10:00.000Z,64299.97000000,64394.74000000,64296.88000000,64363.57000000,312.91130000
1787123700000,2026-08-19T07:15:00.000Z,64363.57000000,64363.57000000,64306.73000000,64312.96000000,21.34854000
1787124000000,2026-08-19T07:20:00.000Z,64312.95000000,64346.00000000,64312.95000000,64346.00000000,34.32957000
1787124300000,2026-08-19T07:25:00.000Z,64345.99000000,64366.00000000,64337.83000000,64342.58000000,70.28209000
1787124600000,2026-08-19T07:30:00.000Z,64342.59000000,64380.03000000,64340.00000000,64380.03000000,29.40165000
1787124900000,2026-08-19T07:35:00.000Z,64380.02000000,64388.00000000,64380.02000000,64382.70000000,13.50088000
1787125200000,2026-08-19T07:40:00.000Z,64382.70000000,64395.78000000,64364.31000000,64364.31000000,30.09592000
1787125500000,2026-08-19T07:45:00.000Z,64364.31000000,64374.00000000,64353.28000000,64359.67000000,13.17292000
1787125800000,2026-08-19T07:50:00.000Z,64359.67000000,64359.68000000,64326.24000000,64326.25000000,20.48298000
1787126100000,2026-08-19T07:55:00.000Z,64326.25000000,64326.25000000,64296.00000000,64296.00000000,15.26659000
1787126400000,2026-08-19T08:00:00.000Z,64296.01000000,64307.64000000,64293.09000000,64307.64000000,26.15664000
1787126700000,2026-08-19T08:05:00.000Z,64307.63000000,64325.93000000,64293.09000000,64293.10000000,23.01271000
1787127000000,2026-08-19T08:10:00.000Z,64293.09000000,64293.10000000,64262.00000000,64262.00000000,72.38183000
1787127300000,2026-08-19T08:15:00.000Z,64262.01000000,64287.29000000,64255.00000000,64287.29000000,14.96821000
1787127600000,2026-08-19T08:20:00.000Z,64287.28000000,64287.29000000,64272.93000000,64272.93000000,17.78329000
1787127900000,2026-08-19T08:25:00.000Z,64272.94000000,64288.00000000,64272.92000000,64288.00000000,33.90402000
1787128200000,2026-08-19T08:30:00.000Z,64288.00000000,64375.97000000,64287.99000000,64375.97000000,32.23816000
1787128500000,2026-08-19T08:35:00.000Z,64375.96000000,64510.95000000,64375.96000000,64446.83000000,66.28074000
1787128800000,2026-08-19T08:40:00.000Z,64446.82000000,64465.29000000,64435.36000000,64450.12000000,34.68246000
1787129100000,2026-08-19T08:45:00.000Z,64450.12000000,64473.58000000,64450.12000000,64459.00000000,17.15467000
1787129400000,2026-08-19T08:50:00.000Z,64459.00000000,64470.00000000,64450.00000000,64450.01000000,22.11561000
1787129700000,2026-08-19T08:55:00.000Z,64450.00000000,64450.01000000,64413.95000000,64413.95000000,20.55330000
1787130000000,2026-08-19T09:00:00.000Z,64413.95000000,64468.97000000,64413.35000000,64468.97000000,59.85037000
1787130300000,2026-08-19T09:05:00.000Z,64469.03000000,64470.66000000,64402.07000000,64402.07000000,20.22020000
1787130600000,2026-08-19T09:10:00.000Z,64402.08000000,64433.33000000,64391.64000000,64391.64000000,19.41203000
1787130900000,2026-08-19T09:15:00.000Z,64391.64000000,64416.00000000,64374.00000000,64416.00000000,19.01965000
1787131200000,2026-08-19T09:20:00.000Z,64415.99000000,64416.00000000,64398.45000000,64398.45000000,16.92501000
1787131500000,2026-08-19T09:25:00.000Z,64398.45000000,64398.45000000,64382.33000000,64382.99000000,16.71086000
1787131800000,2026-08-19T09:30:00.000Z,64383.00000000,64395.61000000,64382.99000000,64395.60000000,5.85022000
1787132100000,2026-08-19T09:35:00.000Z,64395.60000000,64395.61000000,64383.05000000,64383.06000000,15.77666000
1787132400000,2026-08-19T09:40:00.000Z,64383.06000000,64383.06000000,64360.70000000,64365.09000000,27.29260000
1787132700000,2026-08-19T09:45:00.000Z,64365.10000000,64379.16000000,64365.09000000,64379.16000000,7.21304000
1787133000000,2026-08-19T09:50:00.000Z,64379.16000000,64410.00000000,64379.15000000,64410.00000000,8.79581000
1787133300000,2026-08-19T09:55:00.000Z,64410.00000000,64427.07000000,64410.00000000,64427.06000000,11.12865000
1787133600000,2026-08-19T10:00:00.000Z,64427.07000000,64427.07000000,64410.24000000,64410.24000000,12.45010000
1787133900000,2026-08-19T10:05:00.000Z,64410.24000000,64410.24000000,64393.52000000,64393.53000000,11.50039000
1787134200000,2026-08-19T10:10:00.000Z,64393.52000000,64393.52000000,64377.51000000,64389.96000000,17.28479000
1787134500000,2026-08-19T10:15:00.000Z,64389.96000000,64389.96000000,64389.95000000,64389.95000000,6.85155000
1787134800000,2026-08-19T10:20:00.000Z,64389.95000000,64398.07000000,64381.41000000,64381.42000000,15.18722000
1787135100000,2026-08-19T10:25:00.000Z,64381.42000000,64397.03000000,64373.24000000,64397.02000000,13.18083000
1787135400000,2026-08-19T10:30:00.000Z,64397.02000000,64404.00000000,64381.25000000,64403.99000000,21.27318000
1787135700000,2026-08-19T10:35:00.000Z,64404.00000000,64422.17000000,64403.99000000,64422.01000000,71.18062000
1787136000000,2026-08-19T10:40:00.000Z,64422.01000000,64422.01000000,64401.38000000,64409.75000000,30.17133000
1787136300000,2026-08-19T10:45:00.000Z,64409.75000000,64414.95000000,64403.03000000,64404.61000000,19.34903000
1787136600000,2026-08-19T10:50:00.000Z,64404.60000000,64417.53000000,64397.90000000,64408.62000000,18.95340000
1787136900000,2026-08-19T10:55:00.000Z,64408.62000000,64456.71000000,64408.62000000,64456.71000000,25.46627000
1787137200000,2026-08-19T11:00:00.000Z,64456.71000000,64499.93000000,64454.99000000,64499.93000000,27.88862000
1787137500000,2026-08-19T11:05:00.000Z,64499.93000000,64539.05000000,64489.23000000,64509.93000000,45.71616000
1787137800000,2026-08-19T11:10:00.000Z,64509.92000000,64521.06000000,64482.96000000,64506.88000000,34.49843000
1787138100000,2026-08-19T11:15:00.000Z,64506.87000000,64511.66000000,64480.35000000,64511.65000000,39.51860000
1787138400000,2026-08-19T11:20:00.000Z,64511.65000000,64526.71000000,64499.13000000,64526.71000000,14.54152000
1787138700000,2026-08-19T11:25:00.000Z,64526.70000000,64526.71000000,64506.78000000,64506.78000000,12.65688000
1787139000000,2026-08-19T11:30:00.000Z,64506.78000000,64523.86000000,64504.20000000,64507.56000000,9.61850000
1787139300000,2026-08-19T11:35:00.000Z,64507.55000000,64516.07000000,64494.99000000,64500.85000000,13.10476000
1787139600000,2026-08-19T11:40:00.000Z,64500.86000000,64500.86000000,64461.54000000,64471.20000000,31.04172000
1787139900000,2026-08-19T11:45:00.000Z,64471.20000000,64500.00000000,64471.19000000,64500.00000000,13.07956000
1787140200000,2026-08-19T11:50:00.000Z,64500.00000000,64527.23000000,64474.03000000,64508.84000000,35.31904000
1787140500000,2026-08-19T11:55:00.000Z,64508.84000000,64515.63000000,64503.00000000,64515.63000000,9.03849000
1787140800000,2026-08-19T12:00:00.000Z,64515.62000000,64515.63000000,64483.46000000,64483.47000000,22.03626000
1787141100000,2026-08-19T12:05:00.000Z,64483.46000000,64515.26000000,64474.86000000,64503.55000000,13.34170000
1787141400000,2026-08-19T12:10:00.000Z,64503.56000000,64505.85000000,64487.72000000,64505.80000000,6.22771000
1787141700000,2026-08-19T12:15:00.000Z,64505.81000000,64505.81000000,64490.02000000,64501.25000000,12.88168000
1787142000000,2026-08-19T12:20:00.000Z,64501.25000000,64501.26000000,64488.63000000,64499.06000000,7.64659000
1787142300000,2026-08-19T12:25:00.000Z,64499.07000000,64499.07000000,64493.47000000,64493.52000000,4.79672000
1787142600000,2026-08-19T12:30:00.000Z,64493.53000000,64662.93000000,64481.59000000,64662.80000000,105.92333000
1787142900000,2026-08-19T12:35:00.000Z,64662.80000000,64759.52000000,64591.75000000,64723.98000000,182.20962000
1787143200000,2026-08-19T12:40:00.000Z,64723.98000000,64947.49000000,64707.59000000,64943.45000000,140.94978000
1787143500000,2026-08-19T12:45:00.000Z,64943.42000000,64984.57000000,64908.54000000,64984.57000000,160.82153000
1787143800000,2026-08-19T12:50:00.000Z,64984.56000000,64988.00000000,64826.35000000,64837.73000000,82.32010000
1787144100000,2026-08-19T12:55:00.000Z,64837.72000000,64890.96000000,64837.72000000,64882.15000000,45.94349000
1787144400000,2026-08-19T13:00:00.000Z,64882.15000000,64888.32000000,64793.29000000,64800.96000000,49.24262000
1787144700000,2026-08-19T13:05:00.000Z,64800.96000000,64878.54000000,64793.29000000,64869.77000000,34.19315000
1787145000000,2026-08-19T13:10:00.000Z,64869.77000000,64990.10000000,64869.77000000,64920.53000000,140.17986000
1787145300000,2026-08-19T13:15:00.000Z,64920.54000000,64973.52000000,64918.43000000,64963.02000000,61.90041000
1787145600000,2026-08-19T13:20:00.000Z,64963.02000000,65009.18000000,64963.02000000,64989.84000000,92.16778000
1787145900000,2026-08-19T13:25:00.000Z,64989.83000000,65035.80000000,64930.00000000,65005.36000000,71.16458000
1787146200000,2026-08-19T13:30:00.000Z,65005.37000000,65217.86000000,64969.31000000,65056.00000000,427.86355000
1787146500000,2026-08-19T13:35:00.000Z,65056.00000000,65088.83000000,64825.22000000,64829.33000000,172.76912000
1787146800000,2026-08-19T13:40:00.000Z,64829.33000000,65100.00000000,64808.00000000,65044.01000000,127.86450000
1787147100000,2026-08-19T13:45:00.000Z,65044.01000000,65180.00000000,65001.67000000,65061.79000000,238.53324000
1787147400000,2026-08-19T13:50:00.000Z,65061.79000000,65119.49000000,64988.00000000,65003.99000000,94.13948000
1787147700000,2026-08-19T13:55:00.000Z,65004.00000000,65072.51000000,64986.22000000,65012.12000000,109.44898000
1787148000000,2026-08-19T14:00:00.000Z,65012.12000000,65146.26000000,65012.11000000,65140.33000000,109.85652000
1787148300000,2026-08-19T14:05:00.000Z,65140.34000000,65382.34000000,65130.36000000,65382.34000000,250.51258000
1787148600000,2026-08-19T14:10:00.000Z,65382.34000000,65440.00000000,65308.00000000,65407.43000000,267.83762000
1787148900000,2026-08-19T14:15:00.000Z,65407.43000000,65473.00000000,65322.17000000,65440.00000000,181.13972000
1787149200000,2026-08-19T14:20:00.000Z,65440.01000000,65456.95000000,65325.42000000,65426.00000000,90.55114000
1787149500000,2026-08-19T14:25:00.000Z,65426.00000000,65442.81000000,65328.02000000,65410.89000000,136.60845000
1787149800000,2026-08-19T14:30:00.000Z,65410.89000000,65422.00000000,65350.00000000,65359.40000000,86.16816000
1787150100000,2026-08-19T14:35:00.000Z,65359.41000000,65505.48000000,65359.40000000,65490.00000000,245.54989000
1787150400000,2026-08-19T14:40:00.000Z,65490.01000000,65500.28000000,65411.33000000,65456.96000000,91.09849000
1787150700000,2026-08-19T14:45:00.000Z,65456.97000000,65541.83000000,65446.00000000,65526.89000000,121.72499000
1787151000000,2026-08-19T14:50:00.000Z,65526.89000000,65766.00000000,65526.89000000,65766.00000000,377.64341000
1787151300000,2026-08-19T14:55:00.000Z,65765.99000000,65970.00000000,65753.15000000,65923.21000000,406.87696000
1787151600000,2026-08-19T15:00:00.000Z,65923.21000000,66074.63000000,65892.00000000,66074.62000000,442.94939000
1787151900000,2026-08-19T15:05:00.000Z,66074.62000000,66533.00000000,66074.62000000,66510.57000000,675.84856000
1787152200000,2026-08-19T15:10:00.000Z,66510.56000000,66799.66000000,66458.00000000,66654.00000000,409.25634000
1787152500000,2026-08-19T15:15:00.000Z,66654.00000000,66844.99000000,66583.22000000,66674.66000000,318.14438000
1787152800000,2026-08-19T15:20:00.000Z,66674.67000000,67251.69000000,66668.01000000,67206.43000000,740.91127000
1787153100000,2026-08-19T15:25:00.000Z,67206.43000000,69500.00000000,67086.12000000,68291.89000000,2974.59103000
1787153400000,2026-08-19T15:30:00.000Z,68292.16000000,68500.00000000,67718.27000000,68492.15000000,1513.67152000
1787153700000,2026-08-19T15:35:00.000Z,68492.16000000,68790.75000000,68209.06000000,68655.66000000,640.32541000
1787154000000,2026-08-19T15:40:00.000Z,68655.66000000,68865.82000000,68536.96000000,68679.98000000,446.26757000
1787154300000,2026-08-19T15:45:00.000Z,68679.62000000,68686.34000000,68374.00000000,68486.39000000,480.35841000
1787154600000,2026-08-19T15:50:00.000Z,68486.39000000,68640.01000000,68238.00000000,68238.00000000,360.85885000
1787154900000,2026-08-19T15:55:00.000Z,68237.95000000,68597.52000000,68234.19000000,68554.00000000,259.68692000
1787155200000,2026-08-19T16:00:00.000Z,68554.00000000,68760.00000000,68525.45000000,68711.80000000,323.69403000
1787155500000,2026-08-19T16:05:00.000Z,68711.81000000,68997.00000000,68708.28000000,68755.96000000,229.14464000
1787155800000,2026-08-19T16:10:00.000Z,68755.96000000,68755.96000000,68529.99000000,68565.53000000,131.61185000
1787156100000,2026-08-19T16:15:00.000Z,68565.54000000,68748.49000000,68565.53000000,68719.45000000,146.39304000
1787156400000,2026-08-19T16:20:00.000Z,68719.46000000,68779.34000000,68591.52000000,68779.34000000,196.83261000
1787156700000,2026-08-19T16:25:00.000Z,68779.33000000,68921.42000000,68768.99000000,68892.66000000,142.90247000
1787157000000,2026-08-19T16:30:00.000Z,68892.66000000,68892.67000000,68714.28000000,68771.66000000,93.59960000
1787157300000,2026-08-19T16:35:00.000Z,68771.66000000,68815.17000000,68673.14000000,68686.07000000,87.88942000
1787157600000,2026-08-19T16:40:00.000Z,68686.07000000,68686.07000000,68551.16000000,68589.64000000,129.70535000
1787157900000,2026-08-19T16:45:00.000Z,68589.64000000,68704.14000000,68566.80000000,68672.50000000,139.42053000
1787158200000,2026-08-19T16:50:00.000Z,68672.50000000,68673.84000000,68566.34000000,68575.38000000,192.83550000
1787158500000,2026-08-19T16:55:00.000Z,68575.38000000,68598.84000000,68416.36000000,68465.27000000,199.55614000
1787158800000,2026-08-19T17:00:00.000Z,68465.26000000,68546.22000000,68288.75000000,68398.81000000,239.83855000
1787159100000,2026-08-19T17:05:00.000Z,68398.82000000,68444.69000000,68226.69000000,68311.28000000,228.47659000
1787159400000,2026-08-19T17:10:00.000Z,68311.27000000,68372.64000000,68224.00000000,68242.39000000,151.33201000
1787159700000,2026-08-19T17:15:00.000Z,68242.38000000,68314.85000000,68019.74000000,68039.74000000,154.37486000
1787160000000,2026-08-19T17:20:00.000Z,68039.74000000,68105.42000000,67930.62000000,67960.31000000,180.12319000
1787160300000,2026-08-19T17:25:00.000Z,67960.31000000,68015.61000000,67836.01000000,68005.90000000,162.04736000
1787160600000,2026-08-19T17:30:00.000Z,68005.91000000,68036.36000000,67825.03000000,67956.15000000,147.45858000
1787160900000,2026-08-19T17:35:00.000Z,67956.00000000,68052.06000000,67949.18000000,68034.02000000,115.93152000
1787161200000,2026-08-19T17:40:00.000Z,68034.02000000,68045.35000000,67997.59000000,68045.35000000,60.91325000
1787161500000,2026-08-19T17:45:00.000Z,68045.35000000,68254.44000000,68044.78000000,68180.76000000,108.87157000
1787161800000,2026-08-19T17:50:00.000Z,68180.76000000,68227.60000000,68170.00000000,68188.48000000,55.42040000
1787162100000,2026-08-19T17:55:00.000Z,68188.48000000,68261.40000000,68188.48000000,68197.29000000,103.67697000
1787162400000,2026-08-19T18:00:00.000Z,68197.30000000,68250.76000000,68158.82000000,68169.70000000,86.93379000
1787162700000,2026-08-19T18:05:00.000Z,68169.71000000,68201.20000000,68052.00000000,68077.94000000,90.86573000
1787163000000,2026-08-19T18:10:00.000Z,68077.93000000,68193.99000000,68042.00000000,68193.40000000,68.25074000
1787163300000,2026-08-19T18:15:00.000Z,68193.40000000,68300.00000000,68177.96000000,68296.34000000,55.53865000
1787163600000,2026-08-19T18:20:00.000Z,68296.34000000,68320.75000000,68254.00000000,68263.89000000,41.13004000
1787163900000,2026-08-19T18:25:00.000Z,68263.88000000,68313.80000000,68260.85000000,68279.63000000,27.99221000
1787164200000,2026-08-19T18:30:00.000Z,68279.63000000,68284.00000000,68225.29000000,68284.00000000,34.11297000
1787164500000,2026-08-19T18:35:00.000Z,68283.99000000,68303.99000000,68236.00000000,68286.94000000,46.43661000
1787164800000,2026-08-19T18:40:00.000Z,68286.95000000,68434.00000000,68286.94000000,68431.41000000,49.82553000
1787165100000,2026-08-19T18:45:00.000Z,68431.42000000,68453.43000000,68389.11000000,68439.99000000,32.94855000
1787165400000,2026-08-19T18:50:00.000Z,68439.98000000,68446.51000000,68352.25000000,68412.00000000,46.09981000
1787165700000,2026-08-19T18:55:00.000Z,68412.00000000,68412.00000000,68322.00000000,68395.99000000,45.87825000
1787166000000,2026-08-19T19:00:00.000Z,68396.00000000,68422.00000000,68360.00000000,68368.10000000,43.74175000
1787166300000,2026-08-19T19:05:00.000Z,68368.10000000,68444.52000000,68358.52000000,68377.14000000,58.12443000
1787166600000,2026-08-19T19:10:00.000Z,68376.97000000,68453.86000000,68103.71000000,68122.01000000,120.37517000
1787166900000,2026-08-19T19:15:00.000Z,68122.01000000,68392.00000000,68122.00000000,68332.00000000,75.79408000
1787167200000,2026-08-19T19:20:00.000Z,68332.01000000,68366.00000000,68242.00000000,68365.99000000,39.31838000
1787167500000,2026-08-19T19:25:00.000Z,68365.99000000,68365.99000000,68144.00000000,68181.99000000,49.30269000
1787167800000,2026-08-19T19:30:00.000Z,68181.99000000,68302.00000000,68130.00000000,68236.29000000,77.16547000
1787168100000,2026-08-19T19:35:00.000Z,68236.29000000,68290.00000000,68207.79000000,68266.94000000,69.41780000
1787168400000,2026-08-19T19:40:00.000Z,68266.93000000,68417.81000000,68262.29000000,68399.99000000,60.86817000
1787168700000,2026-08-19T19:45:00.000Z,68399.99000000,68408.31000000,68369.03000000,68378.02000000,36.55854000
1787169000000,2026-08-19T19:50:00.000Z,68378.02000000,68443.46000000,68367.33000000,68416.55000000,47.87003000
1787169300000,2026-08-19T19:55:00.000Z,68416.56000000,68483.52000000,68390.01000000,68429.44000000,51.98745000
1787169600000,2026-08-19T20:00:00.000Z,68429.44000000,68510.28000000,68390.00000000,68510.28000000,72.49340000
1787169900000,2026-08-19T20:05:00.000Z,68510.28000000,68658.00000000,68479.72000000,68627.89000000,72.96290000
1787170200000,2026-08-19T20:10:00.000Z,68627.90000000,68706.71000000,68597.67000000,68683.99000000,81.58885000
1787170500000,2026-08-19T20:15:00.000Z,68683.99000000,68684.00000000,68556.00000000,68618.49000000,53.23713000
1787170800000,2026-08-19T20:20:00.000Z,68618.50000000,68791.71000000,68594.00000000,68789.48000000,55.30432000
1787171100000,2026-08-19T20:25:00.000Z,68789.49000000,68813.46000000,68673.72000000,68702.02000000,74.68641000
1787171400000,2026-08-19T20:30:00.000Z,68702.01000000,68799.63000000,68690.00000000,68773.92000000,45.00109000
1787171700000,2026-08-19T20:35:00.000Z,68773.92000000,68773.92000000,68647.10000000,68720.00000000,39.76809000
1787172000000,2026-08-19T20:40:00.000Z,68720.01000000,68742.00000000,68655.31000000,68671.35000000,39.00527000
1787172300000,2026-08-19T20:45:00.000Z,68671.35000000,68705.08000000,68624.00000000,68705.08000000,51.77630000
1787172600000,2026-08-19T20:50:00.000Z,68705.08000000,69579.99000000,68692.00000000,69114.70000000,733.40549000
1787172900000,2026-08-19T20:55:00.000Z,69114.71000000,69236.44000000,69020.34000000,69048.06000000,100.00624000
1787173200000,2026-08-19T21:00:00.000Z,69048.06000000,69435.74000000,68984.78000000,69376.58000000,210.83664000
1787173500000,2026-08-19T21:05:00.000Z,69376.58000000,69910.37000000,69251.20000000,69622.65000000,430.21503000
1787173800000,2026-08-19T21:10:00.000Z,69622.38000000,69639.62000000,69155.74000000,69434.00000000,270.52815000
1787174100000,2026-08-19T21:15:00.000Z,69433.99000000,69514.94000000,69266.00000000,69451.99000000,112.94974000
1787174400000,2026-08-19T21:20:00.000Z,69451.99000000,69760.00000000,69442.86000000,69525.59000000,120.34779000
1787174700000,2026-08-19T21:25:00.000Z,69525.59000000,69730.29000000,69522.00000000,69639.28000000,62.09669000
1787175000000,2026-08-19T21:30:00.000Z,69639.28000000,69834.42000000,69574.00000000,69785.11000000,108.37384000
1787175300000,2026-08-19T21:35:00.000Z,69785.11000000,69842.73000000,69443.58000000,69479.99000000,112.22278000
1787175600000,2026-08-19T21:40:00.000Z,69480.00000000,69672.00000000,69384.00000000,69671.99000000,72.01922000
1787175900000,2026-08-19T21:45:00.000Z,69672.00000000,70000.00000000,69500.00000000,69826.00000000,368.46324000
1787176200000,2026-08-19T21:50:00.000Z,69826.00000000,69838.00000000,69716.00000000,69748.47000000,97.83530000
1787176500000,2026-08-19T21:55:00.000Z,69748.48000000,69845.00000000,69636.00000000,69709.46000000,136.63820000
1787176800000,2026-08-19T22:00:00.000Z,69709.47000000,69833.99000000,69515.52000000,69515.53000000,144.85329000
1787177100000,2026-08-19T22:05:00.000Z,69515.53000000,69551.42000000,69341.64000000,69416.33000000,177.98770000
1787177400000,2026-08-19T22:10:00.000Z,69416.34000000,69446.00000000,69304.35000000,69304.35000000,109.59323000
1787177700000,2026-08-19T22:15:00.000Z,69304.35000000,69405.52000000,69282.00000000,69282.00000000,86.46823000
1787178000000,2026-08-19T22:20:00.000Z,69282.01000000,69325.09000000,69211.26000000,69259.99000000,90.68298000
1787178300000,2026-08-19T22:25:00.000Z,69259.99000000,69260.00000000,69143.70000000,69144.01000000,61.84215000
1787178600000,2026-08-19T22:30:00.000Z,69144.00000000,69195.99000000,68980.00000000,69050.00000000,160.85213000
1787178900000,2026-08-19T22:35:00.000Z,69050.00000000,69392.85000000,69022.00000000,69386.58000000,80.90695000
1787179200000,2026-08-19T22:40:00.000Z,69386.58000000,69473.14000000,69302.00000000,69344.93000000,81.99380000
1787179500000,2026-08-19T22:45:00.000Z,69344.92000000,69344.93000000,69105.75000000,69182.00000000,108.05665000
1787179800000,2026-08-19T22:50:00.000Z,69182.00000000,69282.00000000,69115.73000000,69152.00000000,72.01428000
1787180100000,2026-08-19T22:55:00.000Z,69152.00000000,69275.20000000,69142.01000000,69258.90000000,65.40505000
1787180400000,2026-08-19T23:00:00.000Z,69258.90000000,69362.00000000,69213.39000000,69354.01000000,150.63361000
1787180700000,2026-08-19T23:05:00.000Z,69354.01000000,69392.00000000,69307.31000000,69342.01000000,54.99652000
1787181000000,2026-08-19T23:10:00.000Z,69342.01000000,69407.50000000,69316.00000000,69356.87000000,53.98362000
1787181300000,2026-08-19T23:15:00.000Z,69356.87000000,69453.88000000,69352.56000000,69404.01000000,84.71115000
1787181600000,2026-08-19T23:20:00.000Z,69404.01000000,69414.00000000,69300.00000000,69304.01000000,45.23373000
1787181900000,2026-08-19T23:25:00.000Z,69304.01000000,69418.94000000,69270.00000000,69369.06000000,88.85478000
1787182200000,2026-08-19T23:30:00.000Z,69369.07000000,69388.00000000,69250.86000000,69250.87000000,101.53595000
1787182500000,2026-08-19T23:35:00.000Z,69250.86000000,69324.95000000,69239.54000000,69292.01000000,60.03494000
1787182800000,2026-08-19T23:40:00.000Z,69292.00000000,69389.58000000,69275.95000000,69317.98000000,63.79110000
1787183100000,2026-08-19T23:45:00.000Z,69317.99000000,69317.99000000,69180.67000000,69180.67000000,30.02080000
1787183400000,2026-08-19T23:50:00.000Z,69180.68000000,69250.00000000,69160.00000000,69202.01000000,42.59357000
1787183700000,2026-08-19T23:55:00.000Z,69202.00000000,69334.79000000,69195.44000000,69334.79000000,54.42867000
1787184000000,2026-08-20T00:00:00.000Z,69334.78000000,69560.25000000,69314.01000000,69550.03000000,362.90822000
1787184300000,2026-08-20T00:05:00.000Z,69550.03000000,69665.84000000,69502.71000000,69647.85000000,142.32357000
1787184600000,2026-08-20T00:10:00.000Z,69647.86000000,69662.95000000,69481.52000000,69572.72000000,102.70852000
1787184900000,2026-08-20T00:15:00.000Z,69572.86000000,69761.64000000,69566.00000000,69761.64000000,105.62131000
1787185200000,2026-08-20T00:20:00.000Z,69761.63000000,69793.21000000,69685.60000000,69685.62000000,97.79585000
1787185500000,2026-08-20T00:25:00.000Z,69685.61000000,69740.55000000,69604.91000000,69629.96000000,54.46206000
1787185800000,2026-08-20T00:30:00.000Z,69629.95000000,69648.00000000,69523.84000000,69625.00000000,73.69704000
1787186100000,2026-08-20T00:35:00.000Z,69625.00000000,69696.00000000,69493.05000000,69693.78000000,91.56153000
1787186400000,2026-08-20T00:40:00.000Z,69693.77000000,69693.78000000,69480.99000000,69571.98000000,93.50016000
1787186700000,2026-08-20T00:45:00.000Z,69571.98000000,69715.17000000,69565.44000000,69662.02000000,88.17444000
1787187000000,2026-08-20T00:50:00.000Z,69662.03000000,69665.64000000,69458.00000000,69521.64000000,115.08025000
1787187300000,2026-08-20T00:55:00.000Z,69521.64000000,69521.64000000,69382.00000000,69420.00000000,64.67607000
1787187600000,2026-08-20T01:00:00.000Z,69420.00000000,69516.00000000,69388.00000000,69424.67000000,66.17619000
1787187900000,2026-08-20T01:05:00.000Z,69424.67000000,69424.68000000,69318.16000000,69329.99000000,69.49614000
1787188200000,2026-08-20T01:10:00.000Z,69329.99000000,69400.00000000,69289.09000000,69382.01000000,87.98202000
1787188500000,2026-08-20T01:15:00.000Z,69382.00000000,69432.54000000,69283.25000000,69420.60000000,68.34580000
1787188800000,2026-08-20T01:20:00.000Z,69420.61000000,69440.00000000,69335.93000000,69354.01000000,81.26862000
1787189100000,2026-08-20T01:25:00.000Z,69354.01000000,69372.00000000,69312.00000000,69330.00000000,40.39555000
1787189400000,2026-08-20T01:30:00.000Z,69329.99000000,69580.00000000,69294.07000000,69580.00000000,78.24537000
1787189700000,2026-08-20T01:35:00.000Z,69580.00000000,69594.00000000,69519.95000000,69585.02000000,64.27827000
1787190000000,2026-08-20T01:40:00.000Z,69585.02000000,69638.00000000,69580.41000000,69634.00000000,42.24919000
1787190300000,2026-08-20T01:45:00.000Z,69633.99000000,69849.00000000,69633.99000000,69820.01000000,102.18566000
1787190600000,2026-08-20T01:50:00.000Z,69820.01000000,69894.50000000,69699.93000000,69713.51000000,111.23529000
1787190900000,2026-08-20T01:55:00.000Z,69713.51000000,69724.00000000,69684.00000000,69721.92000000,52.38149000
1787191200000,2026-08-20T02:00:00.000Z,69721.92000000,69824.00000000,69718.17000000,69787.66000000,79.28719000
1787191500000,2026-08-20T02:05:00.000Z,69787.66000000,69788.22000000,69651.91000000,69659.45000000,116.87397000
1787191800000,2026-08-20T02:10:00.000Z,69659.45000000,69724.00000000,69572.03000000,69678.00000000,162.26862000
1787192100000,2026-08-20T02:15:00.000Z,69677.99000000,69700.58000000,69577.46000000,69616.15000000,111.34760000
1787192400000,2026-08-20T02:20:00.000Z,69616.15000000,69616.16000000,69504.59000000,69510.40000000,58.50139000
1787192700000,2026-08-20T02:25:00.000Z,69510.41000000,69522.00000000,69488.00000000,69510.01000000,27.62633000
1787193000000,2026-08-20T02:30:00.000Z,69510.00000000,69544.00000000,69450.00000000,69478.58000000,92.79207000
1787193300000,2026-08-20T02:35:00.000Z,69478.58000000,69478.58000000,69342.15000000,69385.53000000,52.30711000
1787193600000,2026-08-20T02:40:00.000Z,69385.52000000,69385.52000000,69320.00000000,69320.01000000,44.21369000
1787193900000,2026-08-20T02:45:00.000Z,69320.01000000,69362.63000000,69316.00000000,69329.31000000,40.17058000
1787194200000,2026-08-20T02:50:00.000Z,69329.30000000,69348.98000000,69268.00000000,69322.00000000,84.26461000
1787194500000,2026-08-20T02:55:00.000Z,69321.99000000,69366.17000000,69279.28000000,69301.27000000,59.93792000
1787194800000,2026-08-20T03:00:00.000Z,69301.27000000,69304.21000000,69147.00000000,69152.81000000,122.94164000
1787195100000,2026-08-20T03:05:00.000Z,69152.82000000,69181.15000000,69040.75000000,69040.76000000,100.26962000
1787195400000,2026-08-20T03:10:00.000Z,69040.75000000,69040.76000000,68902.22000000,68986.59000000,125.32224000
1787195700000,2026-08-20T03:15:00.000Z,68986.58000000,69118.00000000,68978.00000000,69118.00000000,79.66217000
1787196000000,2026-08-20T03:20:00.000Z,69118.00000000,69197.63000000,69028.00000000,69032.00000000,51.83416000
1787196300000,2026-08-20T03:25:00.000Z,69032.00000000,69032.01000000,68942.00000000,68966.07000000,74.06874000
1787196600000,2026-08-20T03:30:00.000Z,68966.08000000,69120.00000000,68966.07000000,69090.18000000,85.36276000
1787196900000,2026-08-20T03:35:00.000Z,69090.17000000,69140.00000000,69058.31000000,69073.93000000,57.16927000
1787197200000,2026-08-20T03:40:00.000Z,69073.92000000,69200.00000000,69066.00000000,69190.35000000,63.32237000
1787197500000,2026-08-20T03:45:00.000Z,69190.36000000,69340.00000000,69183.05000000,69255.83000000,72.95473000
1787197800000,2026-08-20T03:50:00.000Z,69255.83000000,69255.84000000,69188.00000000,69205.27000000,50.96856000
1787198100000,2026-08-20T03:55:00.000Z,69205.26000000,69208.15000000,69159.44000000,69195.64000000,57.89998000
1787198400000,2026-08-20T04:00:00.000Z,69195.64000000,69288.00000000,69166.00000000,69288.00000000,72.07548000
1787198700000,2026-08-20T04:05:00.000Z,69287.99000000,69354.00000000,69258.00000000,69354.00000000,82.11070000
1787199000000,2026-08-20T04:10:00.000Z,69353.99000000,69383.03000000,69345.29000000,69369.58000000,77.52635000
1787199300000,2026-08-20T04:15:00.000Z,69369.57000000,69380.00000000,69336.00000000,69361.38000000,53.54445000
1787199600000,2026-08-20T04:20:00.000Z,69361.39000000,69361.39000000,69296.46000000,69332.15000000,52.34578000
1787199900000,2026-08-20T04:25:00.000Z,69332.16000000,69403.32000000,69332.15000000,69359.93000000,60.43569000
1787200200000,2026-08-20T04:30:00.000Z,69359.93000000,69359.94000000,69234.00000000,69240.00000000,60.52906000
1787200500000,2026-08-20T04:35:00.000Z,69240.00000000,69306.26000000,69238.00000000,69286.01000000,44.14513000
1787200800000,2026-08-20T04:40:00.000Z,69286.00000000,69381.46000000,69266.00000000,69346.00000000,45.57949000
1787201100000,2026-08-20T04:45:00.000Z,69346.01000000,69390.00000000,69346.01000000,69382.80000000,43.74976000
1787201400000,2026-08-20T04:50:00.000Z,69382.79000000,69599.01000000,69382.79000000,69512.17000000,94.69257000
1787201700000,2026-08-20T04:55:00.000Z,69512.17000000,69512.17000000,69492.00000000,69492.01000000,25.62706000
1787202000000,2026-08-20T05:00:00.000Z,69492.00000000,69515.78000000,69480.00000000,69496.78000000,49.92278000
1787202300000,2026-08-20T05:05:00.000Z,69496.78000000,69558.61000000,69474.00000000,69519.38000000,93.93084000
1787202600000,2026-08-20T05:10:00.000Z,69519.37000000,69525.00000000,69465.08000000,69471.24000000,41.42359000
1787202900000,2026-08-20T05:15:00.000Z,69471.23000000,69600.00000000,69450.49000000,69582.97000000,56.15191000
1787203200000,2026-08-20T05:20:00.000Z,69582.96000000,69660.57000000,69542.25000000,69660.56000000,74.02122000
1787203500000,2026-08-20T05:25:00.000Z,69660.56000000,69668.00000000,69592.00000000,69592.00000000,84.33218000
1787203800000,2026-08-20T05:30:00.000Z,69592.01000000,69624.58000000,69570.13000000,69597.73000000,47.46879000
1787204100000,2026-08-20T05:35:00.000Z,69597.73000000,69632.42000000,69522.19000000,69524.00000000,100.27706000
1787204400000,2026-08-20T05:40:00.000Z,69524.00000000,69562.00000000,69520.40000000,69552.56000000,158.22840000
1787204700000,2026-08-20T05:45:00.000Z,69552.55000000,69552.56000000,69394.01000000,69394.01000000,200.67487000
1787205000000,2026-08-20T05:50:00.000Z,69394.01000000,69435.99000000,69371.93000000,69380.85000000,181.97036000
1787205300000,2026-08-20T05:55:00.000Z,69380.84000000,69412.84000000,69349.16000000,69406.54000000,173.07415000
1787205600000,2026-08-20T06:00:00.000Z,69406.53000000,69416.80000000,69350.49000000,69370.90000000,186.39298000
1787205900000,2026-08-20T06:05:00.000Z,69370.89000000,69419.16000000,69359.71000000,69359.71000000,195.18737000
1787206200000,2026-08-20T06:10:00.000Z,69359.72000000,69435.26000000,69359.71000000,69370.48000000,258.39012000
1787206500000,2026-08-20T06:15:00.000Z,69370.48000000,69493.90000000,69336.97000000,69493.89000000,130.79932000
1787206800000,2026-08-20T06:20:00.000Z,69493.89000000,69694.00000000,69470.00000000,69684.01000000,109.49691000
1787207100000,2026-08-20T06:25:00.000Z,69684.00000000,69690.12000000,69547.09000000,69600.09000000,86.99103000
1787207400000,2026-08-20T06:30:00.000Z,69600.09000000,69702.11000000,69600.08000000,69652.00000000,70.86901000
1787207700000,2026-08-20T06:35:00.000Z,69652.00000000,69751.86000000,69640.24000000,69724.40000000,68.60751000
1787208000000,2026-08-20T06:40:00.000Z,69724.40000000,69793.63000000,69724.39000000,69782.80000000,54.81491000
1787208300000,2026-08-20T06:45:00.000Z,69782.80000000,69927.97000000,69777.01000000,69881.78000000,106.21103000
1787208600000,2026-08-20T06:50:00.000Z,69881.78000000,69899.99000000,69839.17000000,69855.58000000,37.45278000
1787208900000,2026-08-20T06:55:00.000Z,69855.58000000,69855.63000000,69817.28000000,69851.99000000,41.26446000
1787209200000,2026-08-20T07:00:00.000Z,69851.99000000,69866.00000000,69758.04000000,69866.00000000,80.66229000
1787209500000,2026-08-20T07:05:00.000Z,69866.00000000,69999.67000000,69853.00000000,69972.90000000,156.14248000
1787209800000,2026-08-20T07:10:00.000Z,69972.91000000,70022.00000000,69804.00000000,69804.00000000,350.05313000
1787210100000,2026-08-20T07:15:00.000Z,69804.00000000,69804.01000000,69640.00000000,69640.00000000,58.07659000
1787210400000,2026-08-20T07:20:00.000Z,69640.01000000,69727.39000000,69618.90000000,69634.59000000,57.57000000
1787210700000,2026-08-20T07:25:00.000Z,69634.59000000,69718.73000000,69632.77000000,69692.43000000,20.94544000
1787211000000,2026-08-20T07:30:00.000Z,69692.43000000,69692.43000000,69506.91000000,69604.55000000,203.82220000
1787211300000,2026-08-20T07:35:00.000Z,69604.55000000,69630.72000000,69531.89000000,69555.91000000,265.39898000
1787211600000,2026-08-20T07:40:00.000Z,69555.90000000,69630.72000000,69537.67000000,69602.56000000,248.25736000
1787211900000,2026-08-20T07:45:00.000Z,69602.56000000,69690.12000000,69559.62000000,69677.89000000,219.00350000
1787212200000,2026-08-20T07:50:00.000Z,69677.88000000,69799.83000000,69616.67000000,69799.83000000,218.93990000
1787212500000,2026-08-20T07:55:00.000Z,69799.84000000,69816.45000000,69718.99000000,69816.45000000,228.27349000
1787212800000,2026-08-20T08:00:00.000Z,69816.45000000,69880.28000000,69772.36000000,69849.94000000,113.99846000
1787213100000,2026-08-20T08:05:00.000Z,69849.94000000,70791.10000000,69844.18000000,70701.22000000,574.41210000
1787213400000,2026-08-20T08:10:00.000Z,70701.22000000,71365.02000000,70660.53000000,71300.01000000,829.93423000
1787213700000,2026-08-20T08:15:00.000Z,71300.00000000,71570.17000000,71019.67000000,71315.84000000,582.30488000
1787214000000,2026-08-20T08:20:00.000Z,71315.84000000,71325.32000000,71114.96000000,71172.00000000,213.86776000
1787214300000,2026-08-20T08:25:00.000Z,71171.99000000,71386.37000000,71092.85000000,71349.73000000,379.05088000
1787214600000,2026-08-20T08:30:00.000Z,71349.73000000,71460.00000000,71208.20000000,71289.24000000,332.56807000
1787214900000,2026-08-20T08:35:00.000Z,71289.23000000,71584.10000000,71180.74000000,71450.98000000,226.15015000
1787215200000,2026-08-20T08:40:00.000Z,71450.97000000,71667.04000000,71419.31000000,71508.62000000,188.20538000
1787215500000,2026-08-20T08:45:00.000Z,71508.63000000,71750.00000000,71448.04000000,71636.01000000,374.86674000
1787215800000,2026-08-20T08:50:00.000Z,71636.00000000,71814.98000000,71568.61000000,71788.19000000,161.10682000
1787216100000,2026-08-20T08:55:00.000Z,71788.20000000,71826.26000000,71578.83000000,71592.10000000,197.37929000
1787216400000,2026-08-20T09:00:00.000Z,71592.11000000,71684.41000000,71500.00000000,71622.41000000,175.95420000
1787216700000,2026-08-20T09:05:00.000Z,71622.40000000,71949.59000000,71617.10000000,71884.00000000,318.79050000
1787217000000,2026-08-20T09:10:00.000Z,71884.01000000,71979.75000000,71700.00000000,71940.52000000,303.07950000
1787217300000,2026-08-20T09:15:00.000Z,71940.53000000,72050.48000000,71762.00000000,71888.01000000,408.12871000
1787217600000,2026-08-20T09:20:00.000Z,71888.02000000,72067.46000000,71815.01000000,72030.57000000,253.91168000
1787217900000,2026-08-20T09:25:00.000Z,72030.57000000,72032.63000000,71828.74000000,71828.74000000,433.67500000
1787218200000,2026-08-20T09:30:00.000Z,71828.74000000,72000.00000000,71732.92000000,71944.81000000,171.32388000
1787218500000,2026-08-20T09:35:00.000Z,71944.80000000,72053.83000000,71871.79000000,71886.00000000,173.27999000
1787218800000,2026-08-20T09:40:00.000Z,71885.99000000,72050.65000000,71878.70000000,72000.01000000,125.23653000
1787219100000,2026-08-20T09:45:00.000Z,72000.00000000,72036.00000000,71891.41000000,71912.00000000,188.95471000
1787219400000,2026-08-20T09:50:00.000Z,71912.00000000,71913.19000000,71690.80000000,71700.00000000,341.84144000
1787219700000,2026-08-20T09:55:00.000Z,71700.00000000,71801.91000000,71678.66000000,71789.97000000,272.05711000
1787220000000,2026-08-20T10:00:00.000Z,71789.97000000,71906.26000000,71686.58000000,71768.69000000,273.70051000
1787220300000,2026-08-20T10:05:00.000Z,71768.69000000,71904.00000000,71706.95000000,71844.00000000,313.06229000
1787220600000,2026-08-20T10:10:00.000Z,71844.00000000,72172.72000000,71803.69000000,72145.86000000,293.37753000
1787220900000,2026-08-20T10:15:00.000Z,72145.86000000,72476.73000000,72130.00000000,72399.99000000,474.87259000
1787221200000,2026-08-20T10:20:00.000Z,72399.99000000,72490.00000000,72134.00000000,72259.14000000,249.87900000
1787221500000,2026-08-20T10:25:00.000Z,72259.14000000,72259.14000000,71975.13000000,72039.99000000,184.98961000
1787221800000,2026-08-20T10:30:00.000Z,72039.99000000,72048.00000000,71815.43000000,71887.11000000,151.34924000
1787222100000,2026-08-20T10:35:00.000Z,71887.11000000,71910.00000000,71816.04000000,71864.01000000,118.85189000
1787222400000,2026-08-20T10:40:00.000Z,71864.01000000,71875.74000000,71766.00000000,71809.78000000,85.30420000
1787222700000,2026-08-20T10:45:00.000Z,71809.79000000,71962.00000000,71809.79000000,71873.71000000,72.37433000
1787223000000,2026-08-20T10:50:00.000Z,71873.72000000,71960.00000000,71860.00000000,71924.00000000,72.75497000
1787223300000,2026-08-20T10:55:00.000Z,71924.01000000,71995.99000000,71879.27000000,71995.99000000,60.44844000
1787223600000,2026-08-20T11:00:00.000Z,71995.99000000,72147.54000000,71932.66000000,72068.01000000,137.16901000
1787223900000,2026-08-20T11:05:00.000Z,72068.01000000,72068.01000000,71865.35000000,71958.00000000,193.98665000
1787224200000,2026-08-20T11:10:00.000Z,71958.01000000,71984.00000000,71837.56000000,71983.99000000,67.86420000
1787224500000,2026-08-20T11:15:00.000Z,71983.99000000,71984.00000000,71878.00000000,71878.01000000,97.52626000
1787224800000,2026-08-20T11:20:00.000Z,71878.01000000,72043.93000000,71872.08000000,71924.00000000,150.15552000
1787225100000,2026-08-20T11:25:00.000Z,71924.00000000,71939.91000000,71886.00000000,71898.19000000,75.15565000
1787225400000,2026-08-20T11:30:00.000Z,71898.19000000,72247.04000000,71862.77000000,72240.00000000,149.06294000
1787225700000,2026-08-20T11:35:00.000Z,72240.00000000,72316.00000000,72148.51000000,72278.01000000,108.07858000
1787226000000,2026-08-20T11:40:00.000Z,72278.00000000,72322.00000000,72136.15000000,72154.01000000,150.30736000
1787226300000,2026-08-20T11:45:00.000Z,72154.01000000,72284.75000000,72144.00000000,72175.70000000,72.73752000
1787226600000,2026-08-20T11:50:00.000Z,72175.70000000,72206.00000000,72008.00000000,72008.00000000,60.53506000
1787226900000,2026-08-20T11:55:00.000Z,72008.00000000,72010.08000000,71820.00000000,71927.07000000,95.00604000
1787227200000,2026-08-20T12:00:00.000Z,71927.07000000,71983.06000000,71786.00000000,71796.01000000,127.42247000
1787227500000,2026-08-20T12:05:00.000Z,71796.01000000,71837.75000000,71501.00000000,71662.00000000,244.98055000
1787227800000,2026-08-20T12:10:00.000Z,71662.00000000,71862.00000000,71659.99000000,71792.11000000,137.01942000
1787228100000,2026-08-20T12:15:00.000Z,71792.11000000,71858.00000000,71690.36000000,71758.00000000,102.67484000
1787228400000,2026-08-20T12:20:00.000Z,71757.99000000,71884.19000000,71744.79000000,71833.38000000,224.98735000
1787228700000,2026-08-20T12:25:00.000Z,71833.38000000,71876.00000000,71800.68000000,71844.76000000,77.54417000
1787229000000,2026-08-20T12:30:00.000Z,71844.76000000,72015.42000000,71730.34000000,71778.00000000,172.62104000
1787229300000,2026-08-20T12:35:00.000Z,71778.00000000,71836.00000000,71684.00000000,71836.00000000,92.74669000
1787229600000,2026-08-20T12:40:00.000Z,71835.99000000,71880.00000000,71660.00000000,71686.00000000,98.46228000
1787229900000,2026-08-20T12:45:00.000Z,71686.00000000,71689.97000000,71502.94000000,71590.00000000,131.39913000
1787230200000,2026-08-20T12:50:00.000Z,71589.99000000,71886.86000000,71589.99000000,71877.22000000,112.17841000
1787230500000,2026-08-20T12:55:00.000Z,71877.23000000,71954.00000000,71868.00000000,71952.04000000,54.82767000
1787230800000,2026-08-20T13:00:00.000Z,71952.04000000,72045.67000000,71899.86000000,71982.77000000,120.70433000
1787231100000,2026-08-20T13:05:00.000Z,71982.78000000,72108.80000000,71982.78000000,72019.20000000,132.48796000
1787231400000,2026-08-20T13:10:00.000Z,72019.19000000,72053.83000000,71966.00000000,72052.85000000,99.69340000
1787231700000,2026-08-20T13:15:00.000Z,72052.85000000,72052.85000000,71916.94000000,71952.60000000,102.39768000
1787232000000,2026-08-20T13:20:00.000Z,71952.59000000,72029.76000000,71926.69000000,72010.01000000,113.11663000
1787232300000,2026-08-20T13:25:00.000Z,72010.00000000,72010.00000000,71847.74000000,71964.87000000,158.91909000
1787232600000,2026-08-20T13:30:00.000Z,71964.87000000,71964.87000000,71470.58000000,71518.66000000,364.72185000
1787232900000,2026-08-20T13:35:00.000Z,71518.66000000,71638.00000000,71132.00000000,71378.77000000,458.96170000
1787233200000,2026-08-20T13:40:00.000Z,71378.77000000,71674.36000000,71306.54000000,71672.93000000,181.21068000
1787233500000,2026-08-20T13:45:00.000Z,71672.93000000,71700.00000000,71442.85000000,71623.70000000,170.42642000
1787233800000,2026-08-20T13:50:00.000Z,71623.71000000,71843.65000000,71532.17000000,71744.24000000,147.12019000
1787234100000,2026-08-20T13:55:00.000Z,71744.25000000,71790.00000000,71640.00000000,71691.99000000,102.14867000
1787234400000,2026-08-20T14:00:00.000Z,71692.00000000,71807.99000000,71615.98000000,71737.26000000,149.17828000
1787234700000,2026-08-20T14:05:00.000Z,71737.25000000,71873.82000000,71681.13000000,71859.96000000,146.48933000
1787235000000,2026-08-20T14:10:00.000Z,71859.97000000,71990.09000000,71822.00000000,71822.01000000,175.63036000
1787235300000,2026-08-20T14:15:00.000Z,71822.01000000,71828.00000000,71570.00000000,71570.01000000,132.36683000
1787235600000,2026-08-20T14:20:00.000Z,71570.01000000,71671.95000000,71494.00000000,71660.94000000,100.86075000
1787235900000,2026-08-20T14:25:00.000Z,71660.94000000,71704.00000000,71364.01000000,71450.16000000,152.60886000
1787236200000,2026-08-20T14:30:00.000Z,71450.16000000,71678.77000000,71416.00000000,71572.01000000,127.20541000
1787236500000,2026-08-20T14:35:00.000Z,71572.01000000,71717.14000000,71494.00000000,71551.99000000,111.99047000
1787236800000,2026-08-20T14:40:00.000Z,71552.00000000,71624.00000000,71468.00000000,71548.00000000,94.42653000
1787237100000,2026-08-20T14:45:00.000Z,71548.00000000,71564.00000000,71416.00000000,71563.99000000,92.49817000
1787237400000,2026-08-20T14:50:00.000Z,71564.00000000,71770.00000000,71553.58000000,71749.50000000,92.99442000
1787237700000,2026-08-20T14:55:00.000Z,71749.49000000,71830.00000000,71670.00000000,71826.85000000,64.79230000
1787238000000,2026-08-20T15:00:00.000Z,71826.85000000,72564.01000000,71789.01000000,72330.47000000,518.49965000
1787238300000,2026-08-20T15:05:00.000Z,72330.47000000,72416.00000000,72008.00000000,72174.00000000,314.38313000
1787238600000,2026-08-20T15:10:00.000Z,72173.99000000,72349.99000000,72148.00000000,72246.95000000,207.78564000
1787238900000,2026-08-20T15:15:00.000Z,72246.94000000,72286.00000000,72084.00000000,72243.99000000,276.04491000
1787239200000,2026-08-20T15:20:00.000Z,72244.00000000,72354.00000000,71978.53000000,72078.53000000,240.40914000
1787239500000,2026-08-20T15:25:00.000Z,72078.52000000,72414.00000000,72074.70000000,72413.99000000,141.23715000
1787239800000,2026-08-20T15:30:00.000Z,72414.00000000,72830.00000000,72378.00000000,72514.85000000,423.67950000
1787240100000,2026-08-20T15:35:00.000Z,72514.85000000,72514.86000000,72174.97000000,72252.38000000,201.55707000
1787240400000,2026-08-20T15:40:00.000Z,72252.38000000,72356.72000000,72205.01000000,72247.34000000,112.27363000
1787240700000,2026-08-20T15:45:00.000Z,72247.35000000,72400.00000000,72170.00000000,72352.56000000,168.97282000
1787241000000,2026-08-20T15:50:00.000Z,72352.57000000,72570.00000000,72328.19000000,72489.99000000,185.22640000
1787241300000,2026-08-20T15:55:00.000Z,72490.00000000,72531.99000000,72444.00000000,72470.83000000,136.66616000
1787241600000,2026-08-20T16:00:00.000Z,72470.84000000,72507.25000000,72328.00000000,72330.09000000,213.94234000
1787241900000,2026-08-20T16:05:00.000Z,72330.09000000,72508.00000000,72330.09000000,72490.00000000,112.06562000
1787242200000,2026-08-20T16:10:00.000Z,72490.00000000,72492.00000000,72275.17000000,72308.97000000,85.84593000
1787242500000,2026-08-20T16:15:00.000Z,72308.97000000,72370.00000000,72205.88000000,72349.22000000,65.13544000
1787242800000,2026-08-20T16:20:00.000Z,72349.22000000,72351.03000000,72281.79000000,72291.68000000,66.80927000
1787243100000,2026-08-20T16:25:00.000Z,72291.68000000,72417.29000000,72283.79000000,72406.83000000,76.39494000
1787243400000,2026-08-20T16:30:00.000Z,72406.82000000,72450.00000000,72284.00000000,72408.00000000,76.31807000
1787243700000,2026-08-20T16:35:00.000Z,72408.01000000,72450.00000000,72300.00000000,72450.00000000,67.79857000
1787244000000,2026-08-20T16:40:00.000Z,72449.99000000,72693.21000000,72449.99000000,72630.89000000,161.88260000
1787244300000,2026-08-20T16:45:00.000Z,72630.89000000,72722.00000000,72517.22000000,72568.00000000,119.19963000
1787244600000,2026-08-20T16:50:00.000Z,72567.99000000,72672.00000000,72556.66000000,72649.99000000,110.61185000
1787244900000,2026-08-20T16:55:00.000Z,72650.00000000,72905.00000000,72564.00000000,72837.15000000,168.39960000
1787245200000,2026-08-20T17:00:00.000Z,72837.15000000,72876.00000000,72717.34000000,72766.11000000,174.29176000
1787245500000,2026-08-20T17:05:00.000Z,72766.12000000,72801.97000000,72636.60000000,72664.00000000,135.10285000
1787245800000,2026-08-20T17:10:00.000Z,72664.00000000,72714.61000000,72534.71000000,72692.00000000,146.15316000
1787246100000,2026-08-20T17:15:00.000Z,72692.00000000,72738.02000000,72624.00000000,72636.00000000,87.36041000
1787246400000,2026-08-20T17:20:00.000Z,72636.00000000,72766.00000000,72566.00000000,72724.00000000,66.83613000
1787246700000,2026-08-20T17:25:00.000Z,72723.99000000,72843.36000000,72714.53000000,72810.00000000,92.60794000
1787247000000,2026-08-20T17:30:00.000Z,72810.01000000,72859.13000000,72752.00000000,72806.00000000,133.21610000
1787247300000,2026-08-20T17:35:00.000Z,72805.99000000,72837.92000000,72722.00000000,72816.01000000,75.30188000
1787247600000,2026-08-20T17:40:00.000Z,72816.00000000,72827.99000000,72666.00000000,72762.00000000,68.05037000
1787247900000,2026-08-20T17:45:00.000Z,72761.99000000,72812.00000000,72716.00000000,72804.74000000,108.68584000
1787248200000,2026-08-20T17:50:00.000Z,72804.74000000,72966.00000000,72776.00000000,72890.48000000,96.49720000
1787248500000,2026-08-20T17:55:00.000Z,72890.49000000,72900.00000000,72730.00000000,72737.50000000,84.31587000
1787248800000,2026-08-20T18:00:00.000Z,72737.51000000,72810.00000000,72554.00000000,72615.94000000,104.63806000
1787249100000,2026-08-20T18:05:00.000Z,72615.94000000,72646.00000000,72490.00000000,72557.66000000,90.19768000
1787249400000,2026-08-20T18:10:00.000Z,72557.66000000,72632.88000000,72470.00000000,72617.78000000,88.23557000
1787249700000,2026-08-20T18:15:00.000Z,72617.78000000,72636.80000000,72488.09000000,72632.39000000,64.01870000
1787250000000,2026-08-20T18:20:00.000Z,72632.39000000,72735.39000000,72632.39000000,72735.39000000,72.57347000
1787250300000,2026-08-20T18:25:00.000Z,72735.39000000,72741.52000000,72640.56000000,72688.00000000,59.89514000
1787250600000,2026-08-20T18:30:00.000Z,72688.01000000,72700.00000000,72400.00000000,72453.64000000,112.07006000
1787250900000,2026-08-20T18:35:00.000Z,72453.65000000,72586.64000000,72428.44000000,72460.01000000,95.79783000
1787251200000,2026-08-20T18:40:00.000Z,72460.01000000,72519.23000000,72394.00000000,72501.42000000,95.33065000
1787251500000,2026-08-20T18:45:00.000Z,72501.43000000,72534.52000000,72432.68000000,72534.00000000,86.12540000
1787251800000,2026-08-20T18:50:00.000Z,72533.99000000,72622.00000000,72468.00000000,72492.00000000,56.94057000
1787252100000,2026-08-20T18:55:00.000Z,72492.00000000,72516.00000000,72418.00000000,72431.36000000,42.18349000
1787252400000,2026-08-20T19:00:00.000Z,72431.35000000,72442.00000000,72330.00000000,72396.00000000,83.52371000
1787252700000,2026-08-20T19:05:00.000Z,72396.00000000,72496.00000000,72342.00000000,72470.09000000,54.91428000
1787253000000,2026-08-20T19:10:00.000Z,72470.09000000,72508.00000000,72452.00000000,72484.61000000,58.34757000
1787253300000,2026-08-20T19:15:00.000Z,72484.61000000,72578.00000000,72476.74000000,72532.01000000,66.85741000
1787253600000,2026-08-20T19:20:00.000Z,72532.00000000,72632.12000000,72513.26000000,72625.97000000,71.39156000
1787253900000,2026-08-20T19:25:00.000Z,72625.96000000,72637.34000000,72554.00000000,72610.00000000,53.51593000
1787254200000,2026-08-20T19:30:00.000Z,72610.01000000,72644.49000000,72572.00000000,72588.59000000,64.16799000
1787254500000,2026-08-20T19:35:00.000Z,72588.59000000,72718.00000000,72544.98000000,72704.68000000,90.56960000
1787254800000,2026-08-20T19:40:00.000Z,72704.68000000,72774.00000000,72688.17000000,72719.54000000,61.46686000
1787255100000,2026-08-20T19:45:00.000Z,72719.53000000,72733.09000000,72588.00000000,72674.92000000,57.58979000
1787255400000,2026-08-20T19:50:00.000Z,72674.92000000,72750.43000000,72653.42000000,72677.02000000,59.32537000
1787255700000,2026-08-20T19:55:00.000Z,72677.02000000,72704.00000000,72622.00000000,72690.76000000,96.98077000
1787256000000,2026-08-20T20:00:00.000Z,72690.76000000,72723.26000000,72630.19000000,72709.43000000,40.22008000
1787256300000,2026-08-20T20:05:00.000Z,72709.43000000,72733.55000000,72680.00000000,72733.55000000,107.74991000
1787256600000,2026-08-20T20:10:00.000Z,72733.55000000,72786.00000000,72666.00000000,72695.87000000,40.48801000
1787256900000,2026-08-20T20:15:00.000Z,72695.86000000,72720.00000000,72630.00000000,72719.99000000,38.92753000
1787257200000,2026-08-20T20:20:00.000Z,72719.99000000,72800.00000000,72676.00000000,72799.99000000,56.12436000
1787257500000,2026-08-20T20:25:00.000Z,72800.00000000,72919.44000000,72790.70000000,72830.00000000,74.42155000
1787257800000,2026-08-20T20:30:00.000Z,72830.00000000,72939.00000000,72817.99000000,72878.01000000,95.42393000
1787258100000,2026-08-20T20:35:00.000Z,72878.00000000,73110.70000000,72738.01000000,72738.01000000,230.39560000
1787258400000,2026-08-20T20:40:00.000Z,72738.00000000,72822.00000000,72706.00000000,72763.99000000,54.16645000
1787258700000,2026-08-20T20:45:00.000Z,72764.00000000,72792.36000000,72724.00000000,72726.38000000,45.40839000
1787259000000,2026-08-20T20:50:00.000Z,72726.37000000,72735.58000000,72596.67000000,72610.00000000,49.90901000
1787259300000,2026-08-20T20:55:00.000Z,72610.00000000,72682.00000000,72594.00000000,72671.75000000,38.38470000
1787259600000,2026-08-20T21:00:00.000Z,72671.76000000,72671.76000000,72610.00000000,72619.03000000,54.29427000
1787259900000,2026-08-20T21:05:00.000Z,72619.02000000,72632.00000000,72557.00000000,72623.02000000,98.44849000
1787260200000,2026-08-20T21:10:00.000Z,72623.03000000,72701.87000000,72623.02000000,72701.87000000,51.21589000
1787260500000,2026-08-20T21:15:00.000Z,72701.87000000,72848.00000000,72701.86000000,72735.67000000,68.13874000
1787260800000,2026-08-20T21:20:00.000Z,72735.66000000,72764.86000000,72714.00000000,72724.67000000,24.57729000
1787261100000,2026-08-20T21:25:00.000Z,72724.67000000,72760.00000000,72651.65000000,72655.45000000,33.38181000
1787261400000,2026-08-20T21:30:00.000Z,72655.45000000,72814.49000000,72655.44000000,72813.91000000,44.20149000
1787261700000,2026-08-20T21:35:00.000Z,72813.91000000,72837.16000000,72755.75000000,72768.21000000,28.99333000
1787262000000,2026-08-20T21:40:00.000Z,72768.20000000,72810.00000000,72719.48000000,72742.00000000,32.07866000
1787262300000,2026-08-20T21:45:00.000Z,72742.00000000,72754.00000000,72719.48000000,72724.12000000,27.42964000
1787262600000,2026-08-20T21:50:00.000Z,72724.12000000,72770.00000000,72719.47000000,72758.62000000,19.83315000
1787262900000,2026-08-20T21:55:00.000Z,72758.61000000,72776.00000000,72710.00000000,72741.81000000,19.28228000
1787263200000,2026-08-20T22:00:00.000Z,72741.81000000,72754.62000000,72498.00000000,72506.01000000,69.92468000
1787263500000,2026-08-20T22:05:00.000Z,72506.01000000,72658.36000000,72505.92000000,72645.99000000,56.67474000
1787263800000,2026-08-20T22:10:00.000Z,72645.99000000,72664.00000000,72600.00000000,72610.00000000,22.34241000
1787264100000,2026-08-20T22:15:00.000Z,72610.01000000,72644.00000000,72562.00000000,72612.00000000,36.51177000
1787264400000,2026-08-20T22:20:00.000Z,72612.00000000,72800.00000000,72611.99000000,72784.23000000,43.84945000
1787264700000,2026-08-20T22:25:00.000Z,72784.23000000,72827.74000000,72762.00000000,72792.00000000,22.60014000
1787265000000,2026-08-20T22:30:00.000Z,72791.99000000,72793.42000000,72678.00000000,72742.00000000,54.79273000
1787265300000,2026-08-20T22:35:00.000Z,72741.99000000,72804.00000000,72724.00000000,72753.97000000,28.28392000
1787265600000,2026-08-20T22:40:00.000Z,72753.97000000,72753.97000000,72692.73000000,72692.73000000,19.39014000
1787265900000,2026-08-20T22:45:00.000Z,72692.74000000,72741.02000000,72689.92000000,72722.33000000,22.44913000
1787266200000,2026-08-20T22:50:00.000Z,72722.33000000,72878.00000000,72721.02000000,72844.00000000,36.59377000
1787266500000,2026-08-20T22:55:00.000Z,72844.00000000,72844.00000000,72674.00000000,72676.22000000,106.85038000
1787266800000,2026-08-20T23:00:00.000Z,72676.23000000,72724.00000000,72664.56000000,72716.37000000,20.14580000
1787267100000,2026-08-20T23:05:00.000Z,72716.37000000,72842.00000000,72716.36000000,72812.78000000,26.81954000
1787267400000,2026-08-20T23:10:00.000Z,72812.78000000,72928.00000000,72812.78000000,72927.99000000,37.63253000
1787267700000,2026-08-20T23:15:00.000Z,72927.99000000,73032.00000000,72906.00000000,73016.01000000,47.58695000
1787268000000,2026-08-20T23:20:00.000Z,73016.00000000,73026.62000000,72910.85000000,73008.01000000,47.28010000
1787268300000,2026-08-20T23:25:00.000Z,73008.01000000,73400.00000000,73008.01000000,73212.00000000,400.70412000
1787268600000,2026-08-20T23:30:00.000Z,73212.00000000,73390.15000000,73206.00000000,73229.51000000,83.74097000
1787268900000,2026-08-20T23:35:00.000Z,73229.50000000,73242.00000000,73073.57000000,73120.97000000,70.11601000
1787269200000,2026-08-20T23:40:00.000Z,73120.97000000,73162.00000000,73106.00000000,73108.01000000,35.17601000
1787269500000,2026-08-20T23:45:00.000Z,73108.01000000,73155.37000000,73058.82000000,73108.00000000,58.62337000
1787269800000,2026-08-20T23:50:00.000Z,73108.00000000,73112.00000000,72981.31000000,73111.99000000,65.95199000
1787270100000,2026-08-20T23:55:00.000Z,73112.00000000,73112.00000000,72998.78000000,73025.15000000,37.02351000
1787270400000,2026-08-21T00:00:00.000Z,73027.02000000,73170.26000000,73027.02000000,73107.36000000,105.58003000
1787270700000,2026-08-21T00:05:00.000Z,73107.36000000,73370.00000000,73098.00000000,73279.99000000,118.10829000
1787271000000,2026-08-21T00:10:00.000Z,73280.00000000,73500.00000000,73277.43000000,73495.40000000,147.51450000
1787271300000,2026-08-21T00:15:00.000Z,73495.41000000,73899.00000000,73356.00000000,73642.00000000,452.86434000
1787271600000,2026-08-21T00:20:00.000Z,73642.00000000,73880.00000000,73588.00000000,73799.19000000,170.48296000
1787271900000,2026-08-21T00:25:00.000Z,73799.19000000,73876.00000000,73674.00000000,73716.00000000,119.36757000
1787272200000,2026-08-21T00:30:00.000Z,73716.00000000,73990.00000000,73687.71000000,73741.45000000,253.40377000
1787272500000,2026-08-21T00:35:00.000Z,73741.44000000,73768.00000000,73532.91000000,73643.67000000,158.19554000
1787272800000,2026-08-21T00:40:00.000Z,73643.66000000,73722.00000000,73530.85000000,73690.01000000,153.48188000
1787273100000,2026-08-21T00:45:00.000Z,73690.00000000,73826.78000000,73612.00000000,73761.56000000,120.14710000
1787273400000,2026-08-21T00:50:00.000Z,73761.56000000,73850.00000000,73660.01000000,73666.00000000,75.59468000
1787273700000,2026-08-21T00:55:00.000Z,73666.01000000,73722.00000000,73588.24000000,73708.02000000,45.19939000
1787274000000,2026-08-21T01:00:00.000Z,73707.82000000,73931.99000000,73668.00000000,73840.01000000,77.62050000
1787274300000,2026-08-21T01:05:00.000Z,73840.01000000,73948.85000000,73808.00000000,73929.87000000,92.98488000
1787274600000,2026-08-21T01:10:00.000Z,73929.88000000,73999.00000000,73908.00000000,73990.50000000,72.65695000
1787274900000,2026-08-21T01:15:00.000Z,73990.50000000,74866.66000000,73960.00000000,74659.92000000,760.30633000
1787275200000,2026-08-21T01:20:00.000Z,74659.91000000,74721.33000000,74274.52000000,74501.59000000,268.64219000
1787275500000,2026-08-21T01:25:00.000Z,74501.58000000,74800.00000000,74489.50000000,74726.77000000,129.11461000
1787275800000,2026-08-21T01:30:00.000Z,74726.78000000,75045.20000000,74600.00000000,74777.42000000,369.45722000
1787276100000,2026-08-21T01:35:00.000Z,74777.42000000,74797.30000000,74540.96000000,74610.03000000,191.11193000
1787276400000,2026-08-21T01:40:00.000Z,74610.03000000,74798.00000000,74552.00000000,74744.04000000,106.95699000
1787276700000,2026-08-21T01:45:00.000Z,74744.05000000,75785.82000000,74701.95000000,75585.70000000,703.20510000
1787277000000,2026-08-21T01:50:00.000Z,75585.71000000,75605.43000000,75376.26000000,75376.27000000,195.86352000
1787277300000,2026-08-21T01:55:00.000Z,75376.26000000,75404.85000000,75100.00000000,75129.23000000,205.40925000
1787277600000,2026-08-21T02:00:00.000Z,75129.23000000,75130.00000000,74790.69000000,75074.22000000,315.89333000
1787277900000,2026-08-21T02:05:00.000Z,75074.22000000,75197.08000000,74889.78000000,74912.97000000,111.17475000
1787278200000,2026-08-21T02:10:00.000Z,74912.97000000,74920.91000000,74681.88000000,74876.05000000,101.26284000
1787278500000,2026-08-21T02:15:00.000Z,74876.05000000,74923.48000000,74652.95000000,74729.61000000,279.58672000
1787278800000,2026-08-21T02:20:00.000Z,74729.61000000,74781.57000000,74654.48000000,74681.86000000,99.88048000
1787279100000,2026-08-21T02:25:00.000Z,74681.85000000,74991.70000000,74681.11000000,74970.92000000,105.53948000
1787279400000,2026-08-21T02:30:00.000Z,74970.92000000,75095.16000000,74574.81000000,74787.63000000,233.83115000
1787279700000,2026-08-21T02:35:00.000Z,74787.62000000,74824.87000000,74667.59000000,74784.40000000,79.00237000
1787280000000,2026-08-21T02:40:00.000Z,74784.40000000,74818.68000000,74704.43000000,74725.27000000,45.88065000
1787280300000,2026-08-21T02:45:00.000Z,74725.62000000,74730.62000000,74448.27000000,74471.75000000,179.08558000
1787280600000,2026-08-21T02:50:00.000Z,74471.76000000,74527.07000000,74400.00000000,74420.01000000,96.40854000
1787280900000,2026-08-21T02:55:00.000Z,74420.00000000,74482.25000000,74384.63000000,74439.74000000,68.60897000
1787281200000,2026-08-21T03:00:00.000Z,74439.75000000,74480.41000000,74336.84000000,74388.26000000,65.36847000
1787281500000,2026-08-21T03:05:00.000Z,74388.26000000,74388.26000000,74247.46000000,74343.04000000,112.93071000
1787281800000,2026-08-21T03:10:00.000Z,74343.04000000,74500.00000000,74325.66000000,74459.31000000,131.18748000
1787282100000,2026-08-21T03:15:00.000Z,74459.31000000,74500.00000000,74316.99000000,74448.37000000,64.19949000
1787282400000,2026-08-21T03:20:00.000Z,74448.36000000,74607.52000000,74448.36000000,74554.26000000,95.54803000
1787282700000,2026-08-21T03:25:00.000Z,74554.26000000,74645.08000000,74514.28000000,74609.12000000,69.32923000
1787283000000,2026-08-21T03:30:00.000Z,74609.12000000,74666.35000000,74584.97000000,74585.69000000,66.47158000
1787283300000,2026-08-21T03:35:00.000Z,74585.69000000,74607.88000000,74442.83000000,74530.33000000,81.67959000
1787283600000,2026-08-21T03:40:00.000Z,74530.33000000,74733.77000000,74489.01000000,74674.56000000,100.12084000
1787283900000,2026-08-21T03:45:00.000Z,74674.55000000,74840.21000000,74674.55000000,74789.38000000,66.47668000
1787284200000,2026-08-21T03:50:00.000Z,74789.39000000,74882.24000000,74650.00000000,74667.41000000,96.52648000
1787284500000,2026-08-21T03:55:00.000Z,74667.40000000,74729.10000000,74500.00000000,74510.77000000,89.96214000
1787284800000,2026-08-21T04:00:00.000Z,74510.77000000,74850.00000000,74510.77000000,74786.49000000,74.90795000
1787285100000,2026-08-21T04:05:00.000Z,74786.48000000,74856.83000000,74704.89000000,74850.30000000,49.01230000
1787285400000,2026-08-21T04:10:00.000Z,74850.31000000,74900.00000000,74763.10000000,74870.82000000,62.28646000
1787285700000,2026-08-21T04:15:00.000Z,74870.83000000,74926.88000000,74810.16000000,74871.28000000,57.09674000
1787286000000,2026-08-21T04:20:00.000Z,74871.28000000,74950.00000000,74856.87000000,74856.87000000,50.75960000
1787286300000,2026-08-21T04:25:00.000Z,74856.87000000,74891.08000000,74787.50000000,74818.07000000,71.17766000
1787286600000,2026-08-21T04:30:00.000Z,74818.07000000,75000.00000000,74783.01000000,74966.02000000,92.05557000
1787286900000,2026-08-21T04:35:00.000Z,74966.02000000,74993.88000000,74926.50000000,74926.51000000,45.76346000
1787287200000,2026-08-21T04:40:00.000Z,74926.50000000,74960.43000000,74860.00000000,74958.93000000,63.39732000
1787287500000,2026-08-21T04:45:00.000Z,74958.92000000,75038.48000000,74926.00000000,74988.01000000,96.94322000
1787287800000,2026-08-21T04:50:00.000Z,74988.01000000,75032.85000000,74940.07000000,75032.84000000,83.75700000
1787288100000,2026-08-21T04:55:00.000Z,75032.84000000,75054.46000000,74994.04000000,75026.00000000,78.35957000
1787288400000,2026-08-21T05:00:00.000Z,75026.00000000,75120.00000000,74918.79000000,74954.93000000,82.63023000
1787288700000,2026-08-21T05:05:00.000Z,74954.94000000,75224.22000000,74954.94000000,75147.99000000,92.60113000
1787289000000,2026-08-21T05:10:00.000Z,75147.99000000,75365.23000000,75132.16000000,75325.98000000,89.23594000
1787289300000,2026-08-21T05:15:00.000Z,75325.99000000,75500.00000000,75200.03000000,75383.64000000,125.31982000
1787289600000,2026-08-21T05:20:00.000Z,75383.65000000,75495.20000000,75280.15000000,75293.56000000,96.04214000
1787289900000,2026-08-21T05:25:00.000Z,75293.57000000,75300.01000000,75053.00000000,75200.82000000,108.67482000
1787290200000,2026-08-21T05:30:00.000Z,75200.81000000,75281.60000000,75096.96000000,75212.46000000,71.16436000
1787290500000,2026-08-21T05:35:00.000Z,75212.47000000,75340.19000000,75180.00000000,75336.56000000,92.43371000
1787290800000,2026-08-21T05:40:00.000Z,75336.56000000,75386.00000000,75206.37000000,75277.51000000,96.07605000
1787291100000,2026-08-21T05:45:00.000Z,75277.52000000,75282.00000000,75214.00000000,75263.22000000,48.61093000
1787291400000,2026-08-21T05:50:00.000Z,75263.22000000,75405.99000000,75263.21000000,75360.14000000,133.46379000
1787291700000,2026-08-21T05:55:00.000Z,75360.14000000,75472.73000000,75360.13000000,75472.73000000,102.42933000
1787292000000,2026-08-21T06:00:00.000Z,75472.73000000,75472.73000000,75346.00000000,75432.01000000,120.68207000
1787292300000,2026-08-21T06:05:00.000Z,75432.01000000,75524.00000000,75369.07000000,75446.20000000,102.43829000
1787292600000,2026-08-21T06:10:00.000Z,75446.20000000,75452.02000000,75274.01000000,75289.60000000,102.87783000
1787292900000,2026-08-21T06:15:00.000Z,75289.61000000,75436.94000000,75278.01000000,75309.84000000,63.92419000
1787293200000,2026-08-21T06:20:00.000Z,75309.83000000,75365.38000000,75104.00000000,75231.96000000,96.93028000
1787293500000,2026-08-21T06:25:00.000Z,75231.95000000,75511.33000000,75198.22000000,75342.01000000,132.58694000
1787293800000,2026-08-21T06:30:00.000Z,75342.00000000,75652.00000000,75334.00000000,75637.47000000,125.34909000
1787294100000,2026-08-21T06:35:00.000Z,75637.46000000,75724.00000000,75494.53000000,75704.08000000,113.05559000
1787294400000,2026-08-21T06:40:00.000Z,75704.08000000,75753.00000000,75324.00000000,75394.97000000,262.34764000
1787294700000,2026-08-21T06:45:00.000Z,75394.98000000,75616.41000000,75300.00000000,75516.28000000,107.75359000
1787295000000,2026-08-21T06:50:00.000Z,75516.28000000,75566.00000000,75420.97000000,75544.00000000,89.21583000
1787295300000,2026-08-21T06:55:00.000Z,75544.00000000,75660.95000000,75536.00000000,75646.21000000,64.93939000
1787295600000,2026-08-21T07:00:00.000Z,75646.20000000,75880.00000000,75620.00000000,75733.61000000,194.50902000
1787295900000,2026-08-21T07:05:00.000Z,75733.62000000,75897.34000000,75654.00000000,75868.28000000,120.65031000
1787296200000,2026-08-21T07:10:00.000Z,75868.29000000,76013.50000000,75868.28000000,75969.99000000,222.91400000
1787296500000,2026-08-21T07:15:00.000Z,75970.00000000,76916.95000000,75931.79000000,76484.48000000,928.73404000
1787296800000,2026-08-21T07:20:00.000Z,76484.49000000,76528.22000000,76253.67000000,76253.84000000,242.38214000
1787297100000,2026-08-21T07:25:00.000Z,76253.84000000,76470.57000000,76253.67000000,76410.38000000,113.74332000
1787297400000,2026-08-21T07:30:00.000Z,76410.37000000,76559.48000000,76300.00000000,76384.61000000,349.33473000
1787297700000,2026-08-21T07:35:00.000Z,76384.61000000,76546.87000000,76300.00000000,76523.53000000,274.35258000
1787298000000,2026-08-21T07:40:00.000Z,76523.53000000,76809.94000000,76444.01000000,76595.89000000,344.05924000
1787298300000,2026-08-21T07:45:00.000Z,76595.88000000,76640.06000000,76408.28000000,76460.01000000,276.61169000
1787298600000,2026-08-21T07:50:00.000Z,76460.00000000,76494.63000000,76300.00000000,76326.84000000,263.28162000
1787298900000,2026-08-21T07:55:00.000Z,76326.84000000,76429.31000000,76199.48000000,76308.65000000,444.99164000
1787299200000,2026-08-21T08:00:00.000Z,76308.66000000,76750.00000000,76235.76000000,76632.01000000,165.38305000
1787299500000,2026-08-21T08:05:00.000Z,76632.01000000,76843.07000000,76445.31000000,76768.71000000,144.89315000
1787299800000,2026-08-21T08:10:00.000Z,76768.70000000,77200.00000000,76682.00000000,76892.01000000,330.77815000
1787300100000,2026-08-21T08:15:00.000Z,76892.01000000,77270.67000000,76852.32000000,77170.94000000,269.07600000
1787300400000,2026-08-21T08:20:00.000Z,77170.93000000,77212.16000000,76938.80000000,77037.28000000,190.99100000
1787300700000,2026-08-21T08:25:00.000Z,77037.29000000,77426.83000000,77037.29000000,77240.33000000,285.17162000
1787301000000,2026-08-21T08:30:00.000Z,77240.33000000,77571.15000000,77179.06000000,77561.06000000,267.74677000
1787301300000,2026-08-21T08:35:00.000Z,77561.05000000,77678.99000000,77428.50000000,77527.14000000,291.68260000
1787301600000,2026-08-21T08:40:00.000Z,77527.14000000,77800.00000000,77505.60000000,77647.34000000,350.55096000
1787301900000,2026-08-21T08:45:00.000Z,77647.34000000,78089.12000000,77582.00000000,77939.55000000,516.48401000
1787302200000,2026-08-21T08:50:00.000Z,77939.56000000,78672.94000000,77939.55000000,78657.92000000,646.37135000
1787302500000,2026-08-21T08:55:00.000Z,78657.92000000,79500.00000000,78500.00000000,79258.03000000,907.34440000
1787302800000,2026-08-21T09:00:00.000Z,79258.02000000,79363.79000000,77559.64000000,77852.74000000,1007.58391000
1787303100000,2026-08-21T09:05:00.000Z,77852.74000000,78144.23000000,77251.00000000,77833.88000000,682.64315000
1787303400000,2026-08-21T09:10:00.000Z,77833.89000000,78167.64000000,77817.10000000,77883.87000000,345.37901000
1787303700000,2026-08-21T09:15:00.000Z,77883.88000000,77945.90000000,77465.26000000,77580.83000000,385.03103000
1787304000000,2026-08-21T09:20:00.000Z,77580.83000000,77810.30000000,77539.28000000,77649.42000000,218.89118000
1787304300000,2026-08-21T09:25:00.000Z,77649.43000000,77866.53000000,77578.00000000,77711.09000000,194.60260000
1787304600000,2026-08-21T09:30:00.000Z,77711.10000000,77972.48000000,77626.00000000,77917.91000000,196.41058000
1787304900000,2026-08-21T09:35:00.000Z,77917.91000000,78011.15000000,77774.20000000,77908.01000000,193.09025000
1787305200000,2026-08-21T09:40:00.000Z,77908.00000000,78366.65000000,77872.08000000,78194.16000000,219.47075000
1787305500000,2026-08-21T09:45:00.000Z,78194.16000000,78367.89000000,78113.96000000,78257.61000000,238.36251000
1787305800000,2026-08-21T09:50:00.000Z,78257.62000000,78276.07000000,77961.91000000,78076.65000000,226.88028000
1787306100000,2026-08-21T09:55:00.000Z,78076.65000000,78115.43000000,77577.01000000,77910.71000000,258.73292000
1787306400000,2026-08-21T10:00:00.000Z,77910.71000000,77940.00000000,77623.37000000,77664.47000000,169.38880000
1787306700000,2026-08-21T10:05:00.000Z,77664.46000000,77820.38000000,77621.80000000,77790.76000000,139.02121000
1787307000000,2026-08-21T10:10:00.000Z,77790.77000000,78110.00000000,77790.77000000,78048.89000000,196.13402000
1787307300000,2026-08-21T10:15:00.000Z,78048.90000000,78250.00000000,78025.28000000,78240.84000000,213.66376000
1787307600000,2026-08-21T10:20:00.000Z,78240.85000000,78240.85000000,77963.33000000,78017.42000000,204.95865000
1787307900000,2026-08-21T10:25:00.000Z,78017.42000000,78017.99000000,77666.37000000,77928.54000000,153.47735000
1787308200000,2026-08-21T10:30:00.000Z,77928.54000000,77966.73000000,77675.39000000,77680.00000000,93.88947000
1787308500000,2026-08-21T10:35:00.000Z,77680.00000000,77790.00000000,77625.01000000,77721.99000000,90.13687000
1787308800000,2026-08-21T10:40:00.000Z,77722.00000000,77853.62000000,77720.00000000,77844.21000000,76.36139000
1787309100000,2026-08-21T10:45:00.000Z,77844.21000000,78000.00000000,77792.00000000,77794.54000000,76.91134000
1787309400000,2026-08-21T10:50:00.000Z,77794.54000000,77852.00000000,77744.00000000,77824.48000000,88.25763000
1787309700000,2026-08-21T10:55:00.000Z,77824.48000000,77888.23000000,77776.82000000,77810.02000000,101.98335000
1787310000000,2026-08-21T11:00:00.000Z,77810.01000000,77826.00000000,77575.75000000,77821.43000000,87.87516000
1787310300000,2026-08-21T11:05:00.000Z,77821.43000000,77855.78000000,77724.00000000,77742.01000000,62.47313000
1787310600000,2026-08-21T11:10:00.000Z,77742.00000000,77794.94000000,77338.65000000,77551.19000000,172.11125000
1787310900000,2026-08-21T11:15:00.000Z,77551.20000000,77551.20000000,77305.86000000,77317.34000000,135.11566000
1787311200000,2026-08-21T11:20:00.000Z,77317.34000000,77675.09000000,77240.00000000,77518.00000000,240.17579000
1787311500000,2026-08-21T11:25:00.000Z,77518.00000000,77522.00000000,77282.00000000,77419.01000000,105.19329000
1787311800000,2026-08-21T11:30:00.000Z,77419.01000000,77442.44000000,76411.38000000,76491.54000000,542.06724000
1787312100000,2026-08-21T11:35:00.000Z,76491.54000000,77096.00000000,76490.63000000,76985.01000000,274.49866000
1787312400000,2026-08-21T11:40:00.000Z,76985.00000000,77033.90000000,76780.84000000,76836.21000000,184.03220000
1787312700000,2026-08-21T11:45:00.000Z,76836.21000000,76946.42000000,76604.00000000,76698.99000000,129.87481000
1787313000000,2026-08-21T11:50:00.000Z,76698.99000000,77024.00000000,76672.00000000,77004.02000000,170.76202000
1787313300000,2026-08-21T11:55:00.000Z,77004.02000000,77016.13000000,76516.57000000,76722.32000000,283.56125000
1787313600000,2026-08-21T12:00:00.000Z,76722.31000000,76808.02000000,76538.00000000,76666.42000000,303.26977000
1787313900000,2026-08-21T12:05:00.000Z,76665.57000000,76958.00000000,76665.57000000,76769.71000000,269.40874000
1787314200000,2026-08-21T12:10:00.000Z,76769.71000000,76999.99000000,76711.96000000,76912.29000000,271.97932000
1787314500000,2026-08-21T12:15:00.000Z,76912.29000000,76912.29000000,76755.95000000,76831.24000000,243.17701000
1787314800000,2026-08-21T12:20:00.000Z,76831.24000000,76853.71000000,76640.00000000,76787.36000000,186.13477000
1787315100000,2026-08-21T12:25:00.000Z,76787.35000000,76796.00000000,76665.13000000,76680.50000000,168.37538000
1787315400000,2026-08-21T12:30:00.000Z,76680.50000000,76764.00000000,76620.81000000,76683.83000000,317.65017000
1787315700000,2026-08-21T12:35:00.000Z,76683.83000000,77297.09000000,76683.83000000,77230.98000000,319.26893000
1787316000000,2026-08-21T12:40:00.000Z,77230.34000000,77437.99000000,77200.00000000,77428.01000000,180.37046000
1787316300000,2026-08-21T12:45:00.000Z,77428.01000000,77477.24000000,77269.91000000,77386.00000000,234.51773000
1787316600000,2026-08-21T12:50:00.000Z,77386.00000000,77452.00000000,77121.60000000,77173.99000000,82.88087000
1787316900000,2026-08-21T12:55:00.000Z,77174.00000000,77264.30000000,77121.45000000,77223.66000000,103.14338000
1787317200000,2026-08-21T13:00:00.000Z,77223.66000000,77302.00000000,77078.01000000,77302.00000000,86.39236000
1787317500000,2026-08-21T13:05:00.000Z,77302.00000000,77397.83000000,77218.00000000,77248.91000000,83.60385000
1787317800000,2026-08-21T13:10:00.000Z,77248.91000000,77248.91000000,77051.40000000,77194.00000000,89.28898000
1787318100000,2026-08-21T13:15:00.000Z,77194.00000000,77194.00000000,76866.00000000,76969.69000000,227.61920000
1787318400000,2026-08-21T13:20:00.000Z,76969.69000000,76969.69000000,76846.00000000,76960.23000000,153.50226000
1787318700000,2026-08-21T13:25:00.000Z,76960.22000000,77206.21000000,76895.54000000,77083.93000000,128.79985000
1787319000000,2026-08-21T13:30:00.000Z,77083.94000000,77084.00000000,76572.00000000,76608.01000000,272.53042000
1787319300000,2026-08-21T13:35:00.000Z,76608.01000000,76983.05000000,76243.04000000,76977.37000000,280.15162000
1787319600000,2026-08-21T13:40:00.000Z,76977.36000000,77325.51000000,76977.36000000,77308.00000000,171.82253000
1787319900000,2026-08-21T13:45:00.000Z,77308.00000000,77547.60000000,77155.02000000,77468.00000000,222.16505000
1787320200000,2026-08-21T13:50:00.000Z,77468.00000000,77700.00000000,77240.85000000,77313.99000000,182.23196000
1787320500000,2026-08-21T13:55:00.000Z,77314.00000000,77462.00000000,77116.59000000,77266.87000000,124.40498000
1787320800000,2026-08-21T14:00:00.000Z,77266.88000000,77266.88000000,76752.22000000,76752.23000000,206.14101000
1787321100000,2026-08-21T14:05:00.000Z,76752.23000000,77147.99000000,76752.23000000,76992.01000000,120.05865000
1787321400000,2026-08-21T14:10:00.000Z,76992.00000000,77096.00000000,76701.00000000,76764.01000000,220.81629000
1787321700000,2026-08-21T14:15:00.000Z,76764.01000000,76971.18000000,76556.08000000,76666.68000000,206.82902000
1787322000000,2026-08-21T14:20:00.000Z,76666.68000000,77091.29000000,76552.74000000,77024.00000000,245.80140000
1787322300000,2026-08-21T14:25:00.000Z,77024.01000000,77200.00000000,77004.32000000,77067.99000000,155.12554000
1787322600000,2026-08-21T14:30:00.000Z,77067.99000000,77223.29000000,77066.00000000,77100.46000000,105.67333000
1787322900000,2026-08-21T14:35:00.000Z,77100.47000000,77235.95000000,76856.16000000,76860.97000000,131.66777000
1787323200000,2026-08-21T14:40:00.000Z,76860.97000000,77153.99000000,76860.97000000,77143.99000000,144.02999000
1787323500000,2026-08-21T14:45:00.000Z,77143.99000000,77364.00000000,77124.00000000,77345.01000000,123.96321000
1787323800000,2026-08-21T14:50:00.000Z,77345.00000000,77448.26000000,77300.00000000,77307.08000000,122.17764000
1787324100000,2026-08-21T14:55:00.000Z,77307.08000000,77444.00000000,77270.00000000,77384.68000000,73.47988000
1787324400000,2026-08-21T15:00:00.000Z,77384.69000000,77598.00000000,77328.00000000,77526.01000000,136.03755000
1787324700000,2026-08-21T15:05:00.000Z,77526.01000000,77707.13000000,77477.67000000,77696.35000000,133.92738000
1787325000000,2026-08-21T15:10:00.000Z,77696.35000000,77794.00000000,77600.00000000,77703.03000000,125.10509000
1787325300000,2026-08-21T15:15:00.000Z,77703.04000000,77871.33000000,77550.00000000,77633.99000000,130.00750000
1787325600000,2026-08-21T15:20:00.000Z,77634.00000000,77742.00000000,77524.00000000,77632.00000000,80.00430000
1787325900000,2026-08-21T15:25:00.000Z,77632.00000000,77812.00000000,77610.00000000,77614.36000000,92.16395000
1787326200000,2026-08-21T15:30:00.000Z,77614.36000000,77749.39000000,77542.00000000,77558.22000000,96.08474000
1787326500000,2026-08-21T15:35:00.000Z,77558.22000000,77652.97000000,77487.98000000,77621.99000000,79.60823000
1787326800000,2026-08-21T15:40:00.000Z,77622.00000000,77652.00000000,77500.00000000,77503.54000000,68.61813000
1787327100000,2026-08-21T15:45:00.000Z,77503.54000000,77544.00000000,77367.26000000,77367.27000000,74.13879000
1787327400000,2026-08-21T15:50:00.000Z,77367.27000000,77475.92000000,77302.00000000,77303.25000000,194.34259000
1787327700000,2026-08-21T15:55:00.000Z,77303.26000000,77332.00000000,77170.00000000,77221.98000000,106.32750000
1787328000000,2026-08-21T16:00:00.000Z,77221.98000000,77310.00000000,77086.29000000,77088.00000000,80.07030000
1787328300000,2026-08-21T16:05:00.000Z,77088.01000000,77144.00000000,76920.00000000,76962.00000000,128.33311000
1787328600000,2026-08-21T16:10:00.000Z,76961.99000000,77145.00000000,76858.57000000,76858.57000000,112.87371000
1787328900000,2026-08-21T16:15:00.000Z,76858.57000000,77194.00000000,76784.81000000,77137.20000000,127.71513000
1787329200000,2026-08-21T16:20:00.000Z,77137.21000000,77210.52000000,77060.00000000,77150.00000000,105.41108000
1787329500000,2026-08-21T16:25:00.000Z,77150.00000000,77390.68000000,77099.40000000,77383.87000000,100.32585000
1787329800000,2026-08-21T16:30:00.000Z,77383.88000000,77416.00000000,77270.74000000,77338.12000000,120.34488000
1787330100000,2026-08-21T16:35:00.000Z,77338.12000000,77344.00000000,77239.63000000,77316.28000000,140.96377000
1787330400000,2026-08-21T16:40:00.000Z,77316.28000000,77362.04000000,77274.00000000,77362.04000000,84.54749000
1787330700000,2026-08-21T16:45:00.000Z,77362.04000000,77538.37000000,77318.00000000,77530.19000000,164.58273000
1787331000000,2026-08-21T16:50:00.000Z,77530.18000000,77563.53000000,77444.01000000,77470.00000000,124.28693000
1787331300000,2026-08-21T16:55:00.000Z,77470.00000000,77538.63000000,77448.00000000,77486.01000000,78.76475000
1787331600000,2026-08-21T17:00:00.000Z,77486.01000000,77625.00000000,77468.46000000,77522.00000000,105.50299000
1787331900000,2026-08-21T17:05:00.000Z,77521.99000000,77722.12000000,77490.93000000,77617.37000000,127.79698000
1787332200000,2026-08-21T17:10:00.000Z,77617.36000000,77664.80000000,77507.05000000,77561.30000000,79.00595000
1787332500000,2026-08-21T17:15:00.000Z,77561.30000000,77562.00000000,77368.00000000,77397.03000000,97.90239000
1787332800000,2026-08-21T17:20:00.000Z,77397.03000000,77397.03000000,77189.95000000,77226.60000000,104.54765000
1787333100000,2026-08-21T17:25:00.000Z,77226.60000000,77559.07000000,77226.59000000,77558.64000000,132.94503000
1787333400000,2026-08-21T17:30:00.000Z,77558.64000000,77650.00000000,77538.00000000,77634.00000000,97.97463000
1787333700000,2026-08-21T17:35:00.000Z,77633.99000000,77633.99000000,77500.00000000,77553.99000000,87.05317000
1787334000000,2026-08-21T17:40:00.000Z,77554.00000000,77560.00000000,77349.34000000,77395.48000000,118.92374000
1787334300000,2026-08-21T17:45:00.000Z,77395.49000000,77513.26000000,77324.00000000,77414.01000000,54.76701000
1787334600000,2026-08-21T17:50:00.000Z,77414.01000000,77443.91000000,77358.00000000,77367.40000000,40.19225000
1787334900000,2026-08-21T17:55:00.000Z,77367.40000000,77472.00000000,77367.40000000,77392.68000000,52.72677000
1787335200000,2026-08-21T18:00:00.000Z,77392.69000000,77484.73000000,77392.00000000,77449.19000000,52.81233000
1787335500000,2026-08-21T18:05:00.000Z,77449.18000000,77550.00000000,77362.00000000,77362.01000000,126.94704000
1787335800000,2026-08-21T18:10:00.000Z,77362.00000000,77389.99000000,77278.62000000,77326.00000000,92.41442000
1787336100000,2026-08-21T18:15:00.000Z,77326.01000000,77420.00000000,77266.00000000,77420.00000000,89.28783000
1787336400000,2026-08-21T18:20:00.000Z,77419.99000000,77495.58000000,77411.60000000,77430.00000000,55.35283000
1787336700000,2026-08-21T18:25:00.000Z,77430.01000000,77470.80000000,77382.67000000,77388.00000000,56.98006000
1787337000000,2026-08-21T18:30:00.000Z,77388.00000000,77462.30000000,77301.01000000,77306.81000000,73.05140000
1787337300000,2026-08-21T18:35:00.000Z,77306.00000000,77306.00000000,77107.04000000,77231.28000000,114.53360000
1787337600000,2026-08-21T18:40:00.000Z,77231.27000000,77231.28000000,76860.32000000,76945.99000000,173.28694000
1787337900000,2026-08-21T18:45:00.000Z,76946.00000000,76946.00000000,76643.72000000,76699.22000000,202.55185000
1787338200000,2026-08-21T18:50:00.000Z,76699.22000000,76961.26000000,76699.22000000,76844.00000000,98.80170000
1787338500000,2026-08-21T18:55:00.000Z,76843.99000000,77146.00000000,76834.00000000,77146.00000000,111.37698000
1787338800000,2026-08-21T19:00:00.000Z,77145.99000000,77190.00000000,76894.48000000,76916.00000000,104.43787000
1787339100000,2026-08-21T19:05:00.000Z,76916.00000000,77076.35000000,76856.20000000,77057.99000000,104.04864000
1787339400000,2026-08-21T19:10:00.000Z,77057.98000000,77195.76000000,77020.00000000,77145.46000000,77.95177000
1787339700000,2026-08-21T19:15:00.000Z,77145.47000000,77145.47000000,76973.72000000,77111.99000000,111.75685000
1787340000000,2026-08-21T19:20:00.000Z,77112.00000000,77235.89000000,77058.00000000,77200.38000000,59.78099000
1787340300000,2026-08-21T19:25:00.000Z,77200.37000000,77349.35000000,77200.37000000,77322.81000000,97.51655000
1787340600000,2026-08-21T19:30:00.000Z,77322.80000000,77360.00000000,77198.00000000,77200.01000000,75.71801000
1787340900000,2026-08-21T19:35:00.000Z,77200.01000000,77255.42000000,77125.11000000,77195.35000000,102.36061000
1787341200000,2026-08-21T19:40:00.000Z,77195.34000000,77250.57000000,77106.45000000,77174.00000000,83.41664000
1787341500000,2026-08-21T19:45:00.000Z,77173.99000000,77273.76000000,77101.89000000,77221.02000000,106.84820000
1787341800000,2026-08-21T19:50:00.000Z,77221.02000000,77239.97000000,77119.84000000,77181.99000000,128.62761000
1787342100000,2026-08-21T19:55:00.000Z,77181.98000000,77181.98000000,77014.32000000,77028.94000000,98.87425000
1787342400000,2026-08-21T20:00:00.000Z,77028.94000000,77173.41000000,76863.56000000,77170.00000000,93.54792000
1787342700000,2026-08-21T20:05:00.000Z,77169.99000000,77182.04000000,76969.97000000,77123.99000000,99.17664000
1787343000000,2026-08-21T20:10:00.000Z,77123.99000000,77321.98000000,77074.00000000,77275.02000000,103.71561000
1787343300000,2026-08-21T20:15:00.000Z,77275.03000000,77511.33000000,77275.03000000,77428.01000000,114.34351000
1787343600000,2026-08-21T20:20:00.000Z,77428.00000000,77548.99000000,77392.31000000,77524.30000000,97.53290000
1787343900000,2026-08-21T20:25:00.000Z,77524.30000000,77524.31000000,77392.31000000,77490.00000000,44.70523000
1787344200000,2026-08-21T20:30:00.000Z,77489.99000000,77545.77000000,77477.65000000,77515.99000000,55.95933000
1787344500000,2026-08-21T20:35:00.000Z,77515.99000000,77535.00000000,77354.00000000,77397.42000000,98.80603000
1787344800000,2026-08-21T20:40:00.000Z,77397.42000000,77535.00000000,77397.42000000,77474.01000000,51.84903000
1787345100000,2026-08-21T20:45:00.000Z,77474.01000000,77490.00000000,77316.00000000,77432.00000000,50.39208000
1787345400000,2026-08-21T20:50:00.000Z,77432.00000000,77543.40000000,77410.76000000,77494.01000000,50.22800000
1787345700000,2026-08-21T20:55:00.000Z,77494.00000000,77532.53000000,77470.79000000,77520.19000000,45.23380000
1787346000000,2026-08-21T21:00:00.000Z,77520.19000000,77520.19000000,77456.55000000,77480.00000000,30.57444000
1787346300000,2026-08-21T21:05:00.000Z,77479.99000000,77484.00000000,77388.00000000,77430.10000000,20.66017000
1787346600000,2026-08-21T21:10:00.000Z,77430.10000000,77814.99000000,77430.10000000,77690.01000000,167.00836000
1787346900000,2026-08-21T21:15:00.000Z,77690.01000000,77712.00000000,77600.00000000,77712.00000000,47.99564000
1787347200000,2026-08-21T21:20:00.000Z,77711.99000000,78090.00000000,77588.00000000,78045.99000000,156.87925000
1787347500000,2026-08-21T21:25:00.000Z,78045.99000000,78203.38000000,77929.01000000,78090.00000000,140.15039000
1787347800000,2026-08-21T21:30:00.000Z,78090.00000000,78500.00000000,78090.00000000,78425.99000000,222.12163000
1787348100000,2026-08-21T21:35:00.000Z,78426.00000000,78460.00000000,78001.92000000,78025.82000000,99.81712000
1787348400000,2026-08-21T21:40:00.000Z,78025.82000000,78261.11000000,78000.00000000,78240.71000000,132.14383000
1787348700000,2026-08-21T21:45:00.000Z,78240.72000000,78425.58000000,78233.00000000,78339.98000000,79.54618000
1787349000000,2026-08-21T21:50:00.000Z,78339.98000000,78661.99000000,78284.00000000,78647.04000000,148.93790000
1787349300000,2026-08-21T21:55:00.000Z,78647.04000000,78675.10000000,78416.69000000,78505.15000000,106.14483000
1787349600000,2026-08-21T22:00:00.000Z,78505.14000000,78537.71000000,78178.59000000,78397.80000000,142.14117000
1787349900000,2026-08-21T22:05:00.000Z,78397.80000000,78760.68000000,78337.68000000,78731.48000000,136.62140000
1787350200000,2026-08-21T22:10:00.000Z,78731.48000000,78749.86000000,78592.60000000,78749.86000000,92.46278000
1787350500000,2026-08-21T22:15:00.000Z,78749.85000000,78749.85000000,78465.93000000,78606.64000000,85.21326000
1787350800000,2026-08-21T22:20:00.000Z,78606.65000000,78684.23000000,78349.99000000,78519.40000000,115.20997000
1787351100000,2026-08-21T22:25:00.000Z,78519.39000000,78655.21000000,78470.00000000,78499.84000000,50.00479000
1787351400000,2026-08-21T22:30:00.000Z,78499.84000000,78532.43000000,78081.80000000,78320.01000000,130.50820000
1787351700000,2026-08-21T22:35:00.000Z,78320.01000000,78520.00000000,78280.00000000,78455.65000000,49.52667000
1787352000000,2026-08-21T22:40:00.000Z,78455.65000000,78582.15000000,78426.01000000,78514.01000000,49.51626000
1787352300000,2026-08-21T22:45:00.000Z,78514.00000000,78514.00000000,78281.96000000,78292.49000000,70.33026000
1787352600000,2026-08-21T22:50:00.000Z,78292.49000000,78618.00000000,78238.85000000,78556.01000000,63.99073000
1787352900000,2026-08-21T22:55:00.000Z,78556.01000000,78579.06000000,78436.00000000,78460.14000000,37.29661000
1787353200000,2026-08-21T23:00:00.000Z,78460.13000000,78467.87000000,78344.00000000,78367.47000000,70.28369000
1787353500000,2026-08-21T23:05:00.000Z,78367.47000000,78550.00000000,78367.47000000,78523.34000000,80.95831000
1787353800000,2026-08-21T23:10:00.000Z,78523.33000000,78618.00000000,78482.01000000,78550.00000000,63.59541000
1787354100000,2026-08-21T23:15:00.000Z,78550.00000000,78700.00000000,78540.01000000,78640.14000000,78.38856000
1787354400000,2026-08-21T23:20:00.000Z,78640.14000000,78720.00000000,78570.00000000,78677.11000000,67.56844000
1787354700000,2026-08-21T23:25:00.000Z,78677.11000000,78688.01000000,78360.00000000,78409.45000000,165.05182000
1787355000000,2026-08-21T23:30:00.000Z,78409.44000000,78507.99000000,78368.00000000,78393.08000000,40.28435000
1787355300000,2026-08-21T23:35:00.000Z,78393.09000000,78430.00000000,78217.71000000,78229.68000000,47.56014000
1787355600000,2026-08-21T23:40:00.000Z,78229.68000000,78394.65000000,78100.26000000,78389.00000000,77.28301000
1787355900000,2026-08-21T23:45:00.000Z,78389.00000000,78404.00000000,78252.13000000,78277.99000000,31.44841000
1787356200000,2026-08-21T23:50:00.000Z,78277.99000000,78354.00000000,78136.00000000,78317.46000000,65.98666000
1787356500000,2026-08-21T23:55:00.000Z,78317.47000000,78364.00000000,78274.00000000,78338.03000000,33.18784000
1787356800000,2026-08-22T00:00:00.000Z,78338.03000000,78500.00000000,78106.00000000,78193.06000000,98.93050000
1787357100000,2026-08-22T00:05:00.000Z,78193.07000000,78193.07000000,77738.00000000,77884.00000000,129.98554000
1787357400000,2026-08-22T00:10:00.000Z,77884.00000000,77998.00000000,77816.00000000,77909.02000000,63.62017000
1787357700000,2026-08-22T00:15:00.000Z,77909.02000000,78085.23000000,77864.00000000,78062.19000000,53.47367000
1787358000000,2026-08-22T00:20:00.000Z,78062.19000000,78105.90000000,78040.00000000,78089.99000000,40.24594000
1787358300000,2026-08-22T00:25:00.000Z,78090.00000000,78090.00000000,77915.52000000,77919.99000000,40.51435000
1787358600000,2026-08-22T00:30:00.000Z,77919.99000000,78059.99000000,77882.00000000,77912.01000000,50.58232000
1787358900000,2026-08-22T00:35:00.000Z,77912.01000000,78013.94000000,77912.00000000,77938.00000000,44.67169000
1787359200000,2026-08-22T00:40:00.000Z,77938.00000000,77940.77000000,77755.05000000,77832.85000000,65.47222000
1787359500000,2026-08-22T00:45:00.000Z,77832.84000000,77892.00000000,77683.37000000,77825.79000000,88.97853000
1787359800000,2026-08-22T00:50:00.000Z,77825.79000000,77862.00000000,77756.01000000,77848.00000000,88.97844000
1787360100000,2026-08-22T00:55:00.000Z,77848.00000000,77988.00000000,77843.99000000,77953.30000000,56.65278000
1787360400000,2026-08-22T01:00:00.000Z,77953.30000000,78080.35000000,77908.00000000,78080.35000000,54.22504000
1787360700000,2026-08-22T01:05:00.000Z,78080.35000000,78138.76000000,78068.00000000,78078.03000000,40.82057000
1787361000000,2026-08-22T01:10:00.000Z,78078.04000000,78197.99000000,78078.01000000,78110.70000000,40.39153000
1787361300000,2026-08-22T01:15:00.000Z,78110.71000000,78168.10000000,77994.81000000,78004.07000000,37.74828000
1787361600000,2026-08-22T01:20:00.000Z,78004.08000000,78024.00000000,77902.00000000,78007.52000000,42.88026000
1787361900000,2026-08-22T01:25:00.000Z,78007.52000000,78044.00000000,77976.01000000,78016.00000000,25.67392000
1787362200000,2026-08-22T01:30:00.000Z,78016.00000000,78234.00000000,78015.99000000,78130.00000000,68.29819000
1787362500000,2026-08-22T01:35:00.000Z,78130.00000000,78168.00000000,78006.00000000,78009.76000000,105.69595000
1787362800000,2026-08-22T01:40:00.000Z,78009.75000000,78056.77000000,77896.51000000,77923.91000000,45.43950000
1787363100000,2026-08-22T01:45:00.000Z,77923.90000000,77969.54000000,77849.99000000,77850.00000000,28.67686000
1787363400000,2026-08-22T01:50:00.000Z,77850.00000000,77891.93000000,77816.66000000,77877.99000000,51.21225000
1787363700000,2026-08-22T01:55:00.000Z,77878.00000000,78014.00000000,77818.00000000,77830.01000000,71.89808000
1787364000000,2026-08-22T02:00:00.000Z,77830.01000000,77989.99000000,77791.19000000,77967.99000000,52.58763000
1787364300000,2026-08-22T02:05:00.000Z,77968.00000000,78050.38000000,77938.01000000,78017.99000000,50.15383000
1787364600000,2026-08-22T02:10:00.000Z,78017.99000000,78113.89000000,78017.98000000,78058.01000000,43.20427000
1787364900000,2026-08-22T02:15:00.000Z,78058.01000000,78195.37000000,78048.00000000,78116.00000000,39.39448000
1787365200000,2026-08-22T02:20:00.000Z,78116.01000000,78199.48000000,78106.10000000,78195.59000000,63.32305000
1787365500000,2026-08-22T02:25:00.000Z,78195.60000000,78473.72000000,78188.09000000,78398.00000000,84.97381000
1787365800000,2026-08-22T02:30:00.000Z,78398.00000000,78508.00000000,78286.00000000,78300.01000000,87.14105000
1787366100000,2026-08-22T02:35:00.000Z,78300.00000000,78411.68000000,78172.00000000,78411.33000000,49.32896000
1787366400000,2026-08-22T02:40:00.000Z,78411.34000000,78519.99000000,78360.33000000,78510.26000000,176.74106000
1787366700000,2026-08-22T02:45:00.000Z,78510.25000000,78542.00000000,78320.92000000,78374.00000000,70.21097000
1787367000000,2026-08-22T02:50:00.000Z,78373.99000000,78498.69000000,78344.00000000,78455.38000000,60.19570000
1787367300000,2026-08-22T02:55:00.000Z,78455.37000000,78563.83000000,78437.06000000,78470.00000000,187.91412000
1787367600000,2026-08-22T03:00:00.000Z,78470.00000000,78622.00000000,78420.24000000,78563.82000000,71.85369000
1787367900000,2026-08-22T03:05:00.000Z,78569.75000000,78696.25000000,78563.82000000,78563.83000000,56.89883000
1787368200000,2026-08-22T03:10:00.000Z,78563.82000000,78563.82000000,78380.00000000,78394.21000000,78.71255000
1787368500000,2026-08-22T03:15:00.000Z,78394.21000000,78599.48000000,78372.00000000,78599.48000000,42.64449000
1787368800000,2026-08-22T03:20:00.000Z,78599.48000000,78612.95000000,78505.88000000,78589.80000000,65.99704000
1787369100000,2026-08-22T03:25:00.000Z,78589.80000000,78797.99000000,78589.80000000,78768.01000000,78.48723000
1787369400000,2026-08-22T03:30:00.000Z,78768.01000000,78828.15000000,78657.28000000,78670.17000000,68.73978000
1787369700000,2026-08-22T03:35:00.000Z,78670.17000000,78758.00000000,78670.16000000,78685.27000000,52.75543000
1787370000000,2026-08-22T03:40:00.000Z,78685.26000000,78685.27000000,78561.38000000,78647.58000000,58.75210000
1787370300000,2026-08-22T03:45:00.000Z,78647.57000000,78647.57000000,78555.64000000,78555.65000000,42.76024000
1787370600000,2026-08-22T03:50:00.000Z,78555.65000000,78685.28000000,78548.74000000,78548.74000000,63.79775000
1787370900000,2026-08-22T03:55:00.000Z,78548.74000000,78549.99000000,78394.01000000,78410.98000000,53.40397000
1787371200000,2026-08-22T04:00:00.000Z,78410.98000000,78466.86000000,78244.60000000,78379.60000000,66.98619000
1787371500000,2026-08-22T04:05:00.000Z,78379.60000000,78444.47000000,78250.00000000,78319.66000000,58.65800000
1787371800000,2026-08-22T04:10:00.000Z,78319.66000000,78408.04000000,78319.66000000,78397.05000000,43.17310000
1787372100000,2026-08-22T04:15:00.000Z,78397.06000000,78397.06000000,78207.61000000,78256.00000000,56.24675000
1787372400000,2026-08-22T04:20:00.000Z,78256.00000000,78528.00000000,78256.00000000,78491.41000000,56.81079000
1787372700000,2026-08-22T04:25:00.000Z,78491.42000000,78590.43000000,78491.41000000,78590.42000000,41.81504000
1787373000000,2026-08-22T04:30:00.000Z,78590.43000000,78735.00000000,78522.00000000,78702.00000000,72.28995000
1787373300000,2026-08-22T04:35:00.000Z,78702.00000000,78763.18000000,78618.00000000,78675.11000000,59.87418000
1787373600000,2026-08-22T04:40:00.000Z,78675.11000000,78818.00000000,78651.02000000,78660.90000000,94.47724000
1787373900000,2026-08-22T04:45:00.000Z,78660.89000000,78686.00000000,78525.40000000,78574.01000000,91.32536000
1787374200000,2026-08-22T04:50:00.000Z,78574.00000000,78574.01000000,78500.00000000,78530.28000000,52.73528000
1787374500000,2026-08-22T04:55:00.000Z,78530.28000000,78544.00000000,78456.00000000,78470.00000000,43.96117000
1787374800000,2026-08-22T05:00:00.000Z,78470.00000000,78584.00000000,78430.24000000,78516.00000000,59.78571000
1787375100000,2026-08-22T05:05:00.000Z,78516.00000000,78553.09000000,77797.39000000,77802.00000000,243.50929000
1787375400000,2026-08-22T05:10:00.000Z,77802.00000000,77859.85000000,76500.00000000,77336.61000000,1615.68423000
1787375700000,2026-08-22T05:15:00.000Z,77336.61000000,77549.52000000,76724.68000000,76965.81000000,621.82257000
1787376000000,2026-08-22T05:20:00.000Z,76965.81000000,77277.15000000,76775.00000000,77060.43000000,368.29662000
1787376300000,2026-08-22T05:25:00.000Z,77060.44000000,77315.78000000,77046.53000000,77305.15000000,133.30801000
1787376600000,2026-08-22T05:30:00.000Z,77305.15000000,77350.00000000,76920.62000000,77350.00000000,190.01816000
1787376900000,2026-08-22T05:35:00.000Z,77350.00000000,77571.29000000,77130.63000000,77130.64000000,230.40333000
1787377200000,2026-08-22T05:40:00.000Z,77130.63000000,77242.58000000,77000.00000000,77175.88000000,102.03096000
1787377500000,2026-08-22T05:45:00.000Z,77175.88000000,77437.07000000,77074.31000000,77376.50000000,87.35697000
1787377800000,2026-08-22T05:50:00.000Z,77376.50000000,77508.96000000,77264.18000000,77355.93000000,87.72063000
1787378100000,2026-08-22T05:55:00.000Z,77355.93000000,77472.61000000,77325.07000000,77380.75000000,76.41552000
1787378400000,2026-08-22T06:00:00.000Z,77380.75000000,77454.18000000,77300.67000000,77310.51000000,73.48219000
1787378700000,2026-08-22T06:05:00.000Z,77310.52000000,77365.29000000,77150.01000000,77321.16000000,63.49051000
1787379000000,2026-08-22T06:10:00.000Z,77321.17000000,77341.07000000,77156.27000000,77181.07000000,50.69476000
1787379300000,2026-08-22T06:15:00.000Z,77181.07000000,77358.21000000,77181.07000000,77227.90000000,97.41598000
1787379600000,2026-08-22T06:20:00.000Z,77227.91000000,77384.68000000,77227.90000000,77377.87000000,49.08391000
1787379900000,2026-08-22T06:25:00.000Z,77377.87000000,77399.51000000,77217.88000000,77245.60000000,69.09014000
1787380200000,2026-08-22T06:30:00.000Z,77245.60000000,77245.61000000,76985.14000000,77088.28000000,87.03973000
1787380500000,2026-08-22T06:35:00.000Z,77088.28000000,77563.43000000,77088.28000000,77514.02000000,124.38469000
1787380800000,2026-08-22T06:40:00.000Z,77514.02000000,77572.16000000,77394.60000000,77394.60000000,49.54699000
1787381100000,2026-08-22T06:45:00.000Z,77394.61000000,77470.80000000,77388.64000000,77449.00000000,56.53758000
1787381400000,2026-08-22T06:50:00.000Z,77449.01000000,77541.19000000,77383.45000000,77459.16000000,84.26234000
1787381700000,2026-08-22T06:55:00.000Z,77459.17000000,77498.00000000,77399.69000000,77486.09000000,33.28377000
1787382000000,2026-08-22T07:00:00.000Z,77486.09000000,77647.59000000,77447.22000000,77625.18000000,62.03039000
1787382300000,2026-08-22T07:05:00.000Z,77625.18000000,77669.28000000,77389.14000000,77394.00000000,102.44419000
1787382600000,2026-08-22T07:10:00.000Z,77394.01000000,77442.00000000,77278.00000000,77375.30000000,60.72169000
1787382900000,2026-08-22T07:15:00.000Z,77375.30000000,77402.14000000,77220.00000000,77269.16000000,41.52219000
1787383200000,2026-08-22T07:20:00.000Z,77269.17000000,77458.00000000,77269.17000000,77435.65000000,54.67969000
1787383500000,2026-08-22T07:25:00.000Z,77435.66000000,77488.30000000,77390.00000000,77485.44000000,35.82399000
1787383800000,2026-08-22T07:30:00.000Z,77485.44000000,77506.00000000,77417.54000000,77452.12000000,54.18379000
1787384100000,2026-08-22T07:35:00.000Z,77452.13000000,77466.00000000,77388.61000000,77405.98000000,46.83289000
1787384400000,2026-08-22T07:40:00.000Z,77405.99000000,77436.00000000,77302.00000000,77418.24000000,55.88425000
1787384700000,2026-08-22T07:45:00.000Z,77418.24000000,77442.00000000,77320.00000000,77338.34000000,58.87703000
1787385000000,2026-08-22T07:50:00.000Z,77338.34000000,77367.89000000,77300.00000000,77349.35000000,29.25610000
1787385300000,2026-08-22T07:55:00.000Z,77349.34000000,77363.25000000,77274.40000000,77289.18000000,32.09333000
1787385600000,2026-08-22T08:00:00.000Z,77289.18000000,77410.08000000,77256.00000000,77256.00000000,59.55218000
1787385900000,2026-08-22T08:05:00.000Z,77256.00000000,77400.34000000,77194.00000000,77342.01000000,80.64423000
1787386200000,2026-08-22T08:10:00.000Z,77342.00000000,77435.34000000,77342.00000000,77424.28000000,42.78499000
1787386500000,2026-08-22T08:15:00.000Z,77424.28000000,77445.60000000,77312.00000000,77323.05000000,36.95204000
1787386800000,2026-08-22T08:20:00.000Z,77323.05000000,77362.14000000,77278.00000000,77293.00000000,42.93366000
1787387100000,2026-08-22T08:25:00.000Z,77293.01000000,77300.00000000,77115.33000000,77226.00000000,137.62574000
1787387400000,2026-08-22T08:30:00.000Z,77226.01000000,77227.91000000,77078.00000000,77124.67000000,134.96481000
1787387700000,2026-08-22T08:35:00.000Z,77124.66000000,77197.26000000,77079.00000000,77148.44000000,74.95648000
1787388000000,2026-08-22T08:40:00.000Z,77148.44000000,77322.00000000,77037.42000000,77297.52000000,88.21578000
1787388300000,2026-08-22T08:45:00.000Z,77297.52000000,77297.53000000,77117.11000000,77199.99000000,68.56020000
1787388600000,2026-08-22T08:50:00.000Z,77199.99000000,77215.50000000,77154.56000000,77187.92000000,50.09828000
1787388900000,2026-08-22T08:55:00.000Z,77187.93000000,77212.06000000,77150.00000000,77210.55000000,53.18770000
1787389200000,2026-08-22T09:00:00.000Z,77210.55000000,77226.85000000,77050.00000000,77112.94000000,95.60166000
1787389500000,2026-08-22T09:05:00.000Z,77112.94000000,77262.12000000,77085.31000000,77254.00000000,98.49605000
1787389800000,2026-08-22T09:10:00.000Z,77254.00000000,77376.05000000,77204.00000000,77376.04000000,140.21022000
1787390100000,2026-08-22T09:15:00.000Z,77376.05000000,77395.04000000,77280.32000000,77288.61000000,102.95006000
1787390400000,2026-08-22T09:20:00.000Z,77288.62000000,77381.17000000,77240.51000000,77244.85000000,122.81660000
1787390700000,2026-08-22T09:25:00.000Z,77244.84000000,77258.02000000,77176.46000000,77222.35000000,96.53982000
1787391000000,2026-08-22T09:30:00.000Z,77222.35000000,77261.81000000,77196.31000000,77197.48000000,38.86945000
1787391300000,2026-08-22T09:35:00.000Z,77197.47000000,77234.66000000,77158.00000000,77164.70000000,34.87503000
1787391600000,2026-08-22T09:40:00.000Z,77164.71000000,77211.63000000,77164.71000000,77203.45000000,36.57085000
1787391900000,2026-08-22T09:45:00.000Z,77203.45000000,77203.46000000,76851.25000000,76980.30000000,142.77303000
1787392200000,2026-08-22T09:50:00.000Z,76980.30000000,77032.29000000,76898.00000000,76929.48000000,91.32250000
1787392500000,2026-08-22T09:55:00.000Z,76929.47000000,77062.00000000,76928.00000000,77061.99000000,88.28461000
1787392800000,2026-08-22T10:00:00.000Z,77062.00000000,77088.92000000,76810.31000000,76933.30000000,97.17464000
1787393100000,2026-08-22T10:05:00.000Z,76933.30000000,76933.30000000,76751.00000000,76780.06000000,87.00030000
1787393400000,2026-08-22T10:10:00.000Z,76780.05000000,76876.00000000,76680.00000000,76714.41000000,81.54007000
1787393700000,2026-08-22T10:15:00.000Z,76714.42000000,76836.00000000,76674.00000000,76674.01000000,79.43497000
1787394000000,2026-08-22T10:20:00.000Z,76674.01000000,76758.42000000,76533.87000000,76608.00000000,150.90390000
1787394300000,2026-08-22T10:25:00.000Z,76608.00000000,76946.00000000,76582.00000000,76934.02000000,172.61180000
1787394600000,2026-08-22T10:30:00.000Z,76934.02000000,76971.54000000,76870.00000000,76942.01000000,46.69246000
1787394900000,2026-08-22T10:35:00.000Z,76942.01000000,77129.77000000,76942.00000000,77085.04000000,50.52192000
1787395200000,2026-08-22T10:40:00.000Z,77085.03000000,77177.49000000,77085.03000000,77167.17000000,48.25563000
1787395500000,2026-08-22T10:45:00.000Z,77167.18000000,77187.46000000,77045.73000000,77050.00000000,66.13423000
1787395800000,2026-08-22T10:50:00.000Z,77050.00000000,77080.00000000,76989.87000000,76989.88000000,84.70035000
1787396100000,2026-08-22T10:55:00.000Z,76989.88000000,77010.00000000,76884.85000000,76976.00000000,93.86547000
1787396400000,2026-08-22T11:00:00.000Z,76976.01000000,76992.31000000,76822.00000000,76967.09000000,57.22030000
1787396700000,2026-08-22T11:05:00.000Z,76967.10000000,77062.00000000,76890.00000000,76890.00000000,53.21653000
1787397000000,2026-08-22T11:10:00.000Z,76890.01000000,76961.02000000,76863.56000000,76863.56000000,38.43579000
1787397300000,2026-08-22T11:15:00.000Z,76863.56000000,76887.70000000,76772.05000000,76815.85000000,66.83516000
1787397600000,2026-08-22T11:20:00.000Z,76815.86000000,76919.51000000,76815.86000000,76838.48000000,38.52767000
1787397900000,2026-08-22T11:25:00.000Z,76838.47000000,76999.70000000,76838.47000000,76987.23000000,119.37485000
1787398200000,2026-08-22T11:30:00.000Z,76987.22000000,77094.00000000,76946.89000000,77091.54000000,90.11710000
1787398500000,2026-08-22T11:35:00.000Z,77091.54000000,77190.22000000,77091.53000000,77130.50000000,70.47950000
1787398800000,2026-08-22T11:40:00.000Z,77130.49000000,77179.44000000,77114.68000000,77175.01000000,41.20702000
1787399100000,2026-08-22T11:45:00.000Z,77175.02000000,77204.68000000,77095.28000000,77095.28000000,50.33097000
1787399400000,2026-08-22T11:50:00.000Z,77095.28000000,77099.16000000,77061.81000000,77091.11000000,54.46403000
1787399700000,2026-08-22T11:55:00.000Z,77091.12000000,77175.70000000,77088.16000000,77130.02000000,49.17111000
1787400000000,2026-08-22T12:00:00.000Z,77130.01000000,77268.00000000,77073.86000000,77135.29000000,39.48614000
1787400300000,2026-08-22T12:05:00.000Z,77135.29000000,77277.38000000,77135.28000000,77241.99000000,65.53490000
1787400600000,2026-08-22T12:10:00.000Z,77241.99000000,77284.21000000,77220.00000000,77242.62000000,28.79904000
1787400900000,2026-08-22T12:15:00.000Z,77242.63000000,77280.00000000,77199.72000000,77250.82000000,33.29793000
1787401200000,2026-08-22T12:20:00.000Z,77250.82000000,77308.88000000,77250.82000000,77281.98000000,39.96839000
1787401500000,2026-08-22T12:25:00.000Z,77281.97000000,77341.30000000,77252.33000000,77330.01000000,149.18500000
1787401800000,2026-08-22T12:30:00.000Z,77330.01000000,77330.01000000,77218.06000000,77220.59000000,38.65756000
1787402100000,2026-08-22T12:35:00.000Z,77220.59000000,77280.54000000,77208.13000000,77251.22000000,20.24174000
1787402400000,2026-08-22T12:40:00.000Z,77251.22000000,77344.00000000,77251.21000000,77344.00000000,21.92995000
1787402700000,2026-08-22T12:45:00.000Z,77344.00000000,77387.99000000,77332.66000000,77342.82000000,30.21377000
1787403000000,2026-08-22T12:50:00.000Z,77342.83000000,77342.83000000,77258.00000000,77310.15000000,43.14192000
1787403300000,2026-08-22T12:55:00.000Z,77310.15000000,77340.00000000,77292.00000000,77300.27000000,19.38778000
1787403600000,2026-08-22T13:00:00.000Z,77300.27000000,77310.29000000,77200.00000000,77216.74000000,28.16433000
1787403900000,2026-08-22T13:05:00.000Z,77216.73000000,77260.92000000,77194.55000000,77260.92000000,31.40981000
1787404200000,2026-08-22T13:10:00.000Z,77260.92000000,77268.34000000,77214.40000000,77225.91000000,19.30775000
1787404500000,2026-08-22T13:15:00.000Z,77225.92000000,77252.00000000,77137.52000000,77137.52000000,84.43997000
1787404800000,2026-08-22T13:20:00.000Z,77137.53000000,77184.13000000,77126.03000000,77184.13000000,31.81176000
1787405100000,2026-08-22T13:25:00.000Z,77184.13000000,77250.03000000,77170.86000000,77170.86000000,23.93708000
1787405400000,2026-08-22T13:30:00.000Z,77170.86000000,77185.99000000,77138.86000000,77138.86000000,44.08286000
1787405700000,2026-08-22T13:35:00.000Z,77138.86000000,77177.52000000,77116.00000000,77116.76000000,40.84004000
1787406000000,2026-08-22T13:40:00.000Z,77116.77000000,77177.53000000,77116.76000000,77150.00000000,22.84122000
1787406300000,2026-08-22T13:45:00.000Z,77149.99000000,77287.07000000,77149.99000000,77250.75000000,76.52985000
1787406600000,2026-08-22T13:50:00.000Z,77250.76000000,77362.03000000,77250.75000000,77295.98000000,48.66832000
1787406900000,2026-08-22T13:55:00.000Z,77295.99000000,77298.84000000,77256.00000000,77288.62000000,19.55441000
1787407200000,2026-08-22T14:00:00.000Z,77288.62000000,77305.14000000,77180.23000000,77197.27000000,26.21600000
1787407500000,2026-08-22T14:05:00.000Z,77197.27000000,77217.29000000,76949.56000000,77086.38000000,101.87165000
1787407800000,2026-08-22T14:10:00.000Z,77086.38000000,77103.22000000,77007.71000000,77030.01000000,41.36830000
1787408100000,2026-08-22T14:15:00.000Z,77030.00000000,77068.00000000,76957.82000000,77003.17000000,32.17735000
1787408400000,2026-08-22T14:20:00.000Z,77003.18000000,77050.87000000,77000.00000000,77023.45000000,26.51312000
1787408700000,2026-08-22T14:25:00.000Z,77023.45000000,77093.22000000,77010.21000000,77093.21000000,23.58276000
1787409000000,2026-08-22T14:30:00.000Z,77093.22000000,77150.00000000,77040.00000000,77141.00000000,47.18083000
1787409300000,2026-08-22T14:35:00.000Z,77141.01000000,77163.53000000,76990.40000000,76990.40000000,72.54987000
1787409600000,2026-08-22T14:40:00.000Z,76990.40000000,77046.78000000,76960.00000000,76960.00000000,40.58665000
1787409900000,2026-08-22T14:45:00.000Z,76960.01000000,77007.40000000,76950.74000000,76967.31000000,42.87294000
1787410200000,2026-08-22T14:50:00.000Z,76967.31000000,77000.00000000,76930.00000000,76950.77000000,33.41003000
1787410500000,2026-08-22T14:55:00.000Z,76950.77000000,77081.73000000,76940.32000000,77003.62000000,45.72062000
1787410800000,2026-08-22T15:00:00.000Z,77003.62000000,77086.56000000,76958.25000000,77022.93000000,40.46456000
1787411100000,2026-08-22T15:05:00.000Z,77022.92000000,77054.00000000,76964.40000000,76964.41000000,30.30443000
1787411400000,2026-08-22T15:10:00.000Z,76964.41000000,77027.67000000,76944.77000000,76944.77000000,39.13117000
1787411700000,2026-08-22T15:15:00.000Z,76944.77000000,77011.51000000,76934.00000000,76957.06000000,28.31586000
1787412000000,2026-08-22T15:20:00.000Z,76957.05000000,77033.43000000,76880.00000000,77002.47000000,58.44114000
1787412300000,2026-08-22T15:25:00.000Z,77002.48000000,77022.00000000,76970.23000000,76992.01000000,63.16035000
1787412600000,2026-08-22T15:30:00.000Z,76992.00000000,77100.77000000,76989.79000000,77093.21000000,33.86073000
1787412900000,2026-08-22T15:35:00.000Z,77093.21000000,77093.22000000,77023.99000000,77054.00000000,20.50975000
1787413200000,2026-08-22T15:40:00.000Z,77054.00000000,77077.92000000,77014.00000000,77060.01000000,23.96982000
1787413500000,2026-08-22T15:45:00.000Z,77060.00000000,77091.91000000,77000.00000000,77000.00000000,27.36278000
1787413800000,2026-08-22T15:50:00.000Z,77000.01000000,77002.93000000,76922.00000000,76967.94000000,39.13681000
1787414100000,2026-08-22T15:55:00.000Z,76967.93000000,77022.00000000,76965.39000000,76978.83000000,60.63022000
1787414400000,2026-08-22T16:00:00.000Z,76978.83000000,77066.25000000,76961.18000000,77064.99000000,74.06112000
1787414700000,2026-08-22T16:05:00.000Z,77064.99000000,77065.00000000,77016.60000000,77020.31000000,25.32313000
1787415000000,2026-08-22T16:10:00.000Z,77020.31000000,77063.99000000,76956.36000000,77053.38000000,24.02731000
1787415300000,2026-08-22T16:15:00.000Z,77053.39000000,77168.17000000,77046.80000000,77168.16000000,33.35856000
1787415600000,2026-08-22T16:20:00.000Z,77168.16000000,77228.99000000,77155.33000000,77205.41000000,55.02881000
1787415900000,2026-08-22T16:25:00.000Z,77205.41000000,77232.00000000,77167.17000000,77198.00000000,28.01023000
1787416200000,2026-08-22T16:30:00.000Z,77198.00000000,77221.07000000,77150.45000000,77192.99000000,47.91812000
1787416500000,2026-08-22T16:35:00.000Z,77193.00000000,77327.28000000,77192.99000000,77317.43000000,47.91805000
1787416800000,2026-08-22T16:40:00.000Z,77317.43000000,77460.00000000,77317.43000000,77395.88000000,68.60595000
1787417100000,2026-08-22T16:45:00.000Z,77395.87000000,77547.96000000,77395.87000000,77443.68000000,68.40988000
1787417400000,2026-08-22T16:50:00.000Z,77443.68000000,77443.69000000,77329.58000000,77329.58000000,33.94368000
1787417700000,2026-08-22T16:55:00.000Z,77329.58000000,77351.40000000,77288.00000000,77288.01000000,30.91575000
1787418000000,2026-08-22T17:00:00.000Z,77288.01000000,77334.86000000,77268.00000000,77268.00000000,23.21240000
1787418300000,2026-08-22T17:05:00.000Z,77268.01000000,77322.27000000,77240.00000000,77284.88000000,66.83625000
1787418600000,2026-08-22T17:10:00.000Z,77284.88000000,77298.84000000,77253.00000000,77275.02000000,33.41035000
1787418900000,2026-08-22T17:15:00.000Z,77275.03000000,77334.35000000,77272.67000000,77334.35000000,20.11118000
1787419200000,2026-08-22T17:20:00.000Z,77334.35000000,77334.57000000,77285.57000000,77285.72000000,15.13998000
1787419500000,2026-08-22T17:25:00.000Z,77285.73000000,77289.73000000,77066.66000000,77084.94000000,39.30601000
1787419800000,2026-08-22T17:30:00.000Z,77084.95000000,77190.00000000,77084.95000000,77167.18000000,17.99497000
1787420100000,2026-08-22T17:35:00.000Z,77167.18000000,77196.03000000,77122.00000000,77122.00000000,16.41943000
1787420400000,2026-08-22T17:40:00.000Z,77122.00000000,77220.75000000,77118.48000000,77220.74000000,24.99120000
1787420700000,2026-08-22T17:45:00.000Z,77220.74000000,77307.73000000,77220.73000000,77286.87000000,47.06907000
1787421000000,2026-08-22T17:50:00.000Z,77286.87000000,77369.99000000,77272.95000000,77301.74000000,34.52867000
1787421300000,2026-08-22T17:55:00.000Z,77301.74000000,77308.52000000,77275.83000000,77278.01000000,28.87320000
1787421600000,2026-08-22T18:00:00.000Z,77278.01000000,77351.18000000,77278.01000000,77349.67000000,32.56847000
1787421900000,2026-08-22T18:05:00.000Z,77349.68000000,77360.92000000,77251.30000000,77251.30000000,30.37518000
1787422200000,2026-08-22T18:10:00.000Z,77251.30000000,77263.21000000,77207.09000000,77240.25000000,21.24683000
1787422500000,2026-08-22T18:15:00.000Z,77240.24000000,77298.84000000,77240.24000000,77275.13000000,14.79848000
1787422800000,2026-08-22T18:20:00.000Z,77275.12000000,77344.00000000,77268.00000000,77309.30000000,13.59129000
1787423100000,2026-08-22T18:25:00.000Z,77309.31000000,77324.00000000,77280.57000000,77295.99000000,12.95728000
1787423400000,2026-08-22T18:30:00.000Z,77295.99000000,77318.02000000,77270.01000000,77318.02000000,26.66734000
1787423700000,2026-08-22T18:35:00.000Z,77318.03000000,77320.00000000,77250.78000000,77259.25000000,18.42265000
1787424000000,2026-08-22T18:40:00.000Z,77259.24000000,77265.68000000,77220.81000000,77227.90000000,14.86544000
1787424300000,2026-08-22T18:45:00.000Z,77227.90000000,77234.87000000,77180.14000000,77217.07000000,25.50844000
1787424600000,2026-08-22T18:50:00.000Z,77217.07000000,77217.08000000,77138.00000000,77205.11000000,24.45582000
1787424900000,2026-08-22T18:55:00.000Z,77205.10000000,77257.87000000,77197.38000000,77257.86000000,10.87659000
1787425200000,2026-08-22T19:00:00.000Z,77257.87000000,77288.57000000,77244.00000000,77256.73000000,42.17826000
1787425500000,2026-08-22T19:05:00.000Z,77256.73000000,77261.06000000,77206.53000000,77253.99000000,23.66666000
1787425800000,2026-08-22T19:10:00.000Z,77254.00000000,77337.72000000,77242.35000000,77329.77000000,18.81003000
1787426100000,2026-08-22T19:15:00.000Z,77329.78000000,77337.69000000,77268.00000000,77283.46000000,26.36900000
1787426400000,2026-08-22T19:20:00.000Z,77283.45000000,77294.38000000,77265.32000000,77277.72000000,7.09357000
1787426700000,2026-08-22T19:25:00.000Z,77277.72000000,77308.21000000,77254.00000000,77281.98000000,32.81271000
1787427000000,2026-08-22T19:30:00.000Z,77281.97000000,77349.32000000,77281.97000000,77328.01000000,11.56062000
1787427300000,2026-08-22T19:35:00.000Z,77328.00000000,77382.92000000,77328.00000000,77354.30000000,15.17936000
1787427600000,2026-08-22T19:40:00.000Z,77354.31000000,77422.00000000,77354.30000000,77422.00000000,18.73811000
1787427900000,2026-08-22T19:45:00.000Z,77422.00000000,77454.99000000,77410.07000000,77438.31000000,28.05832000
1787428200000,2026-08-22T19:50:00.000Z,77438.31000000,77469.64000000,77438.31000000,77453.23000000,17.90090000
1787428500000,2026-08-22T19:55:00.000Z,77453.22000000,77453.23000000,77418.25000000,77418.25000000,18.04899000
1787428800000,2026-08-22T20:00:00.000Z,77418.26000000,77430.90000000,77366.02000000,77401.63000000,22.10365000
1787429100000,2026-08-22T20:05:00.000Z,77401.62000000,77436.00000000,77380.86000000,77429.93000000,13.52273000
1787429400000,2026-08-22T20:10:00.000Z,77429.93000000,77467.53000000,77412.24000000,77412.25000000,34.06323000
1787429700000,2026-08-22T20:15:00.000Z,77412.25000000,77428.10000000,77349.34000000,77349.34000000,59.93060000
1787430000000,2026-08-22T20:20:00.000Z,77349.35000000,77349.35000000,77330.00000000,77330.00000000,27.49189000
1787430300000,2026-08-22T20:25:00.000Z,77330.01000000,77348.80000000,77298.15000000,77298.15000000,31.57139000
1787430600000,2026-08-22T20:30:00.000Z,77298.16000000,77314.08000000,77258.00000000,77277.99000000,32.54800000
1787430900000,2026-08-22T20:35:00.000Z,77278.00000000,77370.00000000,77273.58000000,77370.00000000,20.32627000
1787431200000,2026-08-22T20:40:00.000Z,77369.99000000,77408.00000000,77306.00000000,77352.18000000,45.88604000
1787431500000,2026-08-22T20:45:00.000Z,77352.19000000,77374.62000000,77342.04000000,77342.05000000,23.95762000
1787431800000,2026-08-22T20:50:00.000Z,77342.05000000,77342.05000000,77315.99000000,77316.00000000,17.08853000
1787432100000,2026-08-22T20:55:00.000Z,77316.00000000,77320.66000000,77264.50000000,77311.69000000,23.20048000
1787432400000,2026-08-22T21:00:00.000Z,77311.69000000,77311.69000000,77026.00000000,77076.00000000,54.85979000
1787432700000,2026-08-22T21:05:00.000Z,77076.00000000,77151.11000000,77076.00000000,77140.01000000,21.64013000
1787433000000,2026-08-22T21:10:00.000Z,77140.00000000,77141.95000000,77048.00000000,77048.00000000,36.42020000
1787433300000,2026-08-22T21:15:00.000Z,77048.01000000,77188.00000000,77048.01000000,77185.83000000,26.27949000
1787433600000,2026-08-22T21:20:00.000Z,77185.84000000,77206.80000000,77138.00000000,77138.00000000,19.36081000
1787433900000,2026-08-22T21:25:00.000Z,77138.00000000,77200.00000000,77122.00000000,77183.47000000,15.32703000
1787434200000,2026-08-22T21:30:00.000Z,77183.46000000,77196.03000000,77086.00000000,77113.99000000,29.76668000
1787434500000,2026-08-22T21:35:00.000Z,77113.99000000,77114.17000000,76990.40000000,76999.65000000,56.08661000
1787434800000,2026-08-22T21:40:00.000Z,76999.66000000,77031.06000000,76924.28000000,77030.33000000,57.57094000
1787435100000,2026-08-22T21:45:00.000Z,77030.33000000,77030.33000000,76900.00000000,76973.09000000,41.90987000
1787435400000,2026-08-22T21:50:00.000Z,76973.10000000,76979.99000000,76933.52000000,76936.51000000,49.95032000
1787435700000,2026-08-22T21:55:00.000Z,76936.50000000,76945.68000000,76828.78000000,76856.01000000,63.37007000
1787436000000,2026-08-22T22:00:00.000Z,76856.00000000,76964.79000000,76772.00000000,76964.79000000,105.50922000
1787436300000,2026-08-22T22:05:00.000Z,76964.78000000,77155.46000000,76964.78000000,77110.00000000,60.94953000
1787436600000,2026-08-22T22:10:00.000Z,77110.00000000,77145.28000000,77074.01000000,77101.69000000,38.38555000
1787436900000,2026-08-22T22:15:00.000Z,77101.68000000,77127.86000000,77042.46000000,77055.99000000,31.22180000
1787437200000,2026-08-22T22:20:00.000Z,77055.99000000,77150.00000000,77055.98000000,77115.99000000,34.00299000
1787437500000,2026-08-22T22:25:00.000Z,77115.99000000,77154.01000000,77048.20000000,77048.20000000,107.71913000
1787437800000,2026-08-22T22:30:00.000Z,77048.21000000,77055.77000000,76876.00000000,76937.79000000,52.75893000
1787438100000,2026-08-22T22:35:00.000Z,76937.79000000,77045.76000000,76937.79000000,76982.00000000,114.23800000
1787438400000,2026-08-22T22:40:00.000Z,76982.01000000,77090.01000000,76982.00000000,77070.01000000,235.71466000
1787438700000,2026-08-22T22:45:00.000Z,77070.01000000,77109.23000000,77031.00000000,77045.74000000,39.45467000
1787439000000,2026-08-22T22:50:00.000Z,77045.73000000,77148.00000000,77045.73000000,77103.84000000,49.88600000
1787439300000,2026-08-22T22:55:00.000Z,77103.84000000,77119.38000000,76958.10000000,76997.76000000,64.14266000
1787439600000,2026-08-22T23:00:00.000Z,76997.77000000,77053.81000000,76954.00000000,77053.80000000,26.07266000
1787439900000,2026-08-22T23:05:00.000Z,77053.81000000,77084.23000000,77018.41000000,77018.41000000,44.49102000
1787440200000,2026-08-22T23:10:00.000Z,77018.39000000,77033.57000000,76946.46000000,76974.79000000,119.89211000
1787440500000,2026-08-22T23:15:00.000Z,76974.79000000,77011.12000000,76974.78000000,77011.11000000,12.94004000
1787440800000,2026-08-22T23:20:00.000Z,77011.11000000,77021.57000000,76993.32000000,76993.33000000,18.25576000
1787441100000,2026-08-22T23:25:00.000Z,76993.33000000,77018.00000000,76939.99000000,76939.99000000,59.51848000
1787441400000,2026-08-22T23:30:00.000Z,76940.00000000,76978.55000000,76900.00000000,76904.73000000,69.69766000
1787441700000,2026-08-22T23:35:00.000Z,76904.73000000,76983.41000000,76900.00000000,76983.41000000,19.14393000
1787442000000,2026-08-22T23:40:00.000Z,76983.40000000,77034.00000000,76983.40000000,77022.58000000,11.14670000
1787442300000,2026-08-22T23:45:00.000Z,77022.58000000,77094.07000000,77008.00000000,77094.06000000,8.99770000
1787442600000,2026-08-22T23:50:00.000Z,77094.07000000,77126.53000000,77063.45000000,77093.21000000,42.55299000
1787442900000,2026-08-22T23:55:00.000Z,77093.21000000,77106.00000000,77074.93000000,77074.93000000,10.24349000
1787443200000,2026-08-23T00:00:00.000Z,77074.94000000,77136.90000000,77074.94000000,77135.99000000,22.77781000
1787443500000,2026-08-23T00:05:00.000Z,77136.00000000,77143.94000000,77093.46000000,77093.46000000,14.99338000
1787443800000,2026-08-23T00:10:00.000Z,77093.47000000,77093.47000000,77042.91000000,77080.01000000,30.60220000
1787444100000,2026-08-23T00:15:00.000Z,77080.01000000,77130.00000000,77055.99000000,77104.05000000,13.22364000
1787444400000,2026-08-23T00:20:00.000Z,77104.04000000,77196.03000000,77093.33000000,77196.03000000,28.69642000
1787444700000,2026-08-23T00:25:00.000Z,77196.03000000,77250.00000000,77170.86000000,77227.91000000,20.66039000
1787445000000,2026-08-23T00:30:00.000Z,77227.91000000,77287.39000000,77227.90000000,77277.00000000,15.58152000
1787445300000,2026-08-23T00:35:00.000Z,77277.01000000,77356.00000000,77230.00000000,77279.12000000,49.17317000
1787445600000,2026-08-23T00:40:00.000Z,77279.12000000,77312.06000000,77228.73000000,77282.47000000,45.97664000
1787445900000,2026-08-23T00:45:00.000Z,77282.47000000,77326.00000000,77256.00000000,77319.53000000,64.34615000
1787446200000,2026-08-23T00:50:00.000Z,77319.53000000,77359.53000000,77310.34000000,77346.24000000,73.50689000
1787446500000,2026-08-23T00:55:00.000Z,77346.24000000,77346.48000000,77297.24000000,77302.65000000,43.10974000
1787446800000,2026-08-23T01:00:00.000Z,77302.65000000,77302.65000000,77178.00000000,77186.87000000,36.24321000
1787447100000,2026-08-23T01:05:00.000Z,77186.87000000,77260.00000000,77172.00000000,77247.12000000,24.49382000
1787447400000,2026-08-23T01:10:00.000Z,77247.12000000,77400.00000000,77245.28000000,77399.99000000,38.03950000
1787447700000,2026-08-23T01:15:00.000Z,77400.00000000,77400.00000000,77300.27000000,77306.47000000,13.92910000
1787448000000,2026-08-23T01:20:00.000Z,77306.48000000,77330.00000000,77306.47000000,77308.00000000,12.47989000
1787448300000,2026-08-23T01:25:00.000Z,77308.00000000,77308.01000000,77260.00000000,77268.09000000,18.19718000
1787448600000,2026-08-23T01:30:00.000Z,77268.09000000,77318.26000000,77191.30000000,77210.75000000,34.18693000
1787448900000,2026-08-23T01:35:00.000Z,77210.75000000,77256.00000000,77188.00000000,77256.00000000,18.61784000
1787449200000,2026-08-23T01:40:00.000Z,77256.00000000,77276.00000000,77169.08000000,77253.04000000,24.10376000
1787449500000,2026-08-23T01:45:00.000Z,77253.04000000,77329.42000000,77236.47000000,77242.96000000,22.95996000
1787449800000,2026-08-23T01:50:00.000Z,77242.97000000,77287.22000000,77198.41000000,77259.78000000,44.30761000
1787450100000,2026-08-23T01:55:00.000Z,77259.77000000,77259.77000000,77158.00000000,77190.29000000,28.37580000
1787450400000,2026-08-23T02:00:00.000Z,77190.29000000,77211.08000000,77136.00000000,77136.01000000,23.36546000
1787450700000,2026-08-23T02:05:00.000Z,77136.01000000,77142.42000000,77093.21000000,77104.10000000,26.42316000
1787451000000,2026-08-23T02:10:00.000Z,77104.11000000,77132.29000000,77050.01000000,77050.02000000,39.64749000
1787451300000,2026-08-23T02:15:00.000Z,77050.02000000,77125.02000000,77050.02000000,77107.82000000,16.64462000
1787451600000,2026-08-23T02:20:00.000Z,77107.82000000,77111.89000000,77005.88000000,77060.00000000,25.22876000
1787451900000,2026-08-23T02:25:00.000Z,77060.00000000,77115.29000000,77059.99000000,77114.47000000,17.43477000
1787452200000,2026-08-23T02:30:00.000Z,77114.48000000,77207.30000000,77114.47000000,77207.30000000,15.99366000
1787452500000,2026-08-23T02:35:00.000Z,77207.30000000,77207.30000000,77174.00000000,77190.04000000,19.34594000
1787452800000,2026-08-23T02:40:00.000Z,77190.04000000,77201.58000000,77140.56000000,77175.95000000,12.35108000
1787453100000,2026-08-23T02:45:00.000Z,77175.96000000,77209.91000000,77162.00000000,77183.49000000,17.53350000
1787453400000,2026-08-23T02:50:00.000Z,77183.49000000,77232.55000000,77064.22000000,77064.22000000,49.13399000
1787453700000,2026-08-23T02:55:00.000Z,77064.23000000,77084.00000000,77064.22000000,77079.46000000,9.34378000
1787454000000,2026-08-23T03:00:00.000Z,77079.46000000,77114.00000000,77070.01000000,77072.00000000,27.18161000
1787454300000,2026-08-23T03:05:00.000Z,77072.01000000,77072.01000000,77019.99000000,77019.99000000,11.74245000
1787454600000,2026-08-23T03:10:00.000Z,77020.00000000,77090.00000000,77002.39000000,77083.77000000,98.59100000
1787454900000,2026-08-23T03:15:00.000Z,77083.78000000,77136.78000000,77055.16000000,77106.31000000,35.02209000
1787455200000,2026-08-23T03:20:00.000Z,77106.30000000,77106.31000000,77006.01000000,77016.38000000,27.22115000
1787455500000,2026-08-23T03:25:00.000Z,77016.38000000,77036.60000000,76988.00000000,76988.01000000,28.66897000
1787455800000,2026-08-23T03:30:00.000Z,76988.00000000,76988.01000000,76896.05000000,76947.57000000,79.44902000
1787456100000,2026-08-23T03:35:00.000Z,76947.58000000,76979.24000000,76924.28000000,76924.28000000,32.67252000
1787456400000,2026-08-23T03:40:00.000Z,76924.28000000,76924.29000000,76837.00000000,76849.99000000,51.87755000
1787456700000,2026-08-23T03:45:00.000Z,76849.99000000,76985.01000000,76849.99000000,76985.01000000,50.35863000
1787457000000,2026-08-23T03:50:00.000Z,76985.01000000,76985.01000000,76936.51000000,76952.01000000,40.38328000
1787457300000,2026-08-23T03:55:00.000Z,76952.00000000,76952.01000000,76910.70000000,76927.87000000,58.86965000
1787457600000,2026-08-23T04:00:00.000Z,76927.87000000,76950.00000000,76844.75000000,76844.76000000,51.65492000
1787457900000,2026-08-23T04:05:00.000Z,76844.76000000,76932.44000000,76706.45000000,76822.76000000,167.29893000
1787458200000,2026-08-23T04:10:00.000Z,76822.76000000,77025.99000000,76822.76000000,77004.30000000,64.91574000
1787458500000,2026-08-23T04:15:00.000Z,77004.31000000,77036.58000000,76819.58000000,76819.58000000,51.28552000
1787458800000,2026-08-23T04:20:00.000Z,76819.58000000,76903.81000000,76795.83000000,76903.79000000,55.89074000
1787459100000,2026-08-23T04:25:00.000Z,76903.80000000,77000.00000000,76903.79000000,76961.80000000,29.90240000
1787459400000,2026-08-23T04:30:00.000Z,76961.81000000,76974.00000000,76836.32000000,76873.99000000,48.64654000
1787459700000,2026-08-23T04:35:00.000Z,76874.00000000,76874.14000000,76818.31000000,76850.98000000,113.72722000
1787460000000,2026-08-23T04:40:00.000Z,76850.98000000,76896.43000000,76812.16000000,76821.23000000,107.32557000
1787460300000,2026-08-23T04:45:00.000Z,76821.23000000,76823.40000000,76560.04000000,76624.00000000,238.98010000
1787460600000,2026-08-23T04:50:00.000Z,76624.01000000,76746.00000000,76622.00000000,76690.94000000,74.55870000
1787460900000,2026-08-23T04:55:00.000Z,76690.94000000,76703.99000000,76477.04000000,76602.00000000,138.12739000
1787461200000,2026-08-23T05:00:00.000Z,76602.00000000,76730.99000000,76483.56000000,76566.65000000,139.52646000
1787461500000,2026-08-23T05:05:00.000Z,76566.65000000,76637.56000000,76225.42000000,76296.00000000,217.42886000
1787461800000,2026-08-23T05:10:00.000Z,76296.01000000,76428.00000000,75810.01000000,75889.21000000,375.80803000
1787462100000,2026-08-23T05:15:00.000Z,75889.21000000,76050.00000000,75545.67000000,76047.01000000,476.68733000
1787462400000,2026-08-23T05:20:00.000Z,76047.00000000,76280.51000000,76012.62000000,76280.51000000,209.06776000
1787462700000,2026-08-23T05:25:00.000Z,76280.51000000,76315.20000000,76180.71000000,76228.07000000,112.32682000
1787463000000,2026-08-23T05:30:00.000Z,76228.07000000,76333.83000000,76195.59000000,76247.51000000,80.06125000
1787463300000,2026-08-23T05:35:00.000Z,76247.50000000,76306.00000000,76177.31000000,76229.64000000,60.45774000
1787463600000,2026-08-23T05:40:00.000Z,76229.64000000,76270.76000000,76100.00000000,76166.88000000,101.62292000
1787463900000,2026-08-23T05:45:00.000Z,76166.88000000,76200.00000000,76111.82000000,76172.00000000,68.24235000
1787464200000,2026-08-23T05:50:00.000Z,76172.00000000,76247.08000000,76030.00000000,76142.21000000,119.63833000
1787464500000,2026-08-23T05:55:00.000Z,76142.21000000,76178.00000000,76053.37000000,76053.37000000,60.65683000
1787464800000,2026-08-23T06:00:00.000Z,76053.38000000,76116.42000000,75988.98000000,76101.99000000,92.30653000
1787465100000,2026-08-23T06:05:00.000Z,76102.00000000,76130.00000000,75872.89000000,75914.17000000,96.79067000
1787465400000,2026-08-23T06:10:00.000Z,75914.17000000,76148.00000000,75904.48000000,76078.02000000,68.51706000
1787465700000,2026-08-23T06:15:00.000Z,76078.01000000,76287.37000000,76069.11000000,76287.37000000,83.91380000
1787466000000,2026-08-23T06:20:00.000Z,76287.36000000,76302.40000000,76194.00000000,76272.00000000,96.52342000
1787466300000,2026-08-23T06:25:00.000Z,76272.00000000,76272.01000000,76168.79000000,76226.00000000,58.41930000
1787466600000,2026-08-23T06:30:00.000Z,76226.00000000,76357.51000000,76225.99000000,76338.07000000,77.73418000
1787466900000,2026-08-23T06:35:00.000Z,76338.06000000,76348.00000000,76176.79000000,76231.58000000,54.49697000
1787467200000,2026-08-23T06:40:00.000Z,76231.59000000,76294.00000000,76231.58000000,76254.89000000,22.99233000
1787467500000,2026-08-23T06:45:00.000Z,76254.90000000,76270.76000000,76193.83000000,76194.27000000,35.36497000
1787467800000,2026-08-23T06:50:00.000Z,76194.27000000,76223.29000000,76136.39000000,76143.65000000,42.24207000
1787468100000,2026-08-23T06:55:00.000Z,76143.66000000,76165.33000000,76025.40000000,76096.95000000,59.14362000
1787468400000,2026-08-23T07:00:00.000Z,76096.96000000,76115.00000000,76029.46000000,76114.99000000,53.23563000
1787468700000,2026-08-23T07:05:00.000Z,76115.00000000,76260.00000000,76115.00000000,76237.62000000,31.66046000
1787469000000,2026-08-23T07:10:00.000Z,76237.63000000,76318.00000000,76232.08000000,76299.99000000,40.47565000
1787469300000,2026-08-23T07:15:00.000Z,76300.00000000,76345.31000000,76294.95000000,76334.51000000,32.30534000
1787469600000,2026-08-23T07:20:00.000Z,76334.52000000,76334.52000000,76242.00000000,76242.00000000,23.91499000
1787469900000,2026-08-23T07:25:00.000Z,76242.00000000,76274.70000000,76230.00000000,76230.01000000,33.32893000
1787470200000,2026-08-23T07:30:00.000Z,76230.01000000,76231.68000000,76100.00000000,76100.01000000,32.45814000
1787470500000,2026-08-23T07:35:00.000Z,76100.01000000,76128.00000000,76080.00000000,76118.00000000,32.94325000
1787470800000,2026-08-23T07:40:00.000Z,76118.00000000,76124.03000000,76051.17000000,76058.72000000,44.15916000
1787471100000,2026-08-23T07:45:00.000Z,76058.72000000,76110.31000000,76045.70000000,76110.31000000,56.44176000
1787471400000,2026-08-23T07:50:00.000Z,76110.30000000,76148.00000000,76035.21000000,76035.22000000,49.92898000
1787471700000,2026-08-23T07:55:00.000Z,76035.21000000,76046.00000000,75907.82000000,76007.13000000,67.56893000
1787472000000,2026-08-23T08:00:00.000Z,76007.12000000,76042.03000000,75952.09000000,76042.03000000,69.17782000
1787472300000,2026-08-23T08:05:00.000Z,76042.03000000,76262.46000000,76035.99000000,76247.47000000,201.52086000
1787472600000,2026-08-23T08:10:00.000Z,76247.46000000,76300.00000000,76190.38000000,76206.13000000,69.06555000
1787472900000,2026-08-23T08:15:00.000Z,76206.12000000,76299.00000000,76203.83000000,76261.37000000,52.82785000
1787473200000,2026-08-23T08:20:00.000Z,76261.36000000,76261.37000000,76220.84000000,76237.56000000,51.41846000
1787473500000,2026-08-23T08:25:00.000Z,76237.56000000,76251.15000000,76219.97000000,76236.35000000,46.65424000
1787473800000,2026-08-23T08:30:00.000Z,76236.35000000,76312.24000000,76236.34000000,76300.01000000,36.93513000
1787474100000,2026-08-23T08:35:00.000Z,76300.01000000,76493.03000000,76294.00000000,76432.00000000,77.68900000
1787474400000,2026-08-23T08:40:00.000Z,76432.00000000,76654.78000000,76430.00000000,76519.75000000,73.42038000
1787474700000,2026-08-23T08:45:00.000Z,76519.76000000,76612.39000000,76492.86000000,76494.06000000,36.57475000
1787475000000,2026-08-23T08:50:00.000Z,76494.06000000,76534.00000000,76466.34000000,76509.32000000,24.54980000
1787475300000,2026-08-23T08:55:00.000Z,76509.32000000,76514.76000000,76448.37000000,76486.49000000,33.65840000
1787475600000,2026-08-23T09:00:00.000Z,76486.49000000,76616.27000000,76470.00000000,76579.17000000,39.09933000
1787475900000,2026-08-23T09:05:00.000Z,76579.17000000,76639.99000000,76573.52000000,76585.58000000,40.16874000
1787476200000,2026-08-23T09:10:00.000Z,76585.59000000,76601.66000000,76544.49000000,76579.18000000,16.34902000
1787476500000,2026-08-23T09:15:00.000Z,76579.18000000,76605.32000000,76512.82000000,76541.78000000,24.98515000
1787476800000,2026-08-23T09:20:00.000Z,76541.79000000,76543.99000000,76476.36000000,76496.00000000,26.33169000
1787477100000,2026-08-23T09:25:00.000Z,76496.01000000,76579.18000000,76496.00000000,76556.01000000,16.23888000
1787477400000,2026-08-23T09:30:00.000Z,76556.00000000,76556.01000000,76476.37000000,76493.18000000,29.57302000
1787477700000,2026-08-23T09:35:00.000Z,76493.19000000,76536.35000000,76467.00000000,76527.99000000,29.68262000
1787478000000,2026-08-23T09:40:00.000Z,76527.99000000,76576.39000000,76527.99000000,76564.50000000,24.03751000
1787478300000,2026-08-23T09:45:00.000Z,76564.50000000,76611.77000000,76505.01000000,76589.89000000,31.12473000
1787478600000,2026-08-23T09:50:00.000Z,76589.89000000,76640.21000000,76586.00000000,76606.65000000,31.54396000
1787478900000,2026-08-23T09:55:00.000Z,76606.64000000,76606.64000000,76549.98000000,76549.98000000,37.23791000
1787479200000,2026-08-23T10:00:00.000Z,76549.99000000,76638.31000000,76542.00000000,76622.35000000,42.08999000
1787479500000,2026-08-23T10:05:00.000Z,76622.35000000,76732.36000000,76622.34000000,76678.82000000,55.00963000
1787479800000,2026-08-23T10:10:00.000Z,76678.83000000,76695.32000000,76601.98000000,76656.55000000,49.40076000
1787480100000,2026-08-23T10:15:00.000Z,76656.55000000,76681.99000000,76646.00000000,76656.01000000,26.45157000
1787480400000,2026-08-23T10:20:00.000Z,76656.02000000,76923.52000000,76656.02000000,76845.99000000,106.91706000
1787480700000,2026-08-23T10:25:00.000Z,76845.99000000,76887.61000000,76749.23000000,76757.53000000,47.03804000
1787481000000,2026-08-23T10:30:00.000Z,76757.53000000,76921.10000000,76749.27000000,76921.10000000,44.54754000
1787481300000,2026-08-23T10:35:00.000Z,76921.11000000,76924.29000000,76805.99000000,76832.28000000,32.19140000
1787481600000,2026-08-23T10:40:00.000Z,76832.28000000,76878.00000000,76807.51000000,76856.67000000,38.92430000
1787481900000,2026-08-23T10:45:00.000Z,76856.68000000,76877.19000000,76812.00000000,76812.01000000,16.66764000
1787482200000,2026-08-23T10:50:00.000Z,76812.01000000,76854.00000000,76806.00000000,76815.06000000,27.71556000
1787482500000,2026-08-23T10:55:00.000Z,76815.05000000,76815.07000000,76780.15000000,76790.35000000,46.75808000
1787482800000,2026-08-23T11:00:00.000Z,76790.35000000,76844.00000000,76744.94000000,76744.94000000,30.05065000
1787483100000,2026-08-23T11:05:00.000Z,76744.95000000,76845.68000000,76744.94000000,76806.46000000,34.04084000
1787483400000,2026-08-23T11:10:00.000Z,76806.47000000,76892.00000000,76803.38000000,76883.38000000,24.08803000
1787483700000,2026-08-23T11:15:00.000Z,76884.62000000,76974.62000000,76824.00000000,76974.62000000,40.31820000
1787484000000,2026-08-23T11:20:00.000Z,76974.61000000,77314.00000000,76974.61000000,77286.42000000,250.45307000
1787484300000,2026-08-23T11:25:00.000Z,77286.43000000,77298.84000000,77146.00000000,77170.00000000,52.77610000
1787484600000,2026-08-23T11:30:00.000Z,77169.99000000,77254.56000000,77132.00000000,77200.01000000,51.98247000
1787484900000,2026-08-23T11:35:00.000Z,77200.00000000,77393.69000000,77200.00000000,77392.42000000,101.40022000
1787485200000,2026-08-23T11:40:00.000Z,77392.43000000,77392.43000000,77274.00000000,77283.25000000,59.42926000
1787485500000,2026-08-23T11:45:00.000Z,77283.25000000,77308.27000000,77189.99000000,77210.02000000,49.28190000
1787485800000,2026-08-23T11:50:00.000Z,77210.02000000,77400.00000000,77200.00000000,77360.11000000,65.72576000
1787486100000,2026-08-23T11:55:00.000Z,77360.11000000,77360.11000000,77305.01000000,77311.02000000,25.27692000
1787486400000,2026-08-23T12:00:00.000Z,77311.02000000,77311.99000000,77191.58000000,77191.99000000,33.26699000
1787486700000,2026-08-23T12:05:00.000Z,77192.00000000,77200.00000000,77088.00000000,77142.37000000,59.55757000
1787487000000,2026-08-23T12:10:00.000Z,77142.38000000,77143.10000000,76975.63000000,77080.02000000,173.54598000
1787487300000,2026-08-23T12:15:00.000Z,77080.01000000,77101.77000000,77048.16000000,77093.22000000,19.56574000
1787487600000,2026-08-23T12:20:00.000Z,77093.22000000,77127.72000000,77093.21000000,77109.92000000,19.98302000
1787487900000,2026-08-23T12:25:00.000Z,77109.93000000,77109.93000000,77020.00000000,77047.83000000,16.24759000
1787488200000,2026-08-23T12:30:00.000Z,77047.84000000,77093.22000000,77047.83000000,77082.86000000,29.85109000
1787488500000,2026-08-23T12:35:00.000Z,77082.86000000,77137.12000000,77052.55000000,77137.12000000,23.29124000
1787488800000,2026-08-23T12:40:00.000Z,77137.11000000,77248.00000000,77137.11000000,77238.10000000,30.27500000
1787489100000,2026-08-23T12:45:00.000Z,77238.10000000,77260.00000000,77202.00000000,77211.23000000,16.41437000
1787489400000,2026-08-23T12:50:00.000Z,77211.24000000,77216.00000000,77164.00000000,77164.01000000,11.64267000
1787489700000,2026-08-23T12:55:00.000Z,77164.01000000,77226.34000000,77164.01000000,77206.00000000,12.95763000
1787490000000,2026-08-23T13:00:00.000Z,77206.01000000,77226.00000000,77192.21000000,77207.05000000,22.76729000
1787490300000,2026-08-23T13:05:00.000Z,77207.05000000,77240.34000000,77204.00000000,77240.34000000,20.05189000
1787490600000,2026-08-23T13:10:00.000Z,77240.34000000,77341.35000000,77240.34000000,77338.87000000,61.36087000
1787490900000,2026-08-23T13:15:00.000Z,77338.87000000,77765.80000000,77338.22000000,77657.30000000,355.17790000
1787491200000,2026-08-23T13:20:00.000Z,77657.30000000,77680.98000000,77422.00000000,77640.01000000,130.21701000
1787491500000,2026-08-23T13:25:00.000Z,77640.01000000,77640.01000000,77426.00000000,77438.77000000,86.84374000
1787491800000,2026-08-23T13:30:00.000Z,77439.65000000,77500.00000000,77372.00000000,77398.45000000,57.31747000
1787492100000,2026-08-23T13:35:00.000Z,77398.45000000,77602.54000000,77350.72000000,77578.64000000,51.82572000
1787492400000,2026-08-23T13:40:00.000Z,77578.63000000,77629.00000000,77492.88000000,77522.00000000,30.78044000
1787492700000,2026-08-23T13:45:00.000Z,77521.99000000,77564.00000000,77408.00000000,77468.03000000,63.68193000
1787493000000,2026-08-23T13:50:00.000Z,77468.04000000,77504.45000000,77373.89000000,77498.69000000,37.89830000
1787493300000,2026-08-23T13:55:00.000Z,77498.68000000,77500.00000000,77449.00000000,77487.62000000,38.00569000
1787493600000,2026-08-23T14:00:00.000Z,77487.62000000,77617.89000000,77487.61000000,77557.51000000,53.38339000
1787493900000,2026-08-23T14:05:00.000Z,77557.50000000,77566.23000000,77330.40000000,77423.27000000,58.83471000
1787494200000,2026-08-23T14:10:00.000Z,77423.27000000,77584.92000000,77423.26000000,77552.72000000,34.41307000
1787494500000,2026-08-23T14:15:00.000Z,77552.72000000,77640.58000000,77468.05000000,77478.01000000,47.97977000
1787494800000,2026-08-23T14:20:00.000Z,77478.00000000,77504.45000000,77428.38000000,77436.95000000,44.29729000
1787495100000,2026-08-23T14:25:00.000Z,77436.95000000,77504.43000000,77421.06000000,77452.55000000,62.36751000
1787495400000,2026-08-23T14:30:00.000Z,77452.54000000,77472.00000000,77422.00000000,77425.46000000,92.26251000
1787495700000,2026-08-23T14:35:00.000Z,77425.46000000,77487.99000000,77425.00000000,77439.45000000,32.18896000
1787496000000,2026-08-23T14:40:00.000Z,77439.45000000,77464.75000000,76802.00000000,77025.14000000,376.12596000
1787496300000,2026-08-23T14:45:00.000Z,77025.13000000,77220.02000000,77025.13000000,77203.75000000,92.41155000
1787496600000,2026-08-23T14:50:00.000Z,77203.74000000,77315.01000000,77180.01000000,77273.53000000,55.33210000
1787496900000,2026-08-23T14:55:00.000Z,77273.53000000,77273.53000000,77150.00000000,77186.00000000,66.08763000
1787497200000,2026-08-23T15:00:00.000Z,77186.00000000,77292.00000000,77070.01000000,77267.98000000,113.18793000
1787497500000,2026-08-23T15:05:00.000Z,77267.99000000,77336.93000000,77242.57000000,77298.83000000,63.88831000
1787497800000,2026-08-23T15:10:00.000Z,77298.83000000,77308.00000000,77170.00000000,77170.00000000,33.18779000
1787498100000,2026-08-23T15:15:00.000Z,77170.00000000,77173.99000000,76913.49000000,77022.43000000,107.06723000
1787498400000,2026-08-23T15:20:00.000Z,77022.44000000,77244.00000000,77004.11000000,77220.24000000,52.62736000
1787498700000,2026-08-23T15:25:00.000Z,77220.25000000,77229.72000000,77191.99000000,77199.99000000,31.08097000
1787499000000,2026-08-23T15:30:00.000Z,77200.00000000,77277.26000000,77144.00000000,77170.09000000,50.50815000
1787499300000,2026-08-23T15:35:00.000Z,77170.09000000,77277.42000000,77170.08000000,77277.42000000,27.53143000
1787499600000,2026-08-23T15:40:00.000Z,77277.42000000,77324.71000000,77268.00000000,77282.01000000,24.32955000
1787499900000,2026-08-23T15:45:00.000Z,77282.01000000,77282.01000000,77196.02000000,77205.09000000,18.03599000
1787500200000,2026-08-23T15:50:00.000Z,77205.09000000,77213.76000000,77180.00000000,77182.86000000,19.03858000
1787500500000,2026-08-23T15:55:00.000Z,77182.86000000,77206.44000000,77144.00000000,77156.13000000,21.67607000
1787500800000,2026-08-23T16:00:00.000Z,77156.14000000,77303.31000000,77156.13000000,77268.04000000,26.07881000
1787501100000,2026-08-23T16:05:00.000Z,77268.05000000,77268.05000000,77219.33000000,77219.33000000,12.21937000
1787501400000,2026-08-23T16:10:00.000Z,77219.33000000,77281.61000000,77212.02000000,77277.66000000,12.24523000
1787501700000,2026-08-23T16:15:00.000Z,77277.66000000,77322.00000000,77242.27000000,77242.28000000,27.63115000
1787502000000,2026-08-23T16:20:00.000Z,77242.28000000,77278.90000000,77216.80000000,77273.64000000,37.49361000
1787502300000,2026-08-23T16:25:00.000Z,77273.65000000,77328.00000000,77265.39000000,77327.99000000,18.13381000
1787502600000,2026-08-23T16:30:00.000Z,77328.00000000,77419.35000000,77318.05000000,77415.40000000,52.30911000
1787502900000,2026-08-23T16:35:00.000Z,77415.41000000,77420.00000000,77325.01000000,77389.66000000,27.12966000
1787503200000,2026-08-23T16:40:00.000Z,77389.67000000,77440.42000000,77370.88000000,77388.00000000,22.41509000
1787503500000,2026-08-23T16:45:00.000Z,77388.00000000,77416.00000000,77360.00000000,77382.94000000,31.88871000
1787503800000,2026-08-23T16:50:00.000Z,77382.94000000,77475.00000000,77382.93000000,77406.01000000,24.45054000
1787504100000,2026-08-23T16:55:00.000Z,77406.01000000,77458.01000000,77406.00000000,77429.88000000,11.24451000
1787504400000,2026-08-23T17:00:00.000Z,77429.87000000,77443.95000000,77148.20000000,77218.26000000,59.46059000
1787504700000,2026-08-23T17:05:00.000Z,77218.27000000,77361.38000000,77218.26000000,77333.02000000,32.85833000
1787505000000,2026-08-23T17:10:00.000Z,77333.03000000,77336.00000000,77276.00000000,77283.26000000,26.41508000
1787505300000,2026-08-23T17:15:00.000Z,77283.26000000,77366.01000000,77196.18000000,77366.00000000,57.57578000
1787505600000,2026-08-23T17:20:00.000Z,77366.01000000,77380.00000000,77294.00000000,77294.01000000,20.95032000
1787505900000,2026-08-23T17:25:00.000Z,77294.01000000,77301.72000000,77232.54000000,77250.00000000,16.09063000
1787506200000,2026-08-23T17:30:00.000Z,77250.00000000,77257.99000000,77161.81000000,77257.99000000,29.70663000
1787506500000,2026-08-23T17:35:00.000Z,77257.99000000,77314.00000000,77246.51000000,77246.52000000,16.63106000
1787506800000,2026-08-23T17:40:00.000Z,77246.51000000,77265.94000000,77204.00000000,77245.05000000,26.10152000
1787507100000,2026-08-23T17:45:00.000Z,77245.05000000,77327.09000000,77225.85000000,77244.00000000,26.01969000
1787507400000,2026-08-23T17:50:00.000Z,77243.99000000,77285.14000000,77243.13000000,77243.14000000,48.73662000
1787507700000,2026-08-23T17:55:00.000Z,77243.13000000,77243.13000000,77176.41000000,77176.41000000,35.61362000
1787508000000,2026-08-23T18:00:00.000Z,77176.41000000,77212.88000000,77162.01000000,77182.01000000,122.25917000
1787508300000,2026-08-23T18:05:00.000Z,77182.00000000,77232.00000000,77116.00000000,77232.00000000,117.95436000
1787508600000,2026-08-23T18:10:00.000Z,77232.00000000,77411.07000000,77231.99000000,77353.94000000,111.87820000
1787508900000,2026-08-23T18:15:00.000Z,77353.95000000,77415.33000000,77330.00000000,77330.01000000,55.13771000
1787509200000,2026-08-23T18:20:00.000Z,77330.00000000,77339.95000000,77275.18000000,77322.86000000,60.50043000
1787509500000,2026-08-23T18:25:00.000Z,77322.86000000,77408.92000000,77320.00000000,77356.01000000,25.16059000
1787509800000,2026-08-23T18:30:00.000Z,77356.01000000,77363.06000000,77311.95000000,77311.95000000,16.70883000
1787510100000,2026-08-23T18:35:00.000Z,77311.95000000,77349.69000000,77311.95000000,77338.50000000,12.08162000
1787510400000,2026-08-23T18:40:00.000Z,77338.51000000,77369.91000000,77329.33000000,77345.51000000,77.13328000
1787510700000,2026-08-23T18:45:00.000Z,77345.51000000,77349.77000000,77261.16000000,77298.84000000,33.64609000
1787511000000,2026-08-23T18:50:00.000Z,77298.84000000,77317.73000000,77279.98000000,77296.50000000,23.29175000
1787511300000,2026-08-23T18:55:00.000Z,77296.50000000,77341.98000000,77296.49000000,77341.98000000,14.41991000
1787511600000,2026-08-23T19:00:00.000Z,77341.99000000,77411.03000000,77330.36000000,77341.99000000,32.30928000
1787511900000,2026-08-23T19:05:00.000Z,77342.00000000,77358.94000000,77328.84000000,77332.00000000,23.17630000
1787512200000,2026-08-23T19:10:00.000Z,77332.00000000,77332.00000000,77255.99000000,77322.00000000,89.63940000
1787512500000,2026-08-23T19:15:00.000Z,77322.00000000,77377.48000000,77300.83000000,77377.48000000,14.12105000
1787512800000,2026-08-23T19:20:00.000Z,77377.48000000,77396.94000000,77365.17000000,77371.22000000,12.50506000
1787513100000,2026-08-23T19:25:00.000Z,77371.21000000,77371.22000000,77333.92000000,77355.24000000,8.61838000
1787513400000,2026-08-23T19:30:00.000Z,77355.25000000,77355.25000000,77257.99000000,77343.57000000,22.61104000
1787513700000,2026-08-23T19:35:00.000Z,77343.57000000,77365.17000000,77333.01000000,77365.16000000,10.38286000
1787514000000,2026-08-23T19:40:00.000Z,77365.17000000,77445.11000000,77364.00000000,77443.86000000,22.42536000
1787514300000,2026-08-23T19:45:00.000Z,77443.86000000,77487.04000000,77385.78000000,77404.00000000,37.85652000
1787514600000,2026-08-23T19:50:00.000Z,77404.01000000,77404.01000000,77381.00000000,77384.60000000,5.08852000
1787514900000,2026-08-23T19:55:00.000Z,77384.59000000,77384.60000000,77329.27000000,77346.01000000,16.20481000
1787515200000,2026-08-23T20:00:00.000Z,77346.00000000,77346.01000000,77200.03000000,77200.03000000,33.99330000
1787515500000,2026-08-23T20:05:00.000Z,77200.03000000,77261.20000000,77200.03000000,77261.19000000,16.16442000
1787515800000,2026-08-23T20:10:00.000Z,77261.20000000,77293.23000000,77261.19000000,77272.00000000,8.15528000
1787516100000,2026-08-23T20:15:00.000Z,77272.00000000,77307.12000000,77272.00000000,77305.47000000,8.74476000
1787516400000,2026-08-23T20:20:00.000Z,77305.46000000,77372.43000000,77305.46000000,77367.11000000,16.24055000
1787516700000,2026-08-23T20:25:00.000Z,77367.11000000,77410.43000000,77367.11000000,77387.19000000,11.99897000
1787517000000,2026-08-23T20:30:00.000Z,77387.20000000,77415.27000000,77385.99000000,77399.17000000,18.99214000
1787517300000,2026-08-23T20:35:00.000Z,77399.18000000,77418.41000000,77399.17000000,77418.41000000,8.28646000
1787517600000,2026-08-23T20:40:00.000Z,77418.41000000,77460.00000000,77418.40000000,77428.01000000,12.85100000
1787517900000,2026-08-23T20:45:00.000Z,77428.00000000,77434.89000000,77400.00000000,77412.92000000,14.02946000
1787518200000,2026-08-23T20:50:00.000Z,77412.92000000,77430.00000000,77390.94000000,77396.12000000,11.43266000
1787518500000,2026-08-23T20:55:00.000Z,77396.12000000,77415.65000000,77396.12000000,77401.60000000,9.08855000
1787518800000,2026-08-23T21:00:00.000Z,77401.59000000,77688.00000000,77401.59000000,77672.45000000,76.39065000
1787519100000,2026-08-23T21:05:00.000Z,77672.44000000,77700.00000000,77618.67000000,77652.30000000,40.67745000
1787519400000,2026-08-23T21:10:00.000Z,77652.30000000,77709.87000000,77608.01000000,77697.68000000,40.77504000
1787519700000,2026-08-23T21:15:00.000Z,77697.69000000,77977.09000000,77697.69000000,77967.39000000,144.32430000
1787520000000,2026-08-23T21:20:00.000Z,77967.38000000,78014.84000000,77894.00000000,77920.01000000,140.06481000
1787520300000,2026-08-23T21:25:00.000Z,77920.00000000,78052.85000000,77885.64000000,78024.18000000,68.09352000
1787520600000,2026-08-23T21:30:00.000Z,78024.18000000,78037.99000000,77948.73000000,77948.73000000,50.01583000
1787520900000,2026-08-23T21:35:00.000Z,77948.74000000,77948.74000000,77607.65000000,77649.13000000,95.60745000
1787521200000,2026-08-23T21:40:00.000Z,77649.14000000,77676.97000000,77545.84000000,77622.00000000,72.68837000
1787521500000,2026-08-23T21:45:00.000Z,77622.00000000,77815.03000000,77621.99000000,77789.97000000,42.85912000
1787521800000,2026-08-23T21:50:00.000Z,77789.97000000,77864.26000000,77760.01000000,77790.01000000,39.46920000
1787522100000,2026-08-23T21:55:00.000Z,77790.00000000,77840.00000000,77746.00000000,77833.23000000,50.66628000
1787522400000,2026-08-23T22:00:00.000Z,77833.23000000,77979.00000000,77579.99000000,77693.99000000,141.16523000
1787522700000,2026-08-23T22:05:00.000Z,77694.00000000,77768.00000000,77636.00000000,77733.99000000,57.06977000
1787523000000,2026-08-23T22:10:00.000Z,77733.99000000,77791.89000000,77649.05000000,77703.56000000,54.19757000
1787523300000,2026-08-23T22:15:00.000Z,77703.56000000,77771.48000000,77638.00000000,77748.00000000,41.73564000
1787523600000,2026-08-23T22:20:00.000Z,77748.00000000,77808.00000000,77704.00000000,77768.13000000,41.62016000
1787523900000,2026-08-23T22:25:00.000Z,77768.13000000,77798.17000000,77668.00000000,77668.00000000,33.45057000
1787524200000,2026-08-23T22:30:00.000Z,77668.00000000,77727.16000000,77615.18000000,77664.00000000,45.43146000
1787524500000,2026-08-23T22:35:00.000Z,77664.01000000,77709.60000000,77600.00000000,77690.07000000,30.23371000
1787524800000,2026-08-23T22:40:00.000Z,77690.07000000,77697.78000000,77625.96000000,77648.01000000,29.22990000
1787525100000,2026-08-23T22:45:00.000Z,77648.01000000,77665.74000000,77560.02000000,77663.59000000,39.68192000
1787525400000,2026-08-23T22:50:00.000Z,77663.59000000,77704.79000000,77630.90000000,77636.30000000,31.75006000
1787525700000,2026-08-23T22:55:00.000Z,77636.31000000,77652.38000000,77578.00000000,77598.88000000,41.79895000
1787526000000,2026-08-23T23:00:00.000Z,77598.87000000,77622.86000000,77425.00000000,77430.02000000,66.40006000
1787526300000,2026-08-23T23:05:00.000Z,77430.03000000,77497.58000000,77290.22000000,77483.57000000,78.34842000
1787526600000,2026-08-23T23:10:00.000Z,77483.57000000,77523.06000000,77384.26000000,77470.60000000,44.25405000
1787526900000,2026-08-23T23:15:00.000Z,77470.60000000,77645.17000000,77470.59000000,77556.01000000,68.57959000
1787527200000,2026-08-23T23:20:00.000Z,77556.01000000,77556.89000000,77469.26000000,77490.01000000,22.91281000
1787527500000,2026-08-23T23:25:00.000Z,77490.02000000,77670.00000000,77445.34000000,77667.51000000,40.93905000
1787527800000,2026-08-23T23:30:00.000Z,77667.51000000,77829.70000000,77666.74000000,77678.01000000,96.12040000
1787528100000,2026-08-23T23:35:00.000Z,77678.01000000,77708.87000000,77501.15000000,77542.66000000,79.04410000
1787528400000,2026-08-23T23:40:00.000Z,77542.66000000,77565.21000000,77400.00000000,77483.99000000,40.60095000
1787528700000,2026-08-23T23:45:00.000Z,77483.99000000,77581.67000000,77483.99000000,77552.09000000,31.93606000
1787529000000,2026-08-23T23:50:00.000Z,77552.09000000,77645.60000000,77541.97000000,77622.00000000,37.71966000
1787529300000,2026-08-23T23:55:00.000Z,77621.99000000,77793.85000000,77621.99000000,77734.00000000,54.35019000
1787529600000,2026-08-24T00:00:00.000Z,77734.00000000,77742.00000000,77616.72000000,77616.72000000,35.73330000
1787529900000,2026-08-24T00:05:00.000Z,77616.72000000,77700.00000000,77514.00000000,77695.37000000,56.90544000
1787530200000,2026-08-24T00:10:00.000Z,77695.37000000,77717.27000000,77608.93000000,77627.90000000,28.61322000
1787530500000,2026-08-24T00:15:00.000Z,77627.90000000,77643.88000000,77504.44000000,77536.00000000,39.36294000
1787530800000,2026-08-24T00:20:00.000Z,77536.00000000,77536.00000000,77462.01000000,77494.00000000,33.70780000
1787531100000,2026-08-24T00:25:00.000Z,77494.00000000,77494.01000000,77268.00000000,77432.00000000,106.85940000
1787531400000,2026-08-24T00:30:00.000Z,77432.00000000,77478.29000000,77357.95000000,77474.57000000,31.50420000
1787531700000,2026-08-24T00:35:00.000Z,77474.56000000,77597.84000000,77393.22000000,77393.22000000,64.91691000
1787532000000,2026-08-24T00:40:00.000Z,77393.23000000,77436.51000000,77219.34000000,77236.04000000,47.39806000
1787532300000,2026-08-24T00:45:00.000Z,77236.04000000,77420.00000000,77142.85000000,77363.12000000,85.82404000
1787532600000,2026-08-24T00:50:00.000Z,77363.12000000,77527.59000000,77350.92000000,77520.06000000,38.16411000
1787532900000,2026-08-24T00:55:00.000Z,77520.06000000,77679.51000000,77487.27000000,77679.50000000,61.64056000
1787533200000,2026-08-24T01:00:00.000Z,77679.51000000,77717.28000000,77552.72000000,77644.01000000,85.83016000
1787533500000,2026-08-24T01:05:00.000Z,77644.01000000,77682.30000000,77442.00000000,77446.90000000,37.06070000
1787533800000,2026-08-24T01:10:00.000Z,77446.91000000,77550.00000000,77439.28000000,77439.29000000,48.23938000
1787534100000,2026-08-24T01:15:00.000Z,77439.29000000,77464.29000000,77366.44000000,77408.33000000,52.73119000
1787534400000,2026-08-24T01:20:00.000Z,77408.33000000,77408.33000000,77226.01000000,77230.20000000,91.09659000
1787534700000,2026-08-24T01:25:00.000Z,77230.21000000,77318.00000000,77230.20000000,77246.01000000,31.66303000
1787535000000,2026-08-24T01:30:00.000Z,77246.00000000,77364.00000000,77211.26000000,77364.00000000,45.42395000
1787535300000,2026-08-24T01:35:00.000Z,77364.00000000,77368.00000000,77178.06000000,77247.99000000,93.22815000
1787535600000,2026-08-24T01:40:00.000Z,77247.99000000,77300.74000000,77202.00000000,77213.99000000,31.24402000
1787535900000,2026-08-24T01:45:00.000Z,77213.99000000,77264.00000000,77163.00000000,77223.03000000,57.43460000
1787536200000,2026-08-24T01:50:00.000Z,77223.04000000,77249.98000000,77093.77000000,77204.74000000,146.28604000
1787536500000,2026-08-24T01:55:00.000Z,77204.75000000,77209.26000000,76918.00000000,76922.10000000,133.23440000
1787536800000,2026-08-24T02:00:00.000Z,76922.11000000,77088.00000000,76883.61000000,77079.47000000,130.84125000
1787537100000,2026-08-24T02:05:00.000Z,77079.47000000,77181.81000000,77062.00000000,77121.99000000,58.31649000
1787537400000,2026-08-24T02:10:00.000Z,77121.99000000,77420.00000000,77086.42000000,77372.00000000,85.84432000
1787537700000,2026-08-24T02:15:00.000Z,77372.00000000,77501.39000000,77371.99000000,77497.66000000,64.97216000
1787538000000,2026-08-24T02:20:00.000Z,77497.67000000,77497.67000000,77401.98000000,77454.00000000,34.99661000
1787538300000,2026-08-24T02:25:00.000Z,77454.00000000,77509.05000000,77394.69000000,77447.93000000,43.83468000
1787538600000,2026-08-24T02:30:00.000Z,77447.93000000,77512.00000000,77432.02000000,77504.00000000,32.71531000
1787538900000,2026-08-24T02:35:00.000Z,77504.01000000,77545.08000000,77404.83000000,77439.69000000,41.33378000
1787539200000,2026-08-24T02:40:00.000Z,77439.70000000,77500.00000000,77406.67000000,77453.04000000,28.62062000
1787539500000,2026-08-24T02:45:00.000Z,77453.05000000,77461.81000000,77244.42000000,77367.99000000,98.63208000
1787539800000,2026-08-24T02:50:00.000Z,77368.00000000,77401.64000000,77294.38000000,77396.01000000,25.37162000
1787540100000,2026-08-24T02:55:00.000Z,77396.00000000,77528.52000000,77394.76000000,77478.69000000,86.96498000
1787540400000,2026-08-24T03:00:00.000Z,77478.70000000,77532.37000000,77332.31000000,77352.22000000,167.87784000
1787540700000,2026-08-24T03:05:00.000Z,77352.22000000,77352.22000000,77244.42000000,77298.00000000,162.34051000
1787541000000,2026-08-24T03:10:00.000Z,77297.99000000,77324.00000000,77204.87000000,77204.92000000,123.74255000
1787541300000,2026-08-24T03:15:00.000Z,77204.91000000,77222.00000000,77151.00000000,77196.58000000,111.29045000
1787541600000,2026-08-24T03:20:00.000Z,77196.58000000,77273.00000000,77154.07000000,77218.01000000,55.06715000
1787541900000,2026-08-24T03:25:00.000Z,77218.01000000,77258.00000000,77122.80000000,77122.81000000,154.14742000
1787542200000,2026-08-24T03:30:00.000Z,77122.80000000,77161.36000000,77022.00000000,77108.38000000,158.21805000
1787542500000,2026-08-24T03:35:00.000Z,77108.38000000,77120.00000000,77000.00000000,77044.46000000,152.98985000
1787542800000,2026-08-24T03:40:00.000Z,77044.45000000,77044.46000000,76964.01000000,76987.01000000,73.68595000
1787543100000,2026-08-24T03:45:00.000Z,76987.01000000,77057.99000000,76986.00000000,77014.49000000,89.26602000
1787543400000,2026-08-24T03:50:00.000Z,77014.49000000,77152.00000000,76943.00000000,76984.01000000,136.07816000
1787543700000,2026-08-24T03:55:00.000Z,76984.01000000,76994.33000000,76933.00000000,76933.02000000,62.78674000
1787544000000,2026-08-24T04:00:00.000Z,76933.02000000,77057.99000000,76933.02000000,77043.27000000,174.87474000
1787544300000,2026-08-24T04:05:00.000Z,77043.27000000,77091.16000000,77002.00000000,77002.00000000,114.15710000
1787544600000,2026-08-24T04:10:00.000Z,77002.01000000,77055.77000000,76995.36000000,77009.01000000,120.07915000
1787544900000,2026-08-24T04:15:00.000Z,77009.00000000,77223.77000000,77009.00000000,77162.03000000,52.03182000
1787545200000,2026-08-24T04:20:00.000Z,77162.02000000,77247.12000000,77150.00000000,77158.15000000,62.20658000
1787545500000,2026-08-24T04:25:00.000Z,77158.03000000,77220.89000000,77158.02000000,77208.45000000,66.08467000
1787545800000,2026-08-24T04:30:00.000Z,77208.45000000,77219.85000000,77170.09000000,77196.59000000,57.54023000
1787546100000,2026-08-24T04:35:00.000Z,77196.59000000,77196.60000000,77132.00000000,77149.10000000,45.23797000
1787546400000,2026-08-24T04:40:00.000Z,77149.10000000,77179.46000000,77050.00000000,77098.94000000,54.83727000
1787546700000,2026-08-24T04:45:00.000Z,77098.94000000,77122.01000000,76950.75000000,76950.76000000,147.00095000
1787547000000,2026-08-24T04:50:00.000Z,76950.75000000,76950.76000000,76670.01000000,76830.00000000,209.63712000
1787547300000,2026-08-24T04:55:00.000Z,76829.99000000,76897.44000000,76771.14000000,76897.44000000,87.67987000
1787547600000,2026-08-24T05:00:00.000Z,76897.44000000,76960.00000000,76844.00000000,76956.00000000,54.02946000
1787547900000,2026-08-24T05:05:00.000Z,76956.00000000,77051.88000000,76889.29000000,77030.00000000,72.12837000
1787548200000,2026-08-24T05:10:00.000Z,77029.99000000,77208.60000000,77000.00000000,77208.60000000,162.19988000
1787548500000,2026-08-24T05:15:00.000Z,77208.60000000,77226.93000000,77044.40000000,77055.16000000,97.05619000
1787548800000,2026-08-24T05:20:00.000Z,77055.16000000,77117.00000000,76946.01000000,77073.68000000,72.59635000
1787549100000,2026-08-24T05:25:00.000Z,77073.68000000,77124.00000000,77042.19000000,77055.03000000,44.99559000
1787549400000,2026-08-24T05:30:00.000Z,77055.02000000,77055.02000000,76908.63000000,76968.00000000,53.33631000
1787549700000,2026-08-24T05:35:00.000Z,76968.01000000,77080.50000000,76842.72000000,77040.01000000,70.07422000
1787550000000,2026-08-24T05:40:00.000Z,77040.00000000,77181.72000000,77014.03000000,77079.22000000,81.31016000
1787550300000,2026-08-24T05:45:00.000Z,77079.22000000,77122.00000000,77055.00000000,77055.01000000,52.98938000
1787550600000,2026-08-24T05:50:00.000Z,77055.01000000,77126.60000000,76992.45000000,77117.99000000,86.65296000
1787550900000,2026-08-24T05:55:00.000Z,77117.99000000,77177.33000000,77086.00000000,77149.40000000,37.14858000
1787551200000,2026-08-24T06:00:00.000Z,77149.39000000,77180.22000000,77073.67000000,77100.44000000,68.54244000
1787551500000,2026-08-24T06:05:00.000Z,77100.44000000,77207.10000000,77071.00000000,77185.27000000,59.75225000
1787551800000,2026-08-24T06:10:00.000Z,77185.27000000,77435.64000000,77147.60000000,77396.01000000,130.76970000
1787552100000,2026-08-24T06:15:00.000Z,77396.01000000,77470.23000000,77350.00000000,77378.31000000,98.99212000
1787552400000,2026-08-24T06:20:00.000Z,77378.32000000,77401.64000000,77296.16000000,77397.57000000,72.69553000
1787552700000,2026-08-24T06:25:00.000Z,77397.57000000,77411.19000000,77360.91000000,77360.91000000,39.12771000
1787553000000,2026-08-24T06:30:00.000Z,77360.91000000,77382.70000000,77272.47000000,77281.02000000,26.42925000
1787553300000,2026-08-24T06:35:00.000Z,77281.01000000,77312.61000000,77249.12000000,77249.13000000,30.62279000
1787553600000,2026-08-24T06:40:00.000Z,77249.13000000,77352.00000000,77232.00000000,77351.90000000,68.04299000
1787553900000,2026-08-24T06:45:00.000Z,77351.90000000,77525.09000000,77344.01000000,77503.88000000,94.71790000
1787554200000,2026-08-24T06:50:00.000Z,77503.88000000,77508.78000000,77418.76000000,77450.00000000,37.65624000
1787554500000,2026-08-24T06:55:00.000Z,77450.00000000,77483.99000000,77442.43000000,77464.33000000,18.63498000
1787554800000,2026-08-24T07:00:00.000Z,77464.33000000,77516.45000000,77464.31000000,77503.88000000,25.56727000
1787555100000,2026-08-24T07:05:00.000Z,77503.87000000,77559.99000000,77500.00000000,77554.01000000,39.50247000
1787555400000,2026-08-24T07:10:00.000Z,77554.01000000,77790.19000000,77554.00000000,77760.00000000,151.05708000
1787555700000,2026-08-24T07:15:00.000Z,77759.99000000,77760.00000000,77599.10000000,77656.33000000,49.70860000
1787556000000,2026-08-24T07:20:00.000Z,77656.33000000,77657.61000000,77583.07000000,77650.01000000,31.92255000
1787556300000,2026-08-24T07:25:00.000Z,77650.00000000,77678.00000000,77550.00000000,77593.27000000,31.61390000
1787556600000,2026-08-24T07:30:00.000Z,77593.27000000,77593.28000000,77471.69000000,77483.74000000,70.56353000
1787556900000,2026-08-24T07:35:00.000Z,77483.74000000,77496.00000000,77442.42000000,77457.99000000,40.59584000
1787557200000,2026-08-24T07:40:00.000Z,77457.99000000,77460.68000000,77344.06000000,77344.06000000,50.63730000
1787557500000,2026-08-24T07:45:00.000Z,77344.06000000,77425.34000000,77333.33000000,77377.99000000,56.71015000
1787557800000,2026-08-24T07:50:00.000Z,77377.99000000,77404.00000000,77281.68000000,77351.75000000,79.86696000
1787558100000,2026-08-24T07:55:00.000Z,77351.76000000,77355.43000000,77289.31000000,77307.15000000,53.58560000
1787558400000,2026-08-24T08:00:00.000Z,77307.14000000,77339.04000000,77206.00000000,77250.00000000,47.41904000
1787558700000,2026-08-24T08:05:00.000Z,77250.01000000,77414.88000000,77250.00000000,77342.00000000,40.12478000
1787559000000,2026-08-24T08:10:00.000Z,77342.01000000,77342.01000000,77232.77000000,77248.97000000,67.14307000
1787559300000,2026-08-24T08:15:00.000Z,77248.97000000,77248.97000000,77077.00000000,77134.01000000,142.05701000
1787559600000,2026-08-24T08:20:00.000Z,77134.00000000,77148.73000000,76948.91000000,76948.92000000,177.68554000
1787559900000,2026-08-24T08:25:00.000Z,76948.92000000,76976.16000000,76838.00000000,76923.67000000,120.45456000
1787560200000,2026-08-24T08:30:00.000Z,76923.67000000,77073.86000000,76913.99000000,77034.00000000,56.18582000
1787560500000,2026-08-24T08:35:00.000Z,77034.01000000,77122.00000000,77030.00000000,77118.01000000,31.04141000
1787560800000,2026-08-24T08:40:00.000Z,77118.00000000,77129.97000000,77052.96000000,77129.97000000,74.64901000
1787561100000,2026-08-24T08:45:00.000Z,77129.96000000,77145.07000000,77068.41000000,77140.01000000,60.23195000
1787561400000,2026-08-24T08:50:00.000Z,77140.00000000,77140.00000000,77053.20000000,77059.16000000,63.53904000
1787561700000,2026-08-24T08:55:00.000Z,77059.16000000,77064.63000000,77020.06000000,77041.47000000,40.93321000
1787562000000,2026-08-24T09:00:00.000Z,77041.46000000,77178.01000000,77028.00000000,77174.01000000,39.30055000
1787562300000,2026-08-24T09:05:00.000Z,77174.00000000,77260.00000000,77164.01000000,77240.96000000,25.56449000
1787562600000,2026-08-24T09:10:00.000Z,77240.97000000,77306.87000000,77196.58000000,77288.25000000,36.28464000
1787562900000,2026-08-24T09:15:00.000Z,77288.25000000,77396.45000000,77253.49000000,77305.72000000,76.13071000
1787563200000,2026-08-24T09:20:00.000Z,77305.72000000,77345.55000000,77270.00000000,77270.00000000,41.18402000
1787563500000,2026-08-24T09:25:00.000Z,77270.01000000,77420.00000000,77217.00000000,77418.79000000,69.60652000
1787563800000,2026-08-24T09:30:00.000Z,77418.79000000,77476.45000000,77399.82000000,77435.99000000,35.18877000
1787564100000,2026-08-24T09:35:00.000Z,77436.00000000,77500.00000000,77422.00000000,77499.99000000,24.37625000
1787564400000,2026-08-24T09:40:00.000Z,77499.99000000,77510.09000000,77454.01000000,77467.96000000,34.93791000
1787564700000,2026-08-24T09:45:00.000Z,77467.96000000,77536.43000000,77442.42000000,77515.98000000,41.54072000
1787565000000,2026-08-24T09:50:00.000Z,77515.98000000,77594.42000000,77488.05000000,77588.45000000,62.48821000
1787565300000,2026-08-24T09:55:00.000Z,77588.45000000,77602.80000000,77530.00000000,77554.08000000,36.40698000
1787565600000,2026-08-24T10:00:00.000Z,77554.08000000,77690.00000000,77542.00000000,77652.01000000,106.75309000
1787565900000,2026-08-24T10:05:00.000Z,77652.00000000,77782.00000000,77542.35000000,77694.53000000,82.84520000
1787566200000,2026-08-24T10:10:00.000Z,77694.54000000,77885.23000000,77694.53000000,77846.42000000,109.23797000
1787566500000,2026-08-24T10:15:00.000Z,77846.41000000,77928.52000000,77774.94000000,77928.51000000,95.53981000
1787566800000,2026-08-24T10:20:00.000Z,77928.52000000,77937.80000000,77793.09000000,77872.57000000,93.72041000
1787567100000,2026-08-24T10:25:00.000Z,77872.56000000,77946.34000000,77826.00000000,77858.35000000,115.12661000
1787567400000,2026-08-24T10:30:00.000Z,77858.36000000,78017.00000000,77858.35000000,77976.00000000,124.34549000
1787567700000,2026-08-24T10:35:00.000Z,77975.99000000,78000.01000000,77839.12000000,77846.81000000,82.60802000
1787568000000,2026-08-24T10:40:00.000Z,77846.81000000,77847.22000000,77696.03000000,77726.31000000,134.03469000
1787568300000,2026-08-24T10:45:00.000Z,77726.30000000,77827.79000000,77726.30000000,77804.69000000,51.68309000
1787568600000,2026-08-24T10:50:00.000Z,77804.69000000,77821.83000000,77600.00000000,77626.75000000,47.15498000
1787568900000,2026-08-24T10:55:00.000Z,77626.76000000,77629.59000000,77534.09000000,77617.22000000,70.03552000
1787569200000,2026-08-24T11:00:00.000Z,77617.23000000,77633.51000000,77450.00000000,77595.43000000,63.03941000
1787569500000,2026-08-24T11:05:00.000Z,77595.43000000,77725.77000000,77557.40000000,77694.01000000,39.60286000
1787569800000,2026-08-24T11:10:00.000Z,77694.00000000,77854.00000000,77694.00000000,77819.05000000,85.59988000
1787570100000,2026-08-24T11:15:00.000Z,77819.05000000,77864.00000000,77723.07000000,77848.00000000,54.18160000
1787570400000,2026-08-24T11:20:00.000Z,77848.01000000,77881.78000000,77776.00000000,77809.16000000,59.11680000
1787570700000,2026-08-24T11:25:00.000Z,77809.17000000,77896.00000000,77804.00000000,77835.23000000,34.91199000
1787571000000,2026-08-24T11:30:00.000Z,77835.22000000,78140.01000000,77822.41000000,78140.01000000,104.97988000
1787571300000,2026-08-24T11:35:00.000Z,78140.01000000,78440.00000000,78134.00000000,78340.00000000,296.49230000
1787571600000,2026-08-24T11:40:00.000Z,78340.00000000,78569.99000000,78290.00000000,78568.70000000,280.89367000
1787571900000,2026-08-24T11:45:00.000Z,78568.70000000,78600.00000000,78168.14000000,78192.00000000,135.21712000
1787572200000,2026-08-24T11:50:00.000Z,78191.99000000,78224.10000000,78090.04000000,78146.00000000,82.08853000
1787572500000,2026-08-24T11:55:00.000Z,78145.99000000,78443.65000000,78143.19000000,78443.65000000,88.33683000
1787572800000,2026-08-24T12:00:00.000Z,78443.65000000,78451.69000000,78210.89000000,78210.90000000,108.98871000
1787573100000,2026-08-24T12:05:00.000Z,78210.90000000,78227.14000000,78121.29000000,78216.53000000,97.19453000
1787573400000,2026-08-24T12:10:00.000Z,78216.53000000,78261.76000000,78110.00000000,78154.00000000,74.06408000
1787573700000,2026-08-24T12:15:00.000Z,78154.00000000,78271.99000000,77982.00000000,78252.49000000,138.66046000
1787574000000,2026-08-24T12:20:00.000Z,78252.49000000,78436.62000000,78217.53000000,78426.00000000,111.20570000
1787574300000,2026-08-24T12:25:00.000Z,78425.99000000,78517.27000000,78398.00000000,78460.01000000,84.56395000
1787574600000,2026-08-24T12:30:00.000Z,78460.00000000,78734.00000000,78380.00000000,78540.89000000,271.38429000
1787574900000,2026-08-24T12:35:00.000Z,78540.90000000,78737.57000000,78484.52000000,78684.40000000,82.80352000
1787575200000,2026-08-24T12:40:00.000Z,78684.41000000,78882.00000000,78600.00000000,78729.26000000,142.56881000
1787575500000,2026-08-24T12:45:00.000Z,78729.25000000,78975.25000000,78724.00000000,78971.99000000,210.51651000
1787575800000,2026-08-24T12:50:00.000Z,78971.99000000,79278.37000000,78922.00000000,79140.00000000,365.33237000
1787576100000,2026-08-24T12:55:00.000Z,79140.00000000,79326.48000000,79088.00000000,79159.99000000,171.56058000
1787576400000,2026-08-24T13:00:00.000Z,79159.98000000,79182.00000000,78961.76000000,79003.65000000,293.41031000
1787576700000,2026-08-24T13:05:00.000Z,79003.65000000,79238.76000000,79003.65000000,79238.76000000,141.89176000
1787577000000,2026-08-24T13:10:00.000Z,79238.76000000,79450.00000000,79143.39000000,79223.01000000,214.95255000
1787577300000,2026-08-24T13:15:00.000Z,79223.02000000,79238.53000000,78885.73000000,79035.55000000,302.88931000
1787577600000,2026-08-24T13:20:00.000Z,79035.55000000,79086.00000000,78922.00000000,79012.83000000,228.13970000
1787577900000,2026-08-24T13:25:00.000Z,79012.82000000,79096.00000000,78923.98000000,79023.99000000,256.75597000
1787578200000,2026-08-24T13:30:00.000Z,79024.00000000,79049.36000000,78580.75000000,78798.90000000,533.67618000
1787578500000,2026-08-24T13:35:00.000Z,78798.89000000,78931.59000000,78575.00000000,78626.58000000,320.89996000
1787578800000,2026-08-24T13:40:00.000Z,78626.59000000,78632.40000000,78210.00000000,78288.40000000,324.51403000
1787579100000,2026-08-24T13:45:00.000Z,78288.40000000,78372.00000000,77851.90000000,78296.00000000,356.90973000
1787579400000,2026-08-24T13:50:00.000Z,78296.00000000,78442.35000000,78081.11000000,78377.91000000,200.45069000
1787579700000,2026-08-24T13:55:00.000Z,78377.90000000,78622.00000000,78322.00000000,78597.99000000,126.09389000
1787580000000,2026-08-24T14:00:00.000Z,78597.99000000,78879.91000000,78597.99000000,78726.00000000,156.72247000
1787580300000,2026-08-24T14:05:00.000Z,78726.00000000,78982.13000000,78714.00000000,78971.99000000,263.71700000
1787580600000,2026-08-24T14:10:00.000Z,78971.99000000,79243.72000000,78951.32000000,79202.01000000,274.39855000
1787580900000,2026-08-24T14:15:00.000Z,79202.00000000,79372.65000000,79080.00000000,79151.65000000,268.84041000
1787581200000,2026-08-24T14:20:00.000Z,79151.65000000,79651.59000000,78883.01000000,78938.00000000,616.87163000
1787581500000,2026-08-24T14:25:00.000Z,78938.00000000,79436.38000000,78938.00000000,79391.73000000,241.27247000
1787581800000,2026-08-24T14:30:00.000Z,79391.72000000,79781.85000000,79337.16000000,79636.01000000,405.95015000
1787582100000,2026-08-24T14:35:00.000Z,79636.00000000,79805.17000000,79592.00000000,79665.75000000,276.20505000
1787582400000,2026-08-24T14:40:00.000Z,79665.74000000,79841.12000000,79484.00000000,79662.16000000,270.84156000
1787582700000,2026-08-24T14:45:00.000Z,79662.16000000,79773.77000000,79500.24000000,79574.00000000,146.15316000
1787583000000,2026-08-24T14:50:00.000Z,79574.00000000,79584.00000000,79279.50000000,79306.02000000,154.62429000
1787583300000,2026-08-24T14:55:00.000Z,79306.01000000,79541.66000000,79281.45000000,79510.92000000,154.54659000
1787583600000,2026-08-24T15:00:00.000Z,79510.93000000,79656.00000000,79364.00000000,79500.01000000,136.20204000
1787583900000,2026-08-24T15:05:00.000Z,79500.01000000,79733.58000000,79406.24000000,79597.27000000,130.61133000
1787584200000,2026-08-24T15:10:00.000Z,79597.26000000,79700.00000000,79528.00000000,79548.83000000,79.76567000
1787584500000,2026-08-24T15:15:00.000Z,79548.82000000,79811.03000000,79528.00000000,79761.80000000,108.04585000
1787584800000,2026-08-24T15:20:00.000Z,79761.79000000,79920.00000000,79698.00000000,79901.99000000,249.81796000
1787585100000,2026-08-24T15:25:00.000Z,79901.99000000,79989.00000000,79730.00000000,79895.88000000,376.75016000
1787585400000,2026-08-24T15:30:00.000Z,79895.87000000,80000.00000000,79770.00000000,79814.00000000,386.40006000
1787585700000,2026-08-24T15:35:00.000Z,79813.99000000,79910.00000000,79518.03000000,79549.99000000,614.15057000
1787586000000,2026-08-24T15:40:00.000Z,79550.00000000,79664.00000000,79016.00000000,79298.30000000,556.91860000
1787586300000,2026-08-24T15:45:00.000Z,79298.30000000,79552.09000000,79102.41000000,79288.00000000,240.79433000
1787586600000,2026-08-24T15:50:00.000Z,79287.99000000,79341.20000000,79130.00000000,79173.99000000,188.61275000
1787586900000,2026-08-24T15:55:00.000Z,79172.98000000,79172.98000000,78824.78000000,79100.01000000,598.10633000
1787587200000,2026-08-24T16:00:00.000Z,79100.01000000,79360.00000000,79100.01000000,79285.03000000,303.56931000
1787587500000,2026-08-24T16:05:00.000Z,79285.03000000,79539.27000000,79282.00000000,79340.22000000,225.31650000
1787587800000,2026-08-24T16:10:00.000Z,79340.22000000,79492.00000000,79298.14000000,79488.00000000,64.34801000
1787588100000,2026-08-24T16:15:00.000Z,79488.01000000,79877.87000000,79486.00000000,79849.66000000,164.67994000
1787588400000,2026-08-24T16:20:00.000Z,79849.66000000,79860.00000000,79697.05000000,79748.83000000,123.28203000
1787588700000,2026-08-24T16:25:00.000Z,79748.84000000,79758.00000000,79611.93000000,79668.00000000,114.19142000
1787589000000,2026-08-24T16:30:00.000Z,79668.00000000,79746.00000000,79640.88000000,79679.99000000,56.07213000
1787589300000,2026-08-24T16:35:00.000Z,79680.00000000,79771.91000000,79618.03000000,79630.01000000,74.07921000
1787589600000,2026-08-24T16:40:00.000Z,79630.00000000,79630.01000000,79368.00000000,79371.01000000,106.63153000
1787589900000,2026-08-24T16:45:00.000Z,79371.01000000,79389.97000000,79254.99000000,79293.18000000,135.98376000
1787590200000,2026-08-24T16:50:00.000Z,79293.18000000,79338.00000000,78901.10000000,78945.31000000,289.90888000
1787590500000,2026-08-24T16:55:00.000Z,78945.31000000,79160.85000000,78926.00000000,79047.60000000,219.22570000
1787590800000,2026-08-24T17:00:00.000Z,79047.61000000,79058.00000000,78601.44000000,78848.47000000,515.10069000
1787591100000,2026-08-24T17:05:00.000Z,78848.47000000,79188.00000000,78843.39000000,79176.69000000,127.29267000
1787591400000,2026-08-24T17:10:00.000Z,79176.70000000,79198.00000000,79088.84000000,79103.97000000,63.44486000
1787591700000,2026-08-24T17:15:00.000Z,79103.96000000,79173.92000000,78763.96000000,78992.00000000,130.92413000
1787592000000,2026-08-24T17:20:00.000Z,78992.00000000,78992.00000000,78500.00000000,78599.68000000,224.93686000
1787592300000,2026-08-24T17:25:00.000Z,78599.68000000,78795.72000000,78468.61000000,78546.00000000,143.66395000
1787592600000,2026-08-24T17:30:00.000Z,78546.00000000,78670.00000000,78485.13000000,78560.58000000,119.65881000
1787592900000,2026-08-24T17:35:00.000Z,78560.58000000,78840.77000000,78546.86000000,78802.01000000,82.05382000
1787593200000,2026-08-24T17:40:00.000Z,78802.01000000,78851.25000000,78635.96000000,78635.96000000,63.90109000
1787593500000,2026-08-24T17:45:00.000Z,78635.97000000,78766.00000000,78561.98000000,78729.01000000,55.56021000
1787593800000,2026-08-24T17:50:00.000Z,78729.00000000,78825.99000000,78681.96000000,78692.92000000,49.79505000
1787594100000,2026-08-24T17:55:00.000Z,78692.93000000,78777.99000000,78602.00000000,78761.14000000,61.59788000
1787594400000,2026-08-24T18:00:00.000Z,78761.14000000,78913.21000000,78761.14000000,78900.19000000,62.57071000
1787594700000,2026-08-24T18:05:00.000Z,78900.18000000,78984.00000000,78746.90000000,78818.01000000,93.83634000
1787595000000,2026-08-24T18:10:00.000Z,78818.01000000,79018.00000000,78818.00000000,79012.00000000,74.05149000
1787595300000,2026-08-24T18:15:00.000Z,79012.00000000,79056.45000000,78946.63000000,78990.73000000,69.80944000
1787595600000,2026-08-24T18:20:00.000Z,78990.74000000,79066.66000000,78933.86000000,78972.32000000,65.44197000
1787595900000,2026-08-24T18:25:00.000Z,78972.31000000,79077.40000000,78947.76000000,79013.99000000,59.91462000
1787596200000,2026-08-24T18:30:00.000Z,79014.00000000,79084.22000000,78947.07000000,78947.07000000,37.50963000
1787596500000,2026-08-24T18:35:00.000Z,78947.08000000,78986.00000000,78718.01000000,78843.77000000,118.05923000
1787596800000,2026-08-24T18:40:00.000Z,78843.77000000,78968.00000000,78843.77000000,78968.00000000,44.79500000
1787597100000,2026-08-24T18:45:00.000Z,78968.00000000,79060.00000000,78950.00000000,79045.12000000,53.01383000
1787597400000,2026-08-24T18:50:00.000Z,79045.11000000,79080.00000000,78880.00000000,78971.64000000,52.82693000
1787597700000,2026-08-24T18:55:00.000Z,78971.64000000,78984.36000000,78862.00000000,78928.35000000,52.00184000
1787598000000,2026-08-24T19:00:00.000Z,78928.35000000,79036.01000000,78894.10000000,78894.10000000,92.75622000
1787598300000,2026-08-24T19:05:00.000Z,78894.11000000,79020.00000000,78783.11000000,78908.00000000,112.47215000
1787598600000,2026-08-24T19:10:00.000Z,78908.01000000,79118.42000000,78884.00000000,79030.00000000,64.79274000
1787598900000,2026-08-24T19:15:00.000Z,79030.00000000,79045.99000000,78692.00000000,78726.01000000,100.83537000
1787599200000,2026-08-24T19:20:00.000Z,78726.00000000,78802.00000000,78621.39000000,78750.38000000,95.68551000
1787599500000,2026-08-24T19:25:00.000Z,78750.38000000,78892.00000000,78750.38000000,78875.95000000,39.24198000
1787599800000,2026-08-24T19:30:00.000Z,78875.95000000,78923.18000000,78830.00000000,78898.10000000,44.11698000
1787600100000,2026-08-24T19:35:00.000Z,78898.11000000,78962.54000000,78872.67000000,78888.00000000,51.90713000
1787600400000,2026-08-24T19:40:00.000Z,78888.01000000,78906.00000000,78766.53000000,78886.00000000,130.45059000
1787600700000,2026-08-24T19:45:00.000Z,78885.99000000,78892.00000000,78745.71000000,78808.00000000,80.95628000
1787601000000,2026-08-24T19:50:00.000Z,78808.01000000,78833.20000000,78600.00000000,78750.00000000,170.30090000
1787601300000,2026-08-24T19:55:00.000Z,78750.00000000,78777.00000000,78712.70000000,78758.00000000,79.54917000
1787601600000,2026-08-24T20:00:00.000Z,78757.99000000,78820.00000000,78560.00000000,78570.40000000,90.13706000
1787601900000,2026-08-24T20:05:00.000Z,78570.40000000,78794.00000000,78570.39000000,78793.99000000,28.92119000
1787602200000,2026-08-24T20:10:00.000Z,78794.00000000,78814.00000000,78627.41000000,78686.07000000,29.72651000
1787602500000,2026-08-24T20:15:00.000Z,78686.07000000,78732.78000000,78617.11000000,78732.78000000,20.31827000
1787602800000,2026-08-24T20:20:00.000Z,78732.78000000,78792.00000000,78694.00000000,78716.00000000,30.09948000
1787603100000,2026-08-24T20:25:00.000Z,78716.00000000,78729.05000000,78624.00000000,78695.56000000,27.54225000
1787603400000,2026-08-24T20:30:00.000Z,78695.55000000,78804.00000000,78637.95000000,78796.25000000,34.14335000
1787603700000,2026-08-24T20:35:00.000Z,78796.26000000,78996.00000000,78788.00000000,78977.97000000,64.43048000
1787604000000,2026-08-24T20:40:00.000Z,78977.98000000,78980.00000000,78902.00000000,78904.54000000,33.52622000
1787604300000,2026-08-24T20:45:00.000Z,78904.53000000,78920.00000000,78846.00000000,78864.24000000,27.11746000
1787604600000,2026-08-24T20:50:00.000Z,78864.24000000,78870.00000000,78824.00000000,78870.00000000,19.80399000
1787604900000,2026-08-24T20:55:00.000Z,78870.00000000,78942.73000000,78870.00000000,78932.33000000,15.44341000
1787605200000,2026-08-24T21:00:00.000Z,78932.33000000,79012.00000000,78932.32000000,79005.27000000,23.90299000
1787605500000,2026-08-24T21:05:00.000Z,79005.27000000,79008.00000000,78968.00000000,78970.55000000,14.85694000
1787605800000,2026-08-24T21:10:00.000Z,78970.54000000,79044.00000000,78970.54000000,79027.19000000,26.52238000
1787606100000,2026-08-24T21:15:00.000Z,79027.19000000,79036.00000000,78860.00000000,78860.00000000,51.15617000
1787606400000,2026-08-24T21:20:00.000Z,78860.00000000,78954.88000000,78853.43000000,78948.46000000,17.29954000
1787606700000,2026-08-24T21:25:00.000Z,78948.45000000,78948.46000000,78894.96000000,78918.00000000,21.31446000
1787607000000,2026-08-24T21:30:00.000Z,78918.00000000,79023.72000000,78918.00000000,78939.15000000,34.58653000
1787607300000,2026-08-24T21:35:00.000Z,78939.15000000,78972.00000000,78934.57000000,78972.00000000,13.44674000
1787607600000,2026-08-24T21:40:00.000Z,78972.00000000,79021.00000000,78972.00000000,78982.00000000,17.60087000
1787607900000,2026-08-24T21:45:00.000Z,78982.00000000,79049.40000000,78967.36000000,79026.01000000,45.63380000
1787608200000,2026-08-24T21:50:00.000Z,79026.00000000,79028.00000000,78922.00000000,78936.00000000,23.67436000
1787608500000,2026-08-24T21:55:00.000Z,78936.00000000,78993.52000000,78935.99000000,78984.23000000,12.48187000
1787608800000,2026-08-24T22:00:00.000Z,78984.23000000,78988.00000000,78852.00000000,78900.00000000,41.87745000
1787609100000,2026-08-24T22:05:00.000Z,78900.00000000,78978.00000000,78900.00000000,78904.02000000,26.89798000
1787609400000,2026-08-24T22:10:00.000Z,78904.01000000,78918.00000000,78833.33000000,78870.00000000,31.30231000
1787609700000,2026-08-24T22:15:00.000Z,78870.00000000,78931.89000000,78860.00000000,78860.01000000,14.38106000
1787610000000,2026-08-24T22:20:00.000Z,78860.01000000,78884.00000000,78826.01000000,78852.56000000,14.60688000
1787610300000,2026-08-24T22:25:00.000Z,78852.55000000,78852.55000000,78753.43000000,78773.99000000,17.44058000
1787610600000,2026-08-24T22:30:00.000Z,78774.00000000,78908.00000000,78750.00000000,78880.73000000,35.02279000
1787610900000,2026-08-24T22:35:00.000Z,78880.73000000,78926.00000000,78854.00000000,78864.00000000,21.90448000
1787611200000,2026-08-24T22:40:00.000Z,78864.00000000,78864.01000000,78740.44000000,78772.01000000,75.23180000
1787611500000,2026-08-24T22:45:00.000Z,78772.00000000,78822.00000000,78764.00000000,78810.62000000,19.24729000
1787611800000,2026-08-24T22:50:00.000Z,78810.62000000,78838.00000000,78756.00000000,78800.00000000,30.93486000
1787612100000,2026-08-24T22:55:00.000Z,78800.00000000,78800.00000000,78692.00000000,78740.00000000,22.92278000
1787612400000,2026-08-24T23:00:00.000Z,78740.00000000,78764.00000000,78622.13000000,78740.01000000,31.83961000
1787612700000,2026-08-24T23:05:00.000Z,78740.01000000,78822.00000000,78722.00000000,78788.01000000,24.48311000
1787613000000,2026-08-24T23:10:00.000Z,78788.00000000,78820.00000000,78699.99000000,78740.44000000,147.59399000
1787613300000,2026-08-24T23:15:00.000Z,78740.44000000,78792.00000000,78739.99000000,78770.00000000,15.50941000
1787613600000,2026-08-24T23:20:00.000Z,78770.00000000,78974.00000000,78770.00000000,78935.10000000,42.42992000
1787613900000,2026-08-24T23:25:00.000Z,78935.11000000,78977.38000000,78903.20000000,78904.00000000,28.70990000
1787614200000,2026-08-24T23:30:00.000Z,78904.01000000,78978.00000000,78872.00000000,78886.00000000,38.34655000
1787614500000,2026-08-24T23:35:00.000Z,78885.99000000,78957.58000000,78867.17000000,78947.07000000,17.09570000
1787614800000,2026-08-24T23:40:00.000Z,78947.07000000,78999.82000000,78934.00000000,78956.01000000,50.79297000
1787615100000,2026-08-24T23:45:00.000Z,78956.01000000,79017.76000000,78876.00000000,78905.53000000,36.99191000
1787615400000,2026-08-24T23:50:00.000Z,78905.53000000,78906.00000000,78843.78000000,78858.69000000,19.59542000
1787615700000,2026-08-24T23:55:00.000Z,78858.69000000,78995.62000000,78823.03000000,78992.75000000,183.33097000
1787616000000,2026-08-25T00:00:00.000Z,78992.76000000,79004.02000000,78938.00000000,78946.01000000,108.99345000
1787616300000,2026-08-25T00:05:00.000Z,78946.00000000,79083.49000000,78900.83000000,78939.53000000,73.35619000
1787616600000,2026-08-25T00:10:00.000Z,78939.53000000,79064.00000000,78924.01000000,78963.99000000,86.09597000
1787616900000,2026-08-25T00:15:00.000Z,78963.99000000,78963.99000000,78715.63000000,78792.01000000,81.69810000
1787617200000,2026-08-25T00:20:00.000Z,78792.00000000,78855.99000000,78750.49000000,78800.66000000,34.01161000
1787617500000,2026-08-25T00:25:00.000Z,78800.66000000,78882.00000000,78752.85000000,78800.09000000,33.29283000
1787617800000,2026-08-25T00:30:00.000Z,78800.08000000,78829.46000000,78743.32000000,78779.93000000,40.37018000
1787618100000,2026-08-25T00:35:00.000Z,78779.93000000,79020.45000000,78779.92000000,78965.89000000,55.89422000
1787618400000,2026-08-25T00:40:00.000Z,78965.89000000,79372.00000000,78919.33000000,79372.00000000,172.27078000
1787618700000,2026-08-25T00:45:00.000Z,79372.00000000,79787.00000000,79336.91000000,79582.00000000,206.88703000
1787619000000,2026-08-25T00:50:00.000Z,79582.00000000,79847.06000000,79480.11000000,79847.06000000,99.32352000
1787619300000,2026-08-25T00:55:00.000Z,79847.06000000,79888.00000000,79718.42000000,79739.99000000,141.30075000
1787619600000,2026-08-25T01:00:00.000Z,79739.99000000,79985.41000000,79700.00000000,79936.77000000,125.03372000
1787619900000,2026-08-25T01:05:00.000Z,79936.77000000,79949.31000000,79748.00000000,79812.01000000,66.00583000
1787620200000,2026-08-25T01:10:00.000Z,79812.01000000,79812.01000000,79609.84000000,79648.00000000,92.24249000
1787620500000,2026-08-25T01:15:00.000Z,79648.00000000,79796.00000000,79478.00000000,79734.01000000,80.39061000
1787620800000,2026-08-25T01:20:00.000Z,79734.01000000,79822.00000000,79642.01000000,79743.37000000,79.90838000
1787621100000,2026-08-25T01:25:00.000Z,79743.37000000,79958.33000000,79732.01000000,79823.20000000,69.48207000
1787621400000,2026-08-25T01:30:00.000Z,79823.19000000,79865.00000000,79670.27000000,79716.01000000,78.58001000
1787621700000,2026-08-25T01:35:00.000Z,79716.01000000,79876.66000000,79685.05000000,79824.99000000,100.57736000
1787622000000,2026-08-25T01:40:00.000Z,79825.00000000,79920.00000000,79682.00000000,79700.01000000,158.84814000
1787622300000,2026-08-25T01:45:00.000Z,79700.01000000,79761.18000000,79658.00000000,79706.82000000,71.86149000
1787622600000,2026-08-25T01:50:00.000Z,79706.82000000,79706.82000000,79512.00000000,79606.00000000,78.49284000
1787622900000,2026-08-25T01:55:00.000Z,79605.99000000,79846.00000000,79600.00000000,79828.00000000,65.81125000
1787623200000,2026-08-25T02:00:00.000Z,79828.00000000,79930.00000000,79742.00000000,79781.28000000,142.65451000
1787623500000,2026-08-25T02:05:00.000Z,79781.28000000,79848.96000000,79746.08000000,79792.00000000,107.73348000
1787623800000,2026-08-25T02:10:00.000Z,79792.00000000,79920.00000000,79792.00000000,79867.99000000,100.68690000
1787624100000,2026-08-25T02:15:00.000Z,79868.00000000,80937.50000000,79826.00000000,80860.22000000,1129.15132000
1787624400000,2026-08-25T02:20:00.000Z,80860.22000000,81090.00000000,80608.01000000,80798.06000000,525.59169000
1787624700000,2026-08-25T02:25:00.000Z,80798.07000000,81041.97000000,80743.24000000,81010.01000000,228.90827000
1787625000000,2026-08-25T02:30:00.000Z,81010.00000000,81017.68000000,80806.38000000,80880.00000000,130.00506000
1787625300000,2026-08-25T02:35:00.000Z,80880.00000000,81000.00000000,80776.00000000,80955.81000000,174.74185000
1787625600000,2026-08-25T02:40:00.000Z,80955.81000000,81272.62000000,80821.64000000,80827.01000000,324.69877000
1787625900000,2026-08-25T02:45:00.000Z,80827.01000000,80866.00000000,80634.95000000,80642.54000000,133.69051000
1787626200000,2026-08-25T02:50:00.000Z,80642.53000000,80721.29000000,80433.83000000,80639.99000000,182.55025000
1787626500000,2026-08-25T02:55:00.000Z,80639.99000000,80744.19000000,80600.30000000,80649.63000000,134.49271000
1787626800000,2026-08-25T03:00:00.000Z,80649.62000000,80852.69000000,80590.67000000,80832.00000000,126.44203000
1787627100000,2026-08-25T03:05:00.000Z,80832.00000000,80956.00000000,80817.71000000,80858.91000000,127.60975000
1787627400000,2026-08-25T03:10:00.000Z,80858.91000000,80925.00000000,80772.00000000,80791.98000000,127.18647000
1787627700000,2026-08-25T03:15:00.000Z,80791.98000000,80820.00000000,80662.23000000,80754.99000000,131.48610000
1787628000000,2026-08-25T03:20:00.000Z,80755.00000000,80811.99000000,80600.00000000,80662.00000000,112.25726000
1787628300000,2026-08-25T03:25:00.000Z,80662.01000000,80662.01000000,80508.76000000,80636.69000000,123.60291000
1787628600000,2026-08-25T03:30:00.000Z,80636.69000000,80836.00000000,80600.00000000,80744.08000000,121.30611000
1787628900000,2026-08-25T03:35:00.000Z,80744.09000000,80880.17000000,80704.27000000,80803.99000000,107.51034000
1787629200000,2026-08-25T03:40:00.000Z,80803.99000000,80812.09000000,80544.00000000,80592.00000000,93.66469000
1787629500000,2026-08-25T03:45:00.000Z,80592.00000000,80674.00000000,80388.06000000,80464.91000000,85.30469000
1787629800000,2026-08-25T03:50:00.000Z,80464.91000000,80673.90000000,80464.91000000,80558.50000000,113.10602000
1787630100000,2026-08-25T03:55:00.000Z,80558.49000000,80558.50000000,80314.31000000,80488.01000000,90.01439000
1787630400000,2026-08-25T04:00:00.000Z,80488.01000000,80608.00000000,80381.84000000,80390.00000000,59.62288000
1787630700000,2026-08-25T04:05:00.000Z,80390.00000000,80458.00000000,80266.00000000,80448.00000000,96.38348000
1787631000000,2026-08-25T04:10:00.000Z,80447.99000000,80560.00000000,80376.92000000,80496.13000000,59.10564000
1787631300000,2026-08-25T04:15:00.000Z,80496.13000000,80498.65000000,80292.00000000,80309.50000000,82.04707000
1787631600000,2026-08-25T04:20:00.000Z,80309.49000000,80408.00000000,80268.30000000,80408.00000000,105.49332000
1787631900000,2026-08-25T04:25:00.000Z,80407.99000000,80416.00000000,80233.62000000,80256.00000000,90.82690000
1787632200000,2026-08-25T04:30:00.000Z,80256.00000000,80362.88000000,80150.00000000,80312.08000000,106.22758000
1787632500000,2026-08-25T04:35:00.000Z,80312.09000000,80391.14000000,80299.86000000,80334.35000000,67.25722000
1787632800000,2026-08-25T04:40:00.000Z,80334.34000000,80344.00000000,80214.80000000,80237.25000000,59.77132000
1787633100000,2026-08-25T04:45:00.000Z,80237.25000000,80343.29000000,80232.00000000,80299.99000000,77.86207000
1787633400000,2026-08-25T04:50:00.000Z,80299.99000000,80350.00000000,80242.00000000,80242.00000000,52.24573000
1787633700000,2026-08-25T04:55:00.000Z,80242.00000000,80363.74000000,80214.18000000,80363.73000000,41.96890000
1787634000000,2026-08-25T05:00:00.000Z,80363.74000000,80474.63000000,80322.00000000,80464.00000000,54.78461000
1787634300000,2026-08-25T05:05:00.000Z,80464.00000000,80559.26000000,80456.00000000,80559.25000000,33.25221000
1787634600000,2026-08-25T05:10:00.000Z,80559.26000000,80577.62000000,80521.10000000,80554.00000000,115.91503000
1787634900000,2026-08-25T05:15:00.000Z,80554.00000000,80599.20000000,80486.00000000,80562.92000000,99.26457000
1787635200000,2026-08-25T05:20:00.000Z,80562.91000000,80582.00000000,80488.00000000,80557.83000000,131.76383000
1787635500000,2026-08-25T05:25:00.000Z,80557.82000000,80739.50000000,80557.82000000,80642.00000000,44.53650000
1787635800000,2026-08-25T05:30:00.000Z,80641.99000000,80813.99000000,80598.00000000,80811.33000000,52.24050000
1787636100000,2026-08-25T05:35:00.000Z,80811.33000000,80821.53000000,80740.52000000,80774.44000000,40.85181000
1787636400000,2026-08-25T05:40:00.000Z,80774.45000000,80799.99000000,80708.00000000,80708.00000000,39.85935000
1787636700000,2026-08-25T05:45:00.000Z,80708.01000000,80764.67000000,80640.00000000,80758.07000000,97.96360000
1787637000000,2026-08-25T05:50:00.000Z,80758.07000000,80816.23000000,80658.00000000,80666.14000000,128.29012000
1787637300000,2026-08-25T05:55:00.000Z,80666.15000000,80788.00000000,80666.15000000,80731.90000000,155.31779000
1787637600000,2026-08-25T06:00:00.000Z,80731.90000000,80789.70000000,80683.25000000,80725.00000000,131.43136000
1787637900000,2026-08-25T06:05:00.000Z,80724.99000000,80776.50000000,80684.00000000,80776.50000000,49.04912000
1787638200000,2026-08-25T06:10:00.000Z,80776.49000000,80860.00000000,80724.00000000,80852.19000000,65.14233000
1787638500000,2026-08-25T06:15:00.000Z,80852.19000000,80882.35000000,80770.12000000,80822.67000000,73.03366000
1787638800000,2026-08-25T06:20:00.000Z,80822.68000000,80923.69000000,80770.55000000,80780.00000000,48.05878000
1787639100000,2026-08-25T06:25:00.000Z,80780.00000000,80876.00000000,80747.66000000,80747.66000000,55.00890000
1787639400000,2026-08-25T06:30:00.000Z,80747.66000000,80748.14000000,80622.59000000,80726.01000000,80.77377000
1787639700000,2026-08-25T06:35:00.000Z,80726.00000000,80726.01000000,80542.47000000,80561.99000000,62.38769000
1787640000000,2026-08-25T06:40:00.000Z,80561.99000000,80587.12000000,80512.01000000,80532.34000000,43.61579000
1787640300000,2026-08-25T06:45:00.000Z,80532.35000000,80568.00000000,80512.00000000,80546.12000000,40.82526000
1787640600000,2026-08-25T06:50:00.000Z,80546.12000000,80546.12000000,80466.00000000,80485.74000000,44.63465000
1787640900000,2026-08-25T06:55:00.000Z,80485.75000000,80574.09000000,80420.00000000,80574.09000000,51.43750000
1787641200000,2026-08-25T07:00:00.000Z,80574.09000000,80780.00000000,80541.67000000,80762.12000000,61.85093000
1787641500000,2026-08-25T07:05:00.000Z,80762.12000000,80819.67000000,80710.00000000,80758.00000000,87.16490000
1787641800000,2026-08-25T07:10:00.000Z,80758.00000000,80758.00000000,80706.42000000,80718.01000000,39.92878000
1787642100000,2026-08-25T07:15:00.000Z,80718.00000000,80742.71000000,80632.01000000,80632.02000000,27.20516000
1787642400000,2026-08-25T07:20:00.000Z,80632.01000000,80694.00000000,80624.00000000,80624.36000000,30.75563000
1787642700000,2026-08-25T07:25:00.000Z,80624.36000000,80692.21000000,80606.31000000,80670.01000000,28.89797000
1787643000000,2026-08-25T07:30:00.000Z,80670.00000000,80697.79000000,80606.69000000,80607.24000000,58.09678000
1787643300000,2026-08-25T07:35:00.000Z,80607.24000000,80645.24000000,80484.00000000,80484.90000000,54.86748000
1787643600000,2026-08-25T07:40:00.000Z,80484.89000000,80541.86000000,80484.89000000,80513.18000000,73.48427000
1787643900000,2026-08-25T07:45:00.000Z,80513.17000000,80529.84000000,79703.17000000,79899.76000000,353.41120000
1787644200000,2026-08-25T07:50:00.000Z,79899.76000000,79932.00000000,79369.17000000,79788.71000000,305.61339000
1787644500000,2026-08-25T07:55:00.000Z,79788.72000000,79788.72000000,79660.04000000,79705.79000000,186.40734000
1787644800000,2026-08-25T08:00:00.000Z,79705.79000000,79878.00000000,79622.00000000,79875.43000000,135.34296000
1787645100000,2026-08-25T08:05:00.000Z,79875.44000000,79875.99000000,79792.00000000,79843.59000000,47.73312000
1787645400000,2026-08-25T08:10:00.000Z,79843.60000000,79975.67000000,79842.00000000,79926.08000000,43.77801000
1787645700000,2026-08-25T08:15:00.000Z,79926.07000000,80070.00000000,79926.07000000,79993.99000000,75.91980000
1787646000000,2026-08-25T08:20:00.000Z,79993.99000000,80203.90000000,79993.99000000,80136.94000000,91.36211000
1787646300000,2026-08-25T08:25:00.000Z,80136.94000000,80249.00000000,80116.55000000,80198.39000000,66.16044000
1787646600000,2026-08-25T08:30:00.000Z,80198.40000000,80228.93000000,80131.02000000,80186.35000000,44.44371000
1787646900000,2026-08-25T08:35:00.000Z,80186.35000000,80200.60000000,79980.00000000,79980.01000000,49.62559000
1787647200000,2026-08-25T08:40:00.000Z,79980.01000000,80112.00000000,79907.45000000,80111.99000000,74.93197000
1787647500000,2026-08-25T08:45:00.000Z,80111.99000000,80124.00000000,79920.00000000,79920.00000000,68.67860000
1787647800000,2026-08-25T08:50:00.000Z,79920.01000000,79948.01000000,79853.45000000,79895.99000000,53.01422000
1787648100000,2026-08-25T08:55:00.000Z,79896.00000000,79948.00000000,79840.00000000,79930.77000000,37.32506000
1787648400000,2026-08-25T09:00:00.000Z,79930.76000000,79941.53000000,79714.34000000,79743.98000000,123.63582000
1787648700000,2026-08-25T09:05:00.000Z,79743.99000000,79828.00000000,79704.28000000,79774.66000000,178.29989000
1787649000000,2026-08-25T09:10:00.000Z,79774.65000000,79952.06000000,79732.01000000,79844.01000000,138.07020000
1787649300000,2026-08-25T09:15:00.000Z,79844.00000000,79904.55000000,79782.00000000,79844.00000000,69.96925000
1787649600000,2026-08-25T09:20:00.000Z,79844.00000000,79958.00000000,79831.87000000,79936.81000000,36.59823000
1787649900000,2026-08-25T09:25:00.000Z,79936.81000000,79936.81000000,79776.00000000,79822.00000000,47.80141000
1787650200000,2026-08-25T09:30:00.000Z,79821.99000000,79940.00000000,79821.99000000,79913.01000000,45.86702000
1787650500000,2026-08-25T09:35:00.000Z,79913.01000000,79913.01000000,79806.60000000,79830.78000000,46.23193000
1787650800000,2026-08-25T09:40:00.000Z,79830.79000000,79920.00000000,79748.00000000,79748.00000000,48.54237000
1787651100000,2026-08-25T09:45:00.000Z,79748.01000000,79776.00000000,79585.99000000,79586.00000000,101.45329000
1787651400000,2026-08-25T09:50:00.000Z,79586.00000000,79586.00000000,78888.00000000,79094.01000000,454.35550000
1787651700000,2026-08-25T09:55:00.000Z,79094.00000000,79252.36000000,79020.00000000,79187.20000000,184.46019000
1787652000000,2026-08-25T10:00:00.000Z,79187.20000000,79200.18000000,78992.00000000,79179.18000000,115.76900000
1787652300000,2026-08-25T10:05:00.000Z,79179.18000000,79265.26000000,79108.75000000,79223.99000000,78.50016000
1787652600000,2026-08-25T10:10:00.000Z,79224.00000000,79342.00000000,79223.99000000,79313.99000000,46.28845000
1787652900000,2026-08-25T10:15:00.000Z,79314.00000000,79429.94000000,79265.00000000,79379.32000000,52.96207000
1787653200000,2026-08-25T10:20:00.000Z,79379.32000000,79389.67000000,79253.41000000,79312.00000000,75.12399000
1787653500000,2026-08-25T10:25:00.000Z,79312.01000000,79316.91000000,79219.96000000,79274.01000000,44.24410000
1787653800000,2026-08-25T10:30:00.000Z,79274.00000000,79316.90000000,79254.00000000,79279.19000000,45.42007000
1787654100000,2026-08-25T10:35:00.000Z,79279.20000000,79285.35000000,79235.09000000,79259.99000000,66.25095000
1787654400000,2026-08-25T10:40:00.000Z,79260.00000000,79327.77000000,79258.24000000,79320.74000000,64.09375000
1787654700000,2026-08-25T10:45:00.000Z,79320.75000000,79484.01000000,79320.74000000,79360.95000000,54.17395000
1787655000000,2026-08-25T10:50:00.000Z,79360.95000000,79427.64000000,79319.92000000,79376.01000000,65.20355000
1787655300000,2026-08-25T10:55:00.000Z,79376.00000000,79412.22000000,79306.00000000,79309.63000000,128.91664000
1787655600000,2026-08-25T11:00:00.000Z,79309.63000000,79334.00000000,79255.35000000,79268.01000000,37.06141000
1787655900000,2026-08-25T11:05:00.000Z,79268.02000000,79396.00000000,79217.35000000,79264.01000000,38.65101000
1787656200000,2026-08-25T11:10:00.000Z,79264.01000000,79271.38000000,79086.52000000,79100.89000000,72.70805000
1787656500000,2026-08-25T11:15:00.000Z,79100.90000000,79258.45000000,79064.89000000,79188.01000000,53.70813000
1787656800000,2026-08-25T11:20:00.000Z,79188.01000000,79300.15000000,79188.00000000,79277.21000000,26.18636000
1787657100000,2026-08-25T11:25:00.000Z,79277.22000000,79287.03000000,79196.29000000,79253.99000000,33.89758000
1787657400000,2026-08-25T11:30:00.000Z,79253.99000000,79357.16000000,79253.99000000,79357.15000000,34.30803000
1787657700000,2026-08-25T11:35:00.000Z,79357.16000000,79463.59000000,79324.10000000,79324.10000000,77.92013000
1787658000000,2026-08-25T11:40:00.000Z,79324.10000000,79324.10000000,79160.74000000,79160.74000000,56.07515000
1787658300000,2026-08-25T11:45:00.000Z,79160.75000000,79185.65000000,79082.35000000,79082.36000000,71.63917000
1787658600000,2026-08-25T11:50:00.000Z,79082.36000000,79184.24000000,79077.25000000,79077.25000000,82.10110000
1787658900000,2026-08-25T11:55:00.000Z,79077.26000000,79171.88000000,79044.18000000,79117.99000000,33.03820000
1787659200000,2026-08-25T12:00:00.000Z,79118.00000000,79171.88000000,78954.00000000,78999.47000000,95.61098000
1787659500000,2026-08-25T12:05:00.000Z,78999.48000000,78999.48000000,78682.00000000,78848.01000000,204.02636000
1787659800000,2026-08-25T12:10:00.000Z,78848.00000000,79082.10000000,78826.00000000,79080.82000000,61.34228000
1787660100000,2026-08-25T12:15:00.000Z,79080.83000000,79083.60000000,78890.97000000,78932.44000000,68.63805000
1787660400000,2026-08-25T12:20:00.000Z,78932.44000000,78946.01000000,78716.00000000,78884.67000000,115.09056000
1787660700000,2026-08-25T12:25:00.000Z,78884.67000000,78926.00000000,78640.00000000,78884.00000000,127.74164000
1787661000000,2026-08-25T12:30:00.000Z,78883.99000000,78975.76000000,78802.00000000,78965.90000000,57.77614000
1787661300000,2026-08-25T12:35:00.000Z,78965.90000000,79000.00000000,78904.00000000,78908.00000000,51.48704000
1787661600000,2026-08-25T12:40:00.000Z,78908.00000000,78985.00000000,78772.00000000,78933.31000000,51.44592000
1787661900000,2026-08-25T12:45:00.000Z,78933.32000000,79058.00000000,78898.59000000,79044.78000000,61.60393000
1787662200000,2026-08-25T12:50:00.000Z,79044.78000000,79090.09000000,78995.23000000,79030.01000000,53.50079000
1787662500000,2026-08-25T12:55:00.000Z,79030.01000000,79039.44000000,78944.00000000,78980.00000000,59.07701000
1787662800000,2026-08-25T13:00:00.000Z,78980.01000000,79062.00000000,78932.91000000,79060.00000000,41.10295000
1787663100000,2026-08-25T13:05:00.000Z,79060.00000000,79078.00000000,78808.00000000,78864.00000000,58.45558000
1787663400000,2026-08-25T13:10:00.000Z,78864.00000000,78920.81000000,78720.00000000,78812.00000000,91.72495000
1787663700000,2026-08-25T13:15:00.000Z,78812.00000000,78812.01000000,78648.00000000,78732.00000000,59.52855000
1787664000000,2026-08-25T13:20:00.000Z,78732.00000000,78820.00000000,78571.62000000,78758.00000000,109.80852000
1787664300000,2026-08-25T13:25:00.000Z,78758.00000000,78812.00000000,78594.00000000,78648.01000000,120.50094000
1787664600000,2026-08-25T13:30:00.000Z,78648.00000000,79025.03000000,78604.89000000,79025.03000000,145.77482000
1787664900000,2026-08-25T13:35:00.000Z,79025.03000000,79222.00000000,78986.00000000,79055.58000000,311.44333000
1787665200000,2026-08-25T13:40:00.000Z,79055.59000000,79074.00000000,78618.00000000,78646.01000000,163.54275000
1787665500000,2026-08-25T13:45:00.000Z,78646.01000000,78660.84000000,78376.01000000,78488.00000000,235.67698000
1787665800000,2026-08-25T13:50:00.000Z,78488.00000000,78498.00000000,78120.74000000,78352.00000000,279.04366000
1787666100000,2026-08-25T13:55:00.000Z,78351.99000000,78662.00000000,78250.11000000,78647.99000000,117.51917000
1787666400000,2026-08-25T14:00:00.000Z,78648.00000000,78807.47000000,78531.55000000,78800.00000000,119.65850000
1787666700000,2026-08-25T14:05:00.000Z,78799.99000000,78950.00000000,78758.00000000,78947.42000000,100.34564000
1787667000000,2026-08-25T14:10:00.000Z,78947.42000000,79050.00000000,78898.00000000,78995.30000000,103.27293000
1787667300000,2026-08-25T14:15:00.000Z,78995.31000000,79126.27000000,78909.15000000,78954.00000000,146.36141000
1787667600000,2026-08-25T14:20:00.000Z,78954.00000000,79126.27000000,78914.00000000,79126.27000000,87.59963000
1787667900000,2026-08-25T14:25:00.000Z,79126.27000000,79305.20000000,79076.00000000,79211.88000000,120.20110000
1787668200000,2026-08-25T14:30:00.000Z,79211.89000000,79386.94000000,79033.01000000,79234.00000000,145.25986000
1787668500000,2026-08-25T14:35:00.000Z,79234.00000000,79312.78000000,79102.00000000,79111.53000000,65.51138000
1787668800000,2026-08-25T14:40:00.000Z,79111.53000000,79190.00000000,79064.00000000,79167.53000000,75.87639000
1787669100000,2026-08-25T14:45:00.000Z,79167.52000000,79298.00000000,79158.36000000,79205.01000000,94.09304000
1787669400000,2026-08-25T14:50:00.000Z,79205.01000000,79346.00000000,79194.00000000,79255.83000000,61.59333000
1787669700000,2026-08-25T14:55:00.000Z,79255.83000000,79376.00000000,79174.03000000,79235.99000000,96.29207000
1787670000000,2026-08-25T15:00:00.000Z,79236.00000000,79295.04000000,79154.00000000,79187.29000000,45.41973000
1787670300000,2026-08-25T15:05:00.000Z,79187.29000000,79360.00000000,79187.29000000,79288.00000000,73.71636000
1787670600000,2026-08-25T15:10:00.000Z,79287.99000000,79320.73000000,79060.28000000,79107.28000000,78.41747000
1787670900000,2026-08-25T15:15:00.000Z,79108.00000000,79253.46000000,79020.04000000,79218.71000000,66.75577000
1787671200000,2026-08-25T15:20:00.000Z,79218.71000000,79280.00000000,79150.00000000,79174.01000000,51.05828000
1787671500000,2026-08-25T15:25:00.000Z,79174.01000000,79240.00000000,79078.09000000,79235.80000000,50.96293000
1787671800000,2026-08-25T15:30:00.000Z,79235.79000000,79338.00000000,79184.00000000,79292.23000000,51.79120000
1787672100000,2026-08-25T15:35:00.000Z,79292.23000000,79475.00000000,79292.23000000,79380.19000000,175.10061000
1787672400000,2026-08-25T15:40:00.000Z,79380.18000000,79402.91000000,79306.31000000,79400.54000000,38.40585000
1787672700000,2026-08-25T15:45:00.000Z,79400.53000000,79439.01000000,79284.00000000,79315.83000000,52.20901000
1787673000000,2026-08-25T15:50:00.000Z,79315.82000000,79360.00000000,79263.09000000,79336.08000000,39.63989000
1787673300000,2026-08-25T15:55:00.000Z,79336.08000000,79527.09000000,79336.07000000,79502.01000000,70.60552000
1787673600000,2026-08-25T16:00:00.000Z,79502.01000000,79563.71000000,79434.83000000,79487.41000000,112.93386000
1787673900000,2026-08-25T16:05:00.000Z,79487.41000000,79502.01000000,79336.01000000,79336.01000000,62.27599000
1787674200000,2026-08-25T16:10:00.000Z,79336.01000000,79344.02000000,79158.22000000,79168.98000000,78.38208000
1787674500000,2026-08-25T16:15:00.000Z,79168.99000000,79252.00000000,79136.00000000,79252.00000000,30.62995000
1787674800000,2026-08-25T16:20:00.000Z,79252.00000000,79270.00000000,79067.72000000,79119.99000000,60.22805000
1787675100000,2026-08-25T16:25:00.000Z,79119.99000000,79150.00000000,79080.00000000,79150.00000000,39.30279000
1787675400000,2026-08-25T16:30:00.000Z,79149.99000000,79357.99000000,79145.05000000,79299.77000000,59.71613000
1787675700000,2026-08-25T16:35:00.000Z,79299.77000000,79326.00000000,79209.00000000,79218.34000000,50.22079000
1787676000000,2026-08-25T16:40:00.000Z,79218.33000000,79329.97000000,79196.00000000,79228.00000000,25.34056000
1787676300000,2026-08-25T16:45:00.000Z,79228.01000000,79372.08000000,79226.00000000,79282.00000000,79.59631000
1787676600000,2026-08-25T16:50:00.000Z,79282.01000000,79282.01000000,79130.00000000,79130.01000000,32.47936000
1787676900000,2026-08-25T16:55:00.000Z,79130.01000000,79180.40000000,79092.10000000,79156.02000000,45.07283000
1787677200000,2026-08-25T17:00:00.000Z,79156.02000000,79156.02000000,79058.00000000,79068.00000000,42.24944000
1787677500000,2026-08-25T17:05:00.000Z,79068.01000000,79144.04000000,78862.00000000,78962.31000000,110.21436000
1787677800000,2026-08-25T17:10:00.000Z,78962.32000000,78990.00000000,78900.01000000,78966.00000000,70.54332000
1787678100000,2026-08-25T17:15:00.000Z,78966.00000000,79020.00000000,78958.00000000,78958.01000000,27.38721000
1787678400000,2026-08-25T17:20:00.000Z,78958.01000000,79011.02000000,78800.00000000,78865.99000000,58.58761000
1787678700000,2026-08-25T17:25:00.000Z,78866.00000000,78866.67000000,78752.06000000,78798.00000000,73.15161000
1787679000000,2026-08-25T17:30:00.000Z,78798.00000000,79104.48000000,78797.99000000,79051.91000000,91.51778000
1787679300000,2026-08-25T17:35:00.000Z,79051.92000000,79101.23000000,79005.17000000,79055.00000000,47.08813000
1787679600000,2026-08-25T17:40:00.000Z,79055.00000000,79184.15000000,79050.00000000,79139.91000000,91.77495000
1787679900000,2026-08-25T17:45:00.000Z,79139.92000000,79230.89000000,79139.92000000,79204.29000000,51.30443000
1787680200000,2026-08-25T17:50:00.000Z,79204.28000000,79250.33000000,79151.99000000,79192.99000000,48.06308000
1787680500000,2026-08-25T17:55:00.000Z,79192.98000000,79256.08000000,79186.00000000,79240.01000000,35.40011000
1787680800000,2026-08-25T18:00:00.000Z,79240.02000000,79323.01000000,79217.51000000,79234.81000000,59.22029000
1787681100000,2026-08-25T18:05:00.000Z,79234.81000000,79275.88000000,79220.31000000,79270.72000000,23.50975000
1787681400000,2026-08-25T18:10:00.000Z,79270.72000000,79380.00000000,79228.00000000,79317.55000000,57.62159000
1787681700000,2026-08-25T18:15:00.000Z,79317.56000000,79332.59000000,79258.00000000,79282.01000000,20.10422000
1787682000000,2026-08-25T18:20:00.000Z,79282.01000000,79320.96000000,79237.18000000,79266.06000000,58.23913000
1787682300000,2026-08-25T18:25:00.000Z,79266.06000000,79303.98000000,79246.00000000,79276.01000000,36.02555000
1787682600000,2026-08-25T18:30:00.000Z,79276.00000000,79276.01000000,79148.00000000,79160.01000000,40.39857000
1787682900000,2026-08-25T18:35:00.000Z,79160.01000000,79187.44000000,79108.00000000,79162.00000000,24.09482000
1787683200000,2026-08-25T18:40:00.000Z,79161.99000000,79183.59000000,79139.12000000,79172.02000000,26.84072000
1787683500000,2026-08-25T18:45:00.000Z,79172.02000000,79236.95000000,79165.94000000,79214.57000000,40.00816000
1787683800000,2026-08-25T18:50:00.000Z,79214.57000000,79220.00000000,79056.00000000,79067.58000000,49.88714000
1787684100000,2026-08-25T18:55:00.000Z,79067.58000000,79142.00000000,79048.44000000,79128.00000000,33.55088000
1787684400000,2026-08-25T19:00:00.000Z,79128.01000000,79190.00000000,79025.89000000,79025.89000000,62.30323000
1787684700000,2026-08-25T19:05:00.000Z,79025.89000000,79102.02000000,79018.00000000,79079.59000000,60.81365000
1787685000000,2026-08-25T19:10:00.000Z,79079.58000000,79169.41000000,79056.09000000,79161.49000000,48.88084000
1787685300000,2026-08-25T19:15:00.000Z,79161.49000000,79233.57000000,79151.72000000,79232.28000000,35.82618000
1787685600000,2026-08-25T19:20:00.000Z,79232.27000000,79232.28000000,79146.00000000,79170.00000000,52.26060000
1787685900000,2026-08-25T19:25:00.000Z,79169.99000000,79169.99000000,78909.28000000,78933.89000000,64.53548000
1787686200000,2026-08-25T19:30:00.000Z,78933.88000000,78933.89000000,78831.09000000,78887.88000000,48.51300000
1787686500000,2026-08-25T19:35:00.000Z,78887.87000000,78946.42000000,78886.52000000,78890.00000000,44.23418000
1787686800000,2026-08-25T19:40:00.000Z,78890.01000000,78890.01000000,78728.35000000,78746.72000000,99.36954000
1787687100000,2026-08-25T19:45:00.000Z,78746.72000000,78820.76000000,78737.56000000,78767.71000000,74.43012000
1787687400000,2026-08-25T19:50:00.000Z,78767.70000000,78941.72000000,78750.00000000,78905.32000000,65.54882000
1787687700000,2026-08-25T19:55:00.000Z,78905.33000000,78944.79000000,78850.00000000,78925.95000000,46.15309000
1787688000000,2026-08-25T20:00:00.000Z,78925.96000000,78976.00000000,78668.15000000,78794.84000000,86.69943000
1787688300000,2026-08-25T20:05:00.000Z,78794.84000000,78867.36000000,78744.00000000,78864.00000000,33.08618000
1787688600000,2026-08-25T20:10:00.000Z,78864.00000000,78881.99000000,78800.00000000,78881.98000000,38.78023000
1787688900000,2026-08-25T20:15:00.000Z,78881.99000000,78962.00000000,78834.40000000,78962.00000000,24.69069000
1787689200000,2026-08-25T20:20:00.000Z,78962.00000000,78962.00000000,78879.80000000,78898.12000000,22.53032000
1787689500000,2026-08-25T20:25:00.000Z,78898.13000000,78898.13000000,78768.00000000,78772.03000000,26.30795000
1787689800000,2026-08-25T20:30:00.000Z,78772.03000000,78788.00000000,78694.00000000,78753.96000000,44.11340000
1787690100000,2026-08-25T20:35:00.000Z,78753.95000000,78780.00000000,78550.00000000,78583.78000000,38.53506000
1787690400000,2026-08-25T20:40:00.000Z,78583.78000000,78604.00000000,78366.00000000,78465.99000000,118.84688000
1787690700000,2026-08-25T20:45:00.000Z,78466.00000000,78545.99000000,78165.27000000,78225.42000000,149.91127000
1787691000000,2026-08-25T20:50:00.000Z,78225.54000000,78444.00000000,78208.00000000,78286.01000000,125.86062000
1787691300000,2026-08-25T20:55:00.000Z,78286.01000000,78286.24000000,78180.00000000,78206.13000000,68.18893000
1787691600000,2026-08-25T21:00:00.000Z,78206.14000000,78295.21000000,78113.22000000,78212.10000000,98.14274000
1787691900000,2026-08-25T21:05:00.000Z,78212.11000000,78290.00000000,77851.00000000,77980.01000000,282.93453000
1787692200000,2026-08-25T21:10:00.000Z,77980.01000000,78298.00000000,77910.84000000,78285.99000000,72.41368000
1787692500000,2026-08-25T21:15:00.000Z,78286.00000000,78453.08000000,78208.00000000,78444.00000000,62.24603000
1787692800000,2026-08-25T21:20:00.000Z,78444.00000000,78450.00000000,78276.00000000,78375.48000000,47.17753000
1787693100000,2026-08-25T21:25:00.000Z,78375.48000000,78480.00000000,78348.00000000,78466.47000000,54.98425000
1787693400000,2026-08-25T21:30:00.000Z,78466.47000000,78474.00000000,78380.86000000,78468.95000000,23.72449000
1787693700000,2026-08-25T21:35:00.000Z,78468.94000000,78625.33000000,78466.00000000,78606.04000000,52.84135000
1787694000000,2026-08-25T21:40:00.000Z,78606.04000000,78654.00000000,78568.00000000,78584.00000000,36.32087000
1787694300000,2026-08-25T21:45:00.000Z,78583.99000000,78626.00000000,78568.00000000,78621.99000000,27.41003000
1787694600000,2026-08-25T21:50:00.000Z,78621.99000000,78624.00000000,78542.00000000,78612.00000000,18.05012000
1787694900000,2026-08-25T21:55:00.000Z,78612.00000000,78664.00000000,78542.00000000,78570.00000000,64.64321000
1787695200000,2026-08-25T22:00:00.000Z,78569.99000000,78725.66000000,78569.99000000,78717.64000000,51.58412000
1787695500000,2026-08-25T22:05:00.000Z,78717.63000000,78904.60000000,78704.00000000,78813.28000000,88.77833000
1787695800000,2026-08-25T22:10:00.000Z,78813.28000000,78944.00000000,78813.27000000,78932.43000000,53.53163000
1787696100000,2026-08-25T22:15:00.000Z,78932.43000000,79000.00000000,78849.08000000,78924.00000000,42.97437000
1787696400000,2026-08-25T22:20:00.000Z,78924.00000000,78934.00000000,78809.86000000,78867.99000000,32.13953000
1787696700000,2026-08-25T22:25:00.000Z,78868.00000000,78868.00000000,78606.00000000,78643.48000000,72.47243000
1787697000000,2026-08-25T22:30:00.000Z,78643.48000000,78844.00000000,78596.00000000,78843.99000000,40.44881000
1787697300000,2026-08-25T22:35:00.000Z,78844.00000000,78866.00000000,78778.00000000,78809.87000000,47.03862000
1787697600000,2026-08-25T22:40:00.000Z,78809.86000000,78834.00000000,78777.99000000,78780.01000000,17.63739000
1787697900000,2026-08-25T22:45:00.000Z,78780.00000000,78880.68000000,78777.17000000,78862.00000000,50.93333000
1787698200000,2026-08-25T22:50:00.000Z,78862.00000000,78922.65000000,78854.58000000,78898.01000000,36.29855000
1787698500000,2026-08-25T22:55:00.000Z,78898.01000000,78979.57000000,78871.14000000,78889.51000000,43.50122000
1787698800000,2026-08-25T23:00:00.000Z,78889.51000000,78970.32000000,78857.64000000,78957.99000000,39.03604000
1787699100000,2026-08-25T23:05:00.000Z,78958.00000000,78968.43000000,78820.34000000,78837.02000000,44.17817000
1787699400000,2026-08-25T23:10:00.000Z,78837.02000000,78977.49000000,78807.97000000,78952.92000000,118.10939000
1787699700000,2026-08-25T23:15:00.000Z,78952.91000000,78966.40000000,78768.00000000,78806.18000000,68.76167000
1787700000000,2026-08-25T23:20:00.000Z,78806.17000000,78806.18000000,78667.54000000,78671.39000000,65.52144000
1787700300000,2026-08-25T23:25:00.000Z,78671.39000000,78748.84000000,78630.29000000,78734.93000000,29.64119000
1787700600000,2026-08-25T23:30:00.000Z,78734.93000000,78796.00000000,78642.00000000,78770.01000000,25.47876000
1787700900000,2026-08-25T23:35:00.000Z,78770.01000000,78777.37000000,78643.60000000,78643.61000000,21.63464000
1787701200000,2026-08-25T23:40:00.000Z,78643.60000000,78664.00000000,78516.45000000,78591.66000000,34.93347000
1787701500000,2026-08-25T23:45:00.000Z,78591.66000000,78591.66000000,78416.26000000,78481.99000000,86.68300000
1787701800000,2026-08-25T23:50:00.000Z,78482.00000000,78532.00000000,78396.88000000,78495.99000000,44.16535000
1787702100000,2026-08-25T23:55:00.000Z,78496.00000000,78620.61000000,78466.28000000,78539.14000000,112.25036000
1787702400000,2026-08-26T00:00:00.000Z,78539.13000000,78625.99000000,78464.00000000,78612.25000000,69.74022000
1787702700000,2026-08-26T00:05:00.000Z,78612.26000000,78612.36000000,78316.00000000,78369.99000000,100.27149000
1787703000000,2026-08-26T00:10:00.000Z,78369.98000000,78464.00000000,78312.00000000,78356.00000000,57.60649000
1787703300000,2026-08-26T00:15:00.000Z,78356.00000000,78582.00000000,78338.00000000,78530.00000000,53.79914000
1787703600000,2026-08-26T00:20:00.000Z,78530.01000000,78605.99000000,78464.00000000,78589.72000000,29.29893000
1787703900000,2026-08-26T00:25:00.000Z,78589.72000000,78591.99000000,78510.56000000,78591.98000000,34.83445000
1787704200000,2026-08-26T00:30:00.000Z,78591.99000000,78668.00000000,78581.38000000,78584.87000000,43.79705000
1787704500000,2026-08-26T00:35:00.000Z,78584.87000000,78588.00000000,78394.00000000,78394.00000000,34.61769000
1787704800000,2026-08-26T00:40:00.000Z,78394.01000000,78485.99000000,78367.29000000,78390.63000000,61.75656000
1787705100000,2026-08-26T00:45:00.000Z,78390.62000000,78553.36000000,78369.36000000,78528.98000000,77.74058000
1787705400000,2026-08-26T00:50:00.000Z,78528.98000000,78721.48000000,78526.00000000,78710.91000000,75.28999000
1787705700000,2026-08-26T00:55:00.000Z,78710.90000000,78710.90000000,78622.00000000,78631.79000000,41.89779000
1787706000000,2026-08-26T01:00:00.000Z,78631.70000000,78809.80000000,78607.29000000,78809.80000000,76.61918000
1787706300000,2026-08-26T01:05:00.000Z,78809.87000000,78902.00000000,78796.00000000,78809.86000000,91.47845000
1787706600000,2026-08-26T01:10:00.000Z,78809.86000000,78809.86000000,78710.00000000,78746.00000000,31.24559000
1787706900000,2026-08-26T01:15:00.000Z,78745.99000000,78869.99000000,78718.00000000,78863.99000000,64.85409000
1787707200000,2026-08-26T01:20:00.000Z,78863.99000000,78879.88000000,78810.12000000,78820.42000000,38.14135000
1787707500000,2026-08-26T01:25:00.000Z,78820.41000000,78820.41000000,78693.29000000,78711.95000000,98.46420000
1787707800000,2026-08-26T01:30:00.000Z,78711.96000000,78916.66000000,78711.96000000,78916.65000000,59.72975000
1787708100000,2026-08-26T01:35:00.000Z,78916.65000000,78960.00000000,78890.00000000,78912.97000000,40.53681000
1787708400000,2026-08-26T01:40:00.000Z,78912.96000000,78912.96000000,78844.01000000,78872.34000000,16.69339000
1787708700000,2026-08-26T01:45:00.000Z,78872.35000000,78872.35000000,78800.33000000,78833.99000000,19.17260000
1787709000000,2026-08-26T01:50:00.000Z,78833.99000000,78834.00000000,78780.79000000,78795.28000000,20.09297000
1787709300000,2026-08-26T01:55:00.000Z,78795.27000000,78815.63000000,78764.20000000,78815.13000000,15.36936000
1787709600000,2026-08-26T02:00:00.000Z,78815.13000000,78879.08000000,78795.00000000,78850.17000000,26.44190000
1787709900000,2026-08-26T02:05:00.000Z,78850.16000000,78856.00000000,78748.56000000,78750.00000000,27.98661000
1787710200000,2026-08-26T02:10:00.000Z,78750.01000000,78823.19000000,78750.00000000,78782.00000000,18.26560000
1787710500000,2026-08-26T02:15:00.000Z,78782.01000000,78947.11000000,78762.08000000,78898.00000000,58.60140000
1787710800000,2026-08-26T02:20:00.000Z,78898.00000000,78993.52000000,78897.99000000,78985.35000000,46.63922000
1787711100000,2026-08-26T02:25:00.000Z,78985.34000000,79251.60000000,78985.34000000,79230.54000000,105.87976000
1787711400000,2026-08-26T02:30:00.000Z,79230.54000000,79243.86000000,79124.00000000,79176.00000000,60.71535000
1787711700000,2026-08-26T02:35:00.000Z,79176.00000000,79215.81000000,79154.20000000,79182.20000000,37.80886000
1787712000000,2026-08-26T02:40:00.000Z,79182.20000000,79219.45000000,79134.48000000,79148.20000000,33.39097000
1787712300000,2026-08-26T02:45:00.000Z,79148.20000000,79194.51000000,79100.00000000,79119.99000000,47.12412000
1787712600000,2026-08-26T02:50:00.000Z,79120.00000000,79129.17000000,79044.01000000,79064.19000000,30.81945000
1787712900000,2026-08-26T02:55:00.000Z,79064.19000000,79129.97000000,79064.19000000,79108.00000000,11.85481000
1787713200000,2026-08-26T03:00:00.000Z,79108.01000000,79184.00000000,79067.40000000,79067.41000000,49.21722000
1787713500000,2026-08-26T03:05:00.000Z,79067.40000000,79119.18000000,79049.99000000,79049.99000000,16.69508000
1787713800000,2026-08-26T03:10:00.000Z,79049.99000000,79089.15000000,79046.00000000,79046.01000000,28.40126000
1787714100000,2026-08-26T03:15:00.000Z,79046.00000000,79068.30000000,78993.72000000,78993.73000000,48.69570000
1787714400000,2026-08-26T03:20:00.000Z,78993.72000000,79126.54000000,78993.72000000,79100.41000000,59.56821000
1787714700000,2026-08-26T03:25:00.000Z,79100.42000000,79135.22000000,79026.00000000,79043.51000000,33.83568000
1787715000000,2026-08-26T03:30:00.000Z,79043.52000000,79043.52000000,78900.00000000,78981.24000000,39.45671000
1787715300000,2026-08-26T03:35:00.000Z,78981.24000000,79120.00000000,78981.23000000,79052.29000000,50.09629000
1787715600000,2026-08-26T03:40:00.000Z,79052.28000000,79079.87000000,78988.05000000,79060.66000000,29.52124000
1787715900000,2026-08-26T03:45:00.000Z,79060.66000000,79070.91000000,78950.91000000,78986.24000000,26.16448000
1787716200000,2026-08-26T03:50:00.000Z,78986.25000000,79031.15000000,78959.64000000,79030.71000000,34.06954000
1787716500000,2026-08-26T03:55:00.000Z,79030.71000000,79112.21000000,79030.71000000,79088.62000000,37.78490000
1787716800000,2026-08-26T04:00:00.000Z,79088.61000000,79088.61000000,78968.95000000,79012.00000000,71.09107000
1787717100000,2026-08-26T04:05:00.000Z,79011.99000000,79147.69000000,78994.00000000,79147.69000000,49.40071000
1787717400000,2026-08-26T04:10:00.000Z,79147.69000000,79200.00000000,78980.00000000,79039.50000000,64.42423000
1787717700000,2026-08-26T04:15:00.000Z,79039.51000000,79140.00000000,78980.00000000,79133.60000000,25.17785000
1787718000000,2026-08-26T04:20:00.000Z,79133.59000000,79137.50000000,79004.00000000,79106.00000000,74.78489000
1787718300000,2026-08-26T04:25:00.000Z,79106.00000000,79125.32000000,79006.38000000,79009.99000000,33.71923000
1787718600000,2026-08-26T04:30:00.000Z,79010.00000000,79050.08000000,78902.00000000,78930.36000000,37.30939000
1787718900000,2026-08-26T04:35:00.000Z,78930.36000000,79006.00000000,78892.11000000,78939.02000000,27.78198000
1787719200000,2026-08-26T04:40:00.000Z,78939.02000000,78984.95000000,78939.01000000,78965.10000000,9.03614000
1787719500000,2026-08-26T04:45:00.000Z,78965.10000000,78965.11000000,78791.73000000,78856.81000000,45.57496000
1787719800000,2026-08-26T04:50:00.000Z,78856.80000000,78904.00000000,78846.86000000,78879.99000000,28.37902000
1787720100000,2026-08-26T04:55:00.000Z,78879.99000000,78880.00000000,78790.68000000,78826.00000000,16.25480000
1787720400000,2026-08-26T05:00:00.000Z,78826.00000000,78849.26000000,78764.00000000,78766.03000000,36.69356000
1787720700000,2026-08-26T05:05:00.000Z,78766.03000000,78806.93000000,78638.00000000,78806.93000000,64.38021000
1787721000000,2026-08-26T05:10:00.000Z,78806.92000000,78952.46000000,78806.92000000,78902.00000000,32.89172000
1787721300000,2026-08-26T05:15:00.000Z,78902.00000000,78902.00000000,78752.00000000,78752.01000000,62.43413000
1787721600000,2026-08-26T05:20:00.000Z,78752.01000000,79022.01000000,78752.01000000,79022.00000000,65.18496000
1787721900000,2026-08-26T05:25:00.000Z,79022.01000000,79073.33000000,78953.41000000,79026.22000000,47.39604000
1787722200000,2026-08-26T05:30:00.000Z,79026.23000000,79143.62000000,78984.82000000,79061.99000000,56.26303000
1787722500000,2026-08-26T05:35:00.000Z,79062.00000000,79077.36000000,78988.00000000,79068.92000000,28.86422000
1787722800000,2026-08-26T05:40:00.000Z,79068.93000000,79127.76000000,79062.00000000,79120.10000000,22.46848000
1787723100000,2026-08-26T05:45:00.000Z,79120.09000000,79120.10000000,79034.01000000,79062.11000000,43.20845000
1787723400000,2026-08-26T05:50:00.000Z,79062.12000000,79066.00000000,78956.83000000,78960.29000000,29.74703000
1787723700000,2026-08-26T05:55:00.000Z,78960.28000000,79085.99000000,78960.28000000,79085.98000000,25.70506000
1787724000000,2026-08-26T06:00:00.000Z,79085.98000000,79154.00000000,79024.00000000,79100.47000000,38.10280000
1787724300000,2026-08-26T06:05:00.000Z,79100.47000000,79206.00000000,79100.47000000,79166.26000000,46.40875000
1787724600000,2026-08-26T06:10:00.000Z,79166.25000000,79166.25000000,78970.00000000,79008.00000000,47.57493000
1787724900000,2026-08-26T06:15:00.000Z,79008.00000000,79056.00000000,78886.00000000,78886.00000000,32.56110000
1787725200000,2026-08-26T06:20:00.000Z,78886.01000000,79014.99000000,78862.01000000,78862.01000000,55.26981000
1787725500000,2026-08-26T06:25:00.000Z,78862.01000000,78953.40000000,78817.42000000,78898.18000000,49.82307000
1787725800000,2026-08-26T06:30:00.000Z,78898.18000000,78962.00000000,78866.60000000,78910.00000000,36.08905000
1787726100000,2026-08-26T06:35:00.000Z,78910.00000000,78960.82000000,78816.00000000,78870.71000000,32.01817000
1787726400000,2026-08-26T06:40:00.000Z,78870.70000000,78957.81000000,78865.41000000,78935.64000000,29.44131000
1787726700000,2026-08-26T06:45:00.000Z,78935.64000000,78969.06000000,78866.37000000,78888.90000000,33.61075000
1787727000000,2026-08-26T06:50:00.000Z,78888.89000000,78928.00000000,78873.96000000,78927.99000000,24.03459000
1787727300000,2026-08-26T06:55:00.000Z,78927.99000000,78953.01000000,78902.31000000,78947.92000000,34.42337000
1787727600000,2026-08-26T07:00:00.000Z,78947.92000000,79020.00000000,78867.00000000,79019.99000000,43.76565000
1787727900000,2026-08-26T07:05:00.000Z,79019.99000000,79096.00000000,78928.41000000,78928.41000000,38.14149000
1787728200000,2026-08-26T07:10:00.000Z,78928.42000000,79028.00000000,78928.42000000,78987.75000000,42.62960000
1787728500000,2026-08-26T07:15:00.000Z,78987.75000000,79013.33000000,78958.02000000,78964.75000000,14.69914000
1787728800000,2026-08-26T07:20:00.000Z,78964.75000000,79006.00000000,78900.92000000,78948.92000000,33.72649000
1787729100000,2026-08-26T07:25:00.000Z,78948.91000000,79047.99000000,78941.02000000,78950.00000000,43.64377000
1787729400000,2026-08-26T07:30:00.000Z,78950.00000000,78983.34000000,78888.88000000,78983.34000000,52.54896000
1787729700000,2026-08-26T07:35:00.000Z,78983.34000000,79050.50000000,78975.36000000,79006.43000000,59.99198000
1787730000000,2026-08-26T07:40:00.000Z,79006.44000000,79035.99000000,78972.21000000,78997.46000000,38.85469000
1787730300000,2026-08-26T07:45:00.000Z,78997.46000000,79012.01000000,78964.24000000,79000.95000000,36.96269000
1787730600000,2026-08-26T07:50:00.000Z,79000.96000000,79062.00000000,78964.40000000,78964.40000000,48.41307000
1787730900000,2026-08-26T07:55:00.000Z,78964.41000000,79015.71000000,78920.00000000,78925.56000000,62.86365000
1787731200000,2026-08-26T08:00:00.000Z,78925.57000000,78944.19000000,78849.82000000,78893.33000000,46.23579000
1787731500000,2026-08-26T08:05:00.000Z,78893.33000000,79088.00000000,78828.00000000,79061.74000000,36.80726000
1787731800000,2026-08-26T08:10:00.000Z,79061.74000000,79119.37000000,79044.00000000,79044.01000000,57.75772000
1787732100000,2026-08-26T08:15:00.000Z,79044.01000000,79116.30000000,78980.48000000,78993.73000000,27.61259000
1787732400000,2026-08-26T08:20:00.000Z,78993.73000000,79003.38000000,78914.16000000,78971.07000000,21.77170000
1787732700000,2026-08-26T08:25:00.000Z,78971.07000000,79011.34000000,78971.06000000,78989.68000000,32.86212000
1787733000000,2026-08-26T08:30:00.000Z,78989.69000000,79018.00000000,78926.00000000,78938.51000000,74.37750000
1787733300000,2026-08-26T08:35:00.000Z,78938.51000000,78954.61000000,78896.02000000,78918.06000000,120.75100000
1787733600000,2026-08-26T08:40:00.000Z,78918.06000000,79022.44000000,78900.82000000,78998.98000000,154.68408000
1787733900000,2026-08-26T08:45:00.000Z,78998.97000000,79011.09000000,78905.50000000,78919.13000000,127.41337000
1787734200000,2026-08-26T08:50:00.000Z,78919.12000000,78940.00000000,78700.00000000,78700.00000000,158.90739000
1787734500000,2026-08-26T08:55:00.000Z,78700.00000000,78710.33000000,78600.00000000,78707.59000000,136.24641000
1787734800000,2026-08-26T09:00:00.000Z,78707.59000000,78862.24000000,78668.48000000,78814.99000000,71.89047000
1787735100000,2026-08-26T09:05:00.000Z,78814.99000000,78877.02000000,78800.00000000,78805.77000000,25.93199000
1787735400000,2026-08-26T09:10:00.000Z,78805.76000000,78840.00000000,78750.00000000,78775.30000000,14.77073000
1787735700000,2026-08-26T09:15:00.000Z,78775.31000000,78775.31000000,78426.00000000,78483.26000000,98.82434000
1787736000000,2026-08-26T09:20:00.000Z,78483.26000000,78530.00000000,78387.12000000,78400.00000000,48.47425000
1787736300000,2026-08-26T09:25:00.000Z,78400.01000000,78540.00000000,78400.01000000,78525.05000000,38.27358000
1787736600000,2026-08-26T09:30:00.000Z,78525.05000000,78592.00000000,78470.00000000,78557.70000000,24.53411000
1787736900000,2026-08-26T09:35:00.000Z,78557.70000000,78571.21000000,78490.00000000,78490.01000000,20.28160000
1787737200000,2026-08-26T09:40:00.000Z,78490.00000000,78490.01000000,78325.00000000,78327.12000000,70.88917000
1787737500000,2026-08-26T09:45:00.000Z,78327.11000000,78427.62000000,78244.83000000,78427.62000000,94.57546000
1787737800000,2026-08-26T09:50:00.000Z,78427.61000000,78492.00000000,78394.31000000,78400.01000000,25.72672000
1787738100000,2026-08-26T09:55:00.000Z,78400.01000000,78452.00000000,78400.00000000,78444.49000000,19.19579000
1787738400000,2026-08-26T10:00:00.000Z,78444.50000000,78444.50000000,78291.09000000,78312.38000000,33.64068000
1787738700000,2026-08-26T10:05:00.000Z,78312.37000000,78386.00000000,78312.37000000,78359.28000000,21.06189000
1787739000000,2026-08-26T10:10:00.000Z,78359.27000000,78474.00000000,78329.87000000,78430.46000000,33.24122000
1787739300000,2026-08-26T10:15:00.000Z,78430.46000000,78534.00000000,78424.40000000,78534.00000000,25.70340000
1787739600000,2026-08-26T10:20:00.000Z,78534.00000000,78582.01000000,78508.79000000,78574.22000000,29.32567000
1787739900000,2026-08-26T10:25:00.000Z,78574.23000000,78636.00000000,78574.23000000,78624.13000000,28.47396000
1787740200000,2026-08-26T10:30:00.000Z,78624.13000000,78652.00000000,78570.77000000,78652.00000000,20.42149000
1787740500000,2026-08-26T10:35:00.000Z,78652.00000000,78808.15000000,78621.88000000,78746.00000000,42.25276000
1787740800000,2026-08-26T10:40:00.000Z,78746.01000000,78757.74000000,78662.00000000,78722.00000000,43.51428000
1787741100000,2026-08-26T10:45:00.000Z,78722.01000000,78846.15000000,78700.00000000,78838.87000000,42.93957000
1787741400000,2026-08-26T10:50:00.000Z,78838.87000000,78879.75000000,78764.41000000,78778.10000000,34.61121000
1787741700000,2026-08-26T10:55:00.000Z,78778.11000000,78786.46000000,78720.00000000,78727.45000000,12.09768000
1787742000000,2026-08-26T11:00:00.000Z,78727.46000000,78782.00000000,78688.00000000,78748.58000000,17.68763000
1787742300000,2026-08-26T11:05:00.000Z,78748.57000000,78768.00000000,78662.44000000,78680.46000000,24.71374000
1787742600000,2026-08-26T11:10:00.000Z,78680.46000000,78713.86000000,78666.00000000,78709.31000000,15.26782000
1787742900000,2026-08-26T11:15:00.000Z,78709.31000000,78736.57000000,78647.67000000,78673.40000000,14.90863000
1787743200000,2026-08-26T11:20:00.000Z,78673.40000000,78702.00000000,78642.94000000,78697.99000000,20.69586000
1787743500000,2026-08-26T11:25:00.000Z,78697.99000000,78704.00000000,78617.75000000,78629.78000000,18.79228000
1787743800000,2026-08-26T11:30:00.000Z,78629.78000000,78629.78000000,78566.00000000,78566.00000000,42.96011000
1787744100000,2026-08-26T11:35:00.000Z,78566.00000000,78620.00000000,78317.00000000,78386.00000000,93.33633000
1787744400000,2026-08-26T11:40:00.000Z,78386.00000000,78500.00000000,78350.48000000,78482.41000000,66.84349000
1787744700000,2026-08-26T11:45:00.000Z,78482.40000000,78482.41000000,78380.00000000,78384.77000000,31.67159000
1787745000000,2026-08-26T11:50:00.000Z,78384.77000000,78540.81000000,78384.77000000,78524.47000000,38.13631000
1787745300000,2026-08-26T11:55:00.000Z,78524.47000000,78574.00000000,78478.14000000,78487.26000000,28.42714000
1787745600000,2026-08-26T12:00:00.000Z,78487.26000000,78562.00000000,78464.00000000,78520.05000000,69.98273000
1787745900000,2026-08-26T12:05:00.000Z,78520.04000000,78520.04000000,78359.12000000,78430.17000000,31.12201000
1787746200000,2026-08-26T12:10:00.000Z,78430.18000000,78466.00000000,78394.00000000,78400.01000000,19.09191000
1787746500000,2026-08-26T12:15:00.000Z,78400.01000000,78426.00000000,78288.00000000,78385.99000000,38.45876000
1787746800000,2026-08-26T12:20:00.000Z,78385.99000000,78590.02000000,78380.86000000,78578.15000000,53.53073000
1787747100000,2026-08-26T12:25:00.000Z,78578.16000000,78713.79000000,78576.37000000,78713.71000000,43.89313000
1787747400000,2026-08-26T12:30:00.000Z,78713.70000000,78713.70000000,77918.25000000,78400.00000000,456.87930000
1787747700000,2026-08-26T12:35:00.000Z,78400.01000000,78482.00000000,78173.00000000,78240.00000000,82.93131000
1787748000000,2026-08-26T12:40:00.000Z,78240.00000000,78385.49000000,78220.44000000,78265.99000000,53.79272000
1787748300000,2026-08-26T12:45:00.000Z,78265.99000000,78375.95000000,78206.00000000,78311.31000000,56.01532000
1787748600000,2026-08-26T12:50:00.000Z,78311.31000000,78448.00000000,78286.60000000,78312.00000000,50.19614000
1787748900000,2026-08-26T12:55:00.000Z,78312.00000000,78422.72000000,78291.97000000,78319.59000000,67.05519000
1787749200000,2026-08-26T13:00:00.000Z,78319.58000000,78444.00000000,78244.00000000,78244.00000000,82.06584000
1787749500000,2026-08-26T13:05:00.000Z,78244.01000000,78270.00000000,78074.79000000,78113.73000000,86.28366000
1787749800000,2026-08-26T13:10:00.000Z,78113.74000000,78159.30000000,77983.74000000,78120.67000000,111.44094000
1787750100000,2026-08-26T13:15:00.000Z,78120.68000000,78172.79000000,78074.70000000,78147.55000000,35.29351000
1787750400000,2026-08-26T13:20:00.000Z,78147.55000000,78154.09000000,77998.00000000,78020.01000000,52.66308000
1787750700000,2026-08-26T13:25:00.000Z,78020.00000000,78070.78000000,77913.19000000,78052.01000000,71.66746000
1787751000000,2026-08-26T13:30:00.000Z,78052.01000000,78370.53000000,78052.00000000,78336.01000000,117.28725000
1787751300000,2026-08-26T13:35:00.000Z,78336.00000000,78495.03000000,78268.00000000,78355.83000000,85.00157000
1787751600000,2026-08-26T13:40:00.000Z,78355.83000000,78492.00000000,78330.00000000,78492.00000000,73.22870000
1787751900000,2026-08-26T13:45:00.000Z,78491.99000000,78554.00000000,78374.02000000,78380.86000000,120.46165000
1787752200000,2026-08-26T13:50:00.000Z,78380.86000000,78380.86000000,78116.00000000,78222.00000000,71.17885000
1787752500000,2026-08-26T13:55:00.000Z,78221.99000000,78460.06000000,78204.16000000,78448.66000000,36.65036000
1787752800000,2026-08-26T14:00:00.000Z,78448.66000000,78591.27000000,78297.71000000,78536.00000000,76.24260000
1787753100000,2026-08-26T14:05:00.000Z,78536.00000000,78601.59000000,78485.35000000,78551.21000000,55.81251000
1787753400000,2026-08-26T14:10:00.000Z,78551.20000000,78603.41000000,78450.00000000,78456.00000000,64.57718000
1787753700000,2026-08-26T14:15:00.000Z,78455.99000000,78572.00000000,78447.10000000,78516.52000000,61.98467000
1787754000000,2026-08-26T14:20:00.000Z,78516.52000000,78546.00000000,78398.85000000,78398.86000000,51.05627000
1787754300000,2026-08-26T14:25:00.000Z,78398.85000000,78398.86000000,78202.86000000,78247.99000000,59.14013000
1787754600000,2026-08-26T14:30:00.000Z,78247.98000000,78278.02000000,78157.00000000,78176.01000000,50.84631000
1787754900000,2026-08-26T14:35:00.000Z,78176.00000000,78259.72000000,78091.27000000,78150.48000000,59.70273000
1787755200000,2026-08-26T14:40:00.000Z,78150.48000000,78196.00000000,77935.00000000,77979.87000000,118.18351000
1787755500000,2026-08-26T14:45:00.000Z,77979.86000000,78015.43000000,77852.21000000,77982.91000000,137.02284000
1787755800000,2026-08-26T14:50:00.000Z,77982.92000000,78041.41000000,77777.00000000,77795.33000000,242.08810000
1787756100000,2026-08-26T14:55:00.000Z,77795.34000000,77856.01000000,77774.00000000,77790.48000000,74.49010000
1787756400000,2026-08-26T15:00:00.000Z,77790.48000000,77882.43000000,77632.58000000,77651.07000000,155.20787000
1787756700000,2026-08-26T15:05:00.000Z,77651.08000000,77957.98000000,77640.01000000,77927.40000000,79.96663000
1787757000000,2026-08-26T15:10:00.000Z,77927.41000000,77940.00000000,77832.24000000,77836.99000000,45.94603000
1787757300000,2026-08-26T15:15:00.000Z,77836.99000000,77862.75000000,77732.00000000,77783.60000000,63.20624000
1787757600000,2026-08-26T15:20:00.000Z,77783.60000000,77960.71000000,77783.59000000,77935.35000000,48.57234000
1787757900000,2026-08-26T15:25:00.000Z,77935.35000000,78161.40000000,77935.35000000,78159.64000000,51.09758000
1787758200000,2026-08-26T15:30:00.000Z,78159.65000000,78167.26000000,77947.48000000,77948.72000000,41.36893000
1787758500000,2026-08-26T15:35:00.000Z,77948.72000000,78010.00000000,77918.00000000,78003.69000000,42.83209000
1787758800000,2026-08-26T15:40:00.000Z,78003.69000000,78120.00000000,78003.68000000,78035.70000000,55.97159000
1787759100000,2026-08-26T15:45:00.000Z,78035.70000000,78145.79000000,78035.69000000,78140.00000000,35.00362000
1787759400000,2026-08-26T15:50:00.000Z,78140.01000000,78145.79000000,78029.99000000,78045.11000000,40.71062000
1787759700000,2026-08-26T15:55:00.000Z,78045.10000000,78116.38000000,77974.86000000,78011.65000000,52.35765000
1787760000000,2026-08-26T16:00:00.000Z,78011.64000000,78089.53000000,77976.50000000,78089.53000000,34.92322000
1787760300000,2026-08-26T16:05:00.000Z,78089.52000000,78159.99000000,78064.68000000,78132.51000000,32.57890000
1787760600000,2026-08-26T16:10:00.000Z,78132.50000000,78139.00000000,78048.00000000,78077.51000000,21.42642000
1787760900000,2026-08-26T16:15:00.000Z,78077.51000000,78106.00000000,77984.00000000,78036.80000000,50.94055000
1787761200000,2026-08-26T16:20:00.000Z,78036.81000000,78130.55000000,78019.43000000,78034.11000000,39.22075000
1787761500000,2026-08-26T16:25:00.000Z,78034.12000000,78065.05000000,77984.00000000,78060.62000000,62.96164000
1787761800000,2026-08-26T16:30:00.000Z,78060.62000000,78104.00000000,78012.32000000,78104.00000000,27.69785000
1787762100000,2026-08-26T16:35:00.000Z,78104.00000000,78145.20000000,77969.22000000,77969.23000000,30.18612000
1787762400000,2026-08-26T16:40:00.000Z,77969.22000000,78018.00000000,77858.00000000,77873.99000000,93.95802000
1787762700000,2026-08-26T16:45:00.000Z,77874.00000000,78161.73000000,77874.00000000,78087.01000000,140.50011000
1787763000000,2026-08-26T16:50:00.000Z,78087.01000000,78122.00000000,77992.09000000,78023.98000000,31.55291000
1787763300000,2026-08-26T16:55:00.000Z,78023.98000000,78072.00000000,77970.65000000,77991.30000000,34.60137000
1787763600000,2026-08-26T17:00:00.000Z,77991.29000000,78072.00000000,77991.29000000,78043.97000000,28.91347000
1787763900000,2026-08-26T17:05:00.000Z,78043.97000000,78121.98000000,78004.10000000,78088.24000000,25.93277000
1787764200000,2026-08-26T17:10:00.000Z,78088.24000000,78128.91000000,78052.00000000,78128.91000000,18.99444000
1787764500000,2026-08-26T17:15:00.000Z,78128.90000000,78284.13000000,78128.90000000,78246.26000000,103.16966000
1787764800000,2026-08-26T17:20:00.000Z,78246.26000000,78346.00000000,78243.66000000,78345.79000000,73.58359000
1787765100000,2026-08-26T17:25:00.000Z,78345.78000000,78512.05000000,78340.15000000,78512.05000000,72.27170000
1787765400000,2026-08-26T17:30:00.000Z,78512.05000000,78578.00000000,78493.54000000,78578.00000000,61.66116000
1787765700000,2026-08-26T17:35:00.000Z,78578.00000000,78578.00000000,78493.62000000,78536.96000000,40.88725000
1787766000000,2026-08-26T17:40:00.000Z,78536.96000000,78603.00000000,78503.43000000,78514.76000000,55.07551000
1787766300000,2026-08-26T17:45:00.000Z,78514.77000000,78514.81000000,78368.00000000,78405.53000000,65.58436000
1787766600000,2026-08-26T17:50:00.000Z,78405.54000000,78466.00000000,78400.00000000,78465.99000000,17.86093000
1787766900000,2026-08-26T17:55:00.000Z,78465.98000000,78476.12000000,78414.00000000,78442.83000000,21.18840000
1787767200000,2026-08-26T18:00:00.000Z,78442.84000000,78520.00000000,78402.80000000,78474.01000000,28.65179000
1787767500000,2026-08-26T18:05:00.000Z,78474.01000000,78528.00000000,78448.00000000,78524.98000000,14.95537000
1787767800000,2026-08-26T18:10:00.000Z,78524.98000000,78650.26000000,78507.19000000,78562.52000000,63.50904000
1787768100000,2026-08-26T18:15:00.000Z,78562.52000000,78579.72000000,78500.00000000,78543.66000000,31.14287000
1787768400000,2026-08-26T18:20:00.000Z,78543.67000000,78601.30000000,78484.75000000,78512.00000000,30.26169000
1787768700000,2026-08-26T18:25:00.000Z,78511.99000000,78526.63000000,78442.16000000,78468.00000000,33.84835000
1787769000000,2026-08-26T18:30:00.000Z,78468.00000000,78490.00000000,78410.00000000,78426.35000000,21.57568000
1787769300000,2026-08-26T18:35:00.000Z,78426.35000000,78432.00000000,78362.01000000,78387.73000000,23.70787000
1787769600000,2026-08-26T18:40:00.000Z,78387.74000000,78389.48000000,78280.01000000,78296.62000000,31.32710000
1787769900000,2026-08-26T18:45:00.000Z,78296.62000000,78415.32000000,78293.82000000,78404.00000000,14.38905000
1787770200000,2026-08-26T18:50:00.000Z,78404.00000000,78456.61000000,78389.12000000,78456.61000000,23.35520000
1787770500000,2026-08-26T18:55:00.000Z,78456.61000000,78502.91000000,78442.15000000,78472.41000000,20.52088000
1787770800000,2026-08-26T19:00:00.000Z,78472.41000000,78514.00000000,78446.75000000,78450.86000000,29.89876000
1787771100000,2026-08-26T19:05:00.000Z,78450.85000000,78450.86000000,78400.00000000,78400.13000000,35.93213000
1787771400000,2026-08-26T19:10:00.000Z,78400.12000000,78462.27000000,78381.27000000,78381.98000000,34.18579000
1787771700000,2026-08-26T19:15:00.000Z,78381.98000000,78452.00000000,78381.97000000,78411.36000000,36.52421000
1787772000000,2026-08-26T19:20:00.000Z,78411.35000000,78411.36000000,78292.00000000,78342.00000000,63.38728000
1787772300000,2026-08-26T19:25:00.000Z,78342.00000000,78572.00000000,78316.00000000,78531.97000000,50.63954000
1787772600000,2026-08-26T19:30:00.000Z,78531.97000000,78551.65000000,78488.00000000,78489.99000000,33.52932000
1787772900000,2026-08-26T19:35:00.000Z,78489.98000000,78500.00000000,78416.00000000,78416.00000000,31.77627000
1787773200000,2026-08-26T19:40:00.000Z,78416.01000000,78436.57000000,78384.01000000,78436.56000000,36.59908000
1787773500000,2026-08-26T19:45:00.000Z,78436.57000000,78490.34000000,78436.56000000,78478.33000000,31.57749000
1787773800000,2026-08-26T19:50:00.000Z,78478.33000000,78546.00000000,78451.20000000,78455.80000000,57.33604000
1787774100000,2026-08-26T19:55:00.000Z,78455.80000000,78492.00000000,78442.15000000,78475.49000000,25.46543000
1787774400000,2026-08-26T20:00:00.000Z,78475.49000000,78505.76000000,78400.00000000,78495.34000000,28.33097000
1787774700000,2026-08-26T20:05:00.000Z,78495.35000000,78521.70000000,78480.00000000,78480.01000000,20.66558000
1787775000000,2026-08-26T20:10:00.000Z,78480.00000000,78480.39000000,78420.00000000,78420.00000000,18.00552000
1787775300000,2026-08-26T20:15:00.000Z,78420.00000000,78459.78000000,78396.00000000,78411.58000000,30.35098000
1787775600000,2026-08-26T20:20:00.000Z,78411.57000000,78411.57000000,78200.00000000,78328.00000000,41.44416000
1787775900000,2026-08-26T20:25:00.000Z,78328.00000000,78396.60000000,78328.00000000,78396.60000000,31.13036000
1787776200000,2026-08-26T20:30:00.000Z,78396.59000000,78409.91000000,78329.18000000,78349.33000000,31.80923000
1787776500000,2026-08-26T20:35:00.000Z,78349.34000000,78378.00000000,78293.85000000,78375.37000000,26.10747000
1787776800000,2026-08-26T20:40:00.000Z,78375.38000000,78433.86000000,78375.37000000,78404.90000000,23.83281000
1787777100000,2026-08-26T20:45:00.000Z,78404.90000000,78415.68000000,78391.02000000,78391.02000000,24.81355000
1787777400000,2026-08-26T20:50:00.000Z,78391.03000000,78435.28000000,78388.00000000,78430.31000000,25.60397000
1787777700000,2026-08-26T20:55:00.000Z,78430.31000000,78466.16000000,78430.31000000,78452.04000000,20.12966000
1787778000000,2026-08-26T21:00:00.000Z,78452.04000000,78465.08000000,78392.19000000,78414.01000000,58.74057000
1787778300000,2026-08-26T21:05:00.000Z,78414.01000000,78618.85000000,78414.01000000,78614.42000000,34.62112000
1787778600000,2026-08-26T21:10:00.000Z,78614.41000000,78800.00000000,78565.26000000,78794.28000000,63.46296000
1787778900000,2026-08-26T21:15:00.000Z,78794.28000000,78829.28000000,78735.16000000,78763.15000000,42.65038000
1787779200000,2026-08-26T21:20:00.000Z,78763.15000000,78828.00000000,78730.06000000,78786.54000000,32.25406000
1787779500000,2026-08-26T21:25:00.000Z,78786.53000000,78845.06000000,78707.99000000,78750.00000000,41.10732000
1787779800000,2026-08-26T21:30:00.000Z,78750.01000000,78750.01000000,78652.15000000,78748.07000000,48.28274000
1787780100000,2026-08-26T21:35:00.000Z,78748.08000000,78840.01000000,78748.07000000,78781.08000000,39.51027000
1787780400000,2026-08-26T21:40:00.000Z,78781.08000000,78781.08000000,78707.17000000,78714.99000000,19.33548000
1787780700000,2026-08-26T21:45:00.000Z,78714.99000000,78722.00000000,78669.61000000,78700.75000000,18.43570000
1787781000000,2026-08-26T21:50:00.000Z,78700.75000000,78802.38000000,78700.75000000,78776.03000000,19.12339000
1787781300000,2026-08-26T21:55:00.000Z,78776.02000000,78776.02000000,78724.00000000,78724.01000000,10.96040000
1787781600000,2026-08-26T22:00:00.000Z,78724.00000000,78866.00000000,78680.00000000,78865.99000000,33.28713000
1787781900000,2026-08-26T22:05:00.000Z,78865.99000000,78871.15000000,78798.00000000,78798.01000000,28.65649000
1787782200000,2026-08-26T22:10:00.000Z,78798.00000000,78814.86000000,78698.05000000,78782.98000000,270.28087000
1787782500000,2026-08-26T22:15:00.000Z,78782.97000000,78915.79000000,78763.47000000,78887.55000000,79.47650000
1787782800000,2026-08-26T22:20:00.000Z,78887.56000000,78975.85000000,78812.81000000,78818.78000000,44.54790000
1787783100000,2026-08-26T22:25:00.000Z,78818.78000000,78876.00000000,78796.00000000,78821.05000000,19.43368000
1787783400000,2026-08-26T22:30:00.000Z,78821.04000000,78821.04000000,78693.35000000,78754.00000000,28.75774000
1787783700000,2026-08-26T22:35:00.000Z,78754.00000000,78769.70000000,78592.14000000,78592.15000000,47.66297000
1787784000000,2026-08-26T22:40:00.000Z,78592.15000000,78688.01000000,78590.00000000,78687.67000000,33.27880000
1787784300000,2026-08-26T22:45:00.000Z,78687.66000000,78687.66000000,78606.16000000,78606.16000000,15.77505000
1787784600000,2026-08-26T22:50:00.000Z,78606.17000000,78606.17000000,78554.00000000,78589.12000000,21.80742000
1787784900000,2026-08-26T22:55:00.000Z,78589.13000000,78738.00000000,78568.55000000,78700.00000000,308.29758000
1787785200000,2026-08-26T23:00:00.000Z,78700.00000000,78752.00000000,78654.00000000,78750.31000000,30.59427000
1787785500000,2026-08-26T23:05:00.000Z,78750.30000000,78750.31000000,78668.00000000,78686.92000000,17.60544000
1787785800000,2026-08-26T23:10:00.000Z,78686.92000000,78717.59000000,78671.79000000,78708.74000000,17.18152000
1787786100000,2026-08-26T23:15:00.000Z,78708.73000000,78738.00000000,78670.70000000,78716.96000000,29.49391000
1787786400000,2026-08-26T23:20:00.000Z,78716.96000000,78752.30000000,78696.00000000,78740.39000000,26.19101000
1787786700000,2026-08-26T23:25:00.000Z,78740.40000000,78903.38000000,78716.00000000,78865.34000000,46.95391000
1787787000000,2026-08-26T23:30:00.000Z,78865.35000000,78928.69000000,78863.65000000,78888.74000000,46.54620000
1787787300000,2026-08-26T23:35:00.000Z,78888.73000000,79000.00000000,78888.73000000,78957.98000000,96.75533000
1787787600000,2026-08-26T23:40:00.000Z,78957.97000000,79058.00000000,78916.00000000,79049.99000000,70.92464000
1787787900000,2026-08-26T23:45:00.000Z,79050.00000000,79174.12000000,79009.60000000,79066.00000000,96.54204000
1787788200000,2026-08-26T23:50:00.000Z,79066.00000000,79105.31000000,79003.38000000,79073.99000000,55.95241000
1787788500000,2026-08-26T23:55:00.000Z,79073.99000000,79122.73000000,78999.83000000,79023.75000000,162.34742000
1787788800000,2026-08-27T00:00:00.000Z,79023.75000000,79028.49000000,78854.00000000,78856.55000000,48.53691000
1787789100000,2026-08-27T00:05:00.000Z,78856.54000000,78989.30000000,78842.57000000,78968.00000000,28.97506000
1787789400000,2026-08-27T00:10:00.000Z,78968.01000000,78972.01000000,78818.00000000,78837.50000000,23.82957000
1787789700000,2026-08-27T00:15:00.000Z,78837.50000000,78932.44000000,78821.39000000,78932.43000000,17.31796000
1787790000000,2026-08-27T00:20:00.000Z,78932.43000000,78940.00000000,78858.60000000,78858.61000000,17.13678000
1787790300000,2026-08-27T00:25:00.000Z,78858.61000000,78902.00000000,78819.88000000,78902.00000000,24.64051000
1787790600000,2026-08-27T00:30:00.000Z,78902.00000000,78902.00000000,78842.37000000,78847.49000000,20.42488000
1787790900000,2026-08-27T00:35:00.000Z,78847.49000000,78863.16000000,78795.00000000,78832.59000000,26.01016000
1787791200000,2026-08-27T00:40:00.000Z,78832.59000000,78907.77000000,78791.99000000,78897.99000000,211.89803000
1787791500000,2026-08-27T00:45:00.000Z,78897.99000000,78897.99000000,78762.00000000,78793.99000000,40.60830000
1787791800000,2026-08-27T00:50:00.000Z,78794.00000000,78850.00000000,78722.00000000,78722.00000000,37.09010000
1787792100000,2026-08-27T00:55:00.000Z,78722.00000000,78751.99000000,78690.01000000,78690.01000000,31.35899000
1787792400000,2026-08-27T01:00:00.000Z,78690.02000000,78753.71000000,78674.00000000,78750.02000000,30.59040000
1787792700000,2026-08-27T01:05:00.000Z,78750.01000000,78778.00000000,78696.00000000,78737.03000000,44.13709000
1787793000000,2026-08-27T01:10:00.000Z,78737.23000000,78766.00000000,78633.30000000,78667.63000000,44.28796000
1787793300000,2026-08-27T01:15:00.000Z,78667.63000000,78687.68000000,78546.13000000,78671.35000000,164.44745000
1787793600000,2026-08-27T01:20:00.000Z,78671.35000000,78792.00000000,78671.35000000,78791.09000000,18.79258000
1787793900000,2026-08-27T01:25:00.000Z,78791.09000000,78961.48000000,78783.90000000,78936.04000000,30.38252000
1787794200000,2026-08-27T01:30:00.000Z,78936.04000000,78979.76000000,78784.00000000,78873.79000000,38.59327000
1787794500000,2026-08-27T01:35:00.000Z,78873.80000000,78916.63000000,78784.00000000,78841.97000000,30.22783000
1787794800000,2026-08-27T01:40:00.000Z,78841.98000000,78841.98000000,78717.97000000,78717.98000000,17.69420000
1787795100000,2026-08-27T01:45:00.000Z,78717.97000000,78958.00000000,78708.01000000,78958.00000000,31.61480000
1787795400000,2026-08-27T01:50:00.000Z,78957.99000000,79017.99000000,78912.00000000,78933.18000000,46.22572000
1787795700000,2026-08-27T01:55:00.000Z,78933.17000000,78997.80000000,78893.13000000,78898.67000000,23.72363000
1787796000000,2026-08-27T02:00:00.000Z,78898.68000000,78978.00000000,78893.13000000,78941.16000000,32.17860000
1787796300000,2026-08-27T02:05:00.000Z,78941.16000000,78944.57000000,78914.00000000,78936.78000000,9.28830000
1787796600000,2026-08-27T02:10:00.000Z,78936.78000000,78948.71000000,78852.00000000,78884.26000000,26.23545000
1787796900000,2026-08-27T02:15:00.000Z,78884.27000000,78884.27000000,78809.86000000,78827.39000000,22.24263000
1787797200000,2026-08-27T02:20:00.000Z,78827.38000000,78850.00000000,78751.03000000,78769.05000000,13.03376000
1787797500000,2026-08-27T02:25:00.000Z,78769.05000000,78773.94000000,78727.42000000,78757.21000000,15.72579000
1787797800000,2026-08-27T02:30:00.000Z,78757.22000000,78786.05000000,78748.57000000,78786.04000000,10.97050000
1787798100000,2026-08-27T02:35:00.000Z,78786.05000000,78800.00000000,78742.00000000,78744.52000000,19.90849000
1787798400000,2026-08-27T02:40:00.000Z,78744.51000000,78744.52000000,78712.00000000,78736.64000000,8.78033000
1787798700000,2026-08-27T02:45:00.000Z,78736.64000000,78754.27000000,78714.00000000,78754.27000000,11.82158000
1787799000000,2026-08-27T02:50:00.000Z,78754.26000000,78791.99000000,78736.91000000,78751.42000000,13.62751000
1787799300000,2026-08-27T02:55:00.000Z,78751.43000000,78752.79000000,78704.62000000,78717.76000000,245.20887000
1787799600000,2026-08-27T03:00:00.000Z,78717.76000000,78729.99000000,78688.60000000,78724.17000000,106.07972000
1787799900000,2026-08-27T03:05:00.000Z,78724.18000000,78778.00000000,78722.00000000,78722.00000000,13.38067000
1787800200000,2026-08-27T03:10:00.000Z,78722.01000000,78738.64000000,78670.00000000,78677.34000000,11.50544000
1787800500000,2026-08-27T03:15:00.000Z,78677.34000000,78749.88000000,78643.23000000,78749.88000000,18.69975000
1787800800000,2026-08-27T03:20:00.000Z,78749.88000000,78990.00000000,78726.00000000,78950.01000000,50.20651000
1787801100000,2026-08-27T03:25:00.000Z,78950.00000000,78950.01000000,78884.00000000,78896.01000000,19.59607000
1787801400000,2026-08-27T03:30:00.000Z,78896.00000000,78902.00000000,78844.24000000,78863.11000000,21.98581000
1787801700000,2026-08-27T03:35:00.000Z,78863.11000000,78889.45000000,78848.00000000,78851.97000000,15.90859000
1787802000000,2026-08-27T03:40:00.000Z,78851.97000000,78926.00000000,78834.51000000,78876.50000000,41.13357000
1787802300000,2026-08-27T03:45:00.000Z,78876.51000000,78919.97000000,78845.99000000,78846.00000000,22.82423000
1787802600000,2026-08-27T03:50:00.000Z,78846.00000000,78850.97000000,78775.44000000,78827.96000000,26.94903000
1787802900000,2026-08-27T03:55:00.000Z,78827.96000000,78830.68000000,78798.11000000,78830.68000000,9.02140000
1787803200000,2026-08-27T04:00:00.000Z,78830.68000000,78888.69000000,78826.00000000,78856.77000000,15.61958000
1787803500000,2026-08-27T04:05:00.000Z,78856.77000000,78885.87000000,78800.00000000,78885.87000000,14.15471000
1787803800000,2026-08-27T04:10:00.000Z,78885.87000000,78885.87000000,78853.46000000,78862.47000000,9.79970000
1787804100000,2026-08-27T04:15:00.000Z,78862.46000000,78900.00000000,78862.46000000,78878.34000000,19.86689000
1787804400000,2026-08-27T04:20:00.000Z,78878.35000000,78878.35000000,78825.30000000,78845.83000000,12.81997000
1787804700000,2026-08-27T04:25:00.000Z,78845.83000000,78845.83000000,78785.05000000,78785.06000000,10.37947000
1787805000000,2026-08-27T04:30:00.000Z,78785.06000000,78785.06000000,78708.00000000,78708.00000000,16.25372000
1787805300000,2026-08-27T04:35:00.000Z,78708.01000000,78760.00000000,78684.18000000,78760.00000000,26.02879000
1787805600000,2026-08-27T04:40:00.000Z,78759.99000000,78814.00000000,78746.95000000,78813.99000000,9.63274000
1787805900000,2026-08-27T04:45:00.000Z,78814.00000000,78820.00000000,78733.05000000,78739.29000000,17.40204000
1787806200000,2026-08-27T04:50:00.000Z,78739.29000000,78746.00000000,78708.95000000,78746.00000000,13.43877000
1787806500000,2026-08-27T04:55:00.000Z,78745.99000000,78786.25000000,78745.99000000,78783.99000000,16.21754000
1787806800000,2026-08-27T05:00:00.000Z,78783.99000000,78784.00000000,78681.95000000,78681.96000000,18.23072000
1787807100000,2026-08-27T05:05:00.000Z,78681.96000000,78729.50000000,78658.00000000,78715.12000000,24.07113000
1787807400000,2026-08-27T05:10:00.000Z,78715.11000000,78722.11000000,78650.00000000,78650.01000000,14.15045000
1787807700000,2026-08-27T05:15:00.000Z,78650.01000000,78650.01000000,78629.75000000,78650.01000000,17.88965000
1787808000000,2026-08-27T05:20:00.000Z,78650.00000000,78737.75000000,78642.88000000,78737.75000000,18.60563000
1787808300000,2026-08-27T05:25:00.000Z,78737.75000000,78804.00000000,78658.00000000,78662.52000000,28.05255000
1787808600000,2026-08-27T05:30:00.000Z,78662.52000000,78678.21000000,78613.99000000,78633.71000000,36.34357000
1787808900000,2026-08-27T05:35:00.000Z,78633.72000000,78708.00000000,78600.00000000,78693.10000000,28.03452000
1787809200000,2026-08-27T05:40:00.000Z,78693.09000000,78800.00000000,78682.08000000,78715.87000000,25.37022000
1787809500000,2026-08-27T05:45:00.000Z,78715.88000000,78825.88000000,78707.95000000,78825.87000000,23.10239000
1787809800000,2026-08-27T05:50:00.000Z,78825.87000000,78928.00000000,78825.87000000,78844.00000000,30.82812000
1787810100000,2026-08-27T05:55:00.000Z,78844.00000000,78912.55000000,78799.04000000,78912.55000000,32.64959000
1787810400000,2026-08-27T06:00:00.000Z,78912.54000000,78912.55000000,78800.62000000,78800.63000000,21.84002000
1787810700000,2026-08-27T06:05:00.000Z,78800.62000000,78842.43000000,78800.62000000,78816.01000000,15.96125000
1787811000000,2026-08-27T06:10:00.000Z,78816.01000000,78816.01000000,78651.73000000,78677.77000000,50.86621000
1787811300000,2026-08-27T06:15:00.000Z,78677.77000000,78734.00000000,78604.78000000,78722.82000000,68.44213000
1787811600000,2026-08-27T06:20:00.000Z,78722.83000000,78796.00000000,78670.00000000,78673.88000000,34.36499000
1787811900000,2026-08-27T06:25:00.000Z,78673.88000000,78686.57000000,78608.52000000,78651.85000000,60.70927000
1787812200000,2026-08-27T06:30:00.000Z,78651.85000000,78794.00000000,78651.84000000,78744.89000000,61.50728000
1787812500000,2026-08-27T06:35:00.000Z,78744.88000000,78776.65000000,78739.98000000,78743.13000000,22.20993000
1787812800000,2026-08-27T06:40:00.000Z,78743.13000000,78778.00000000,78727.48000000,78750.00000000,11.97230000
1787813100000,2026-08-27T06:45:00.000Z,78749.99000000,78790.00000000,78749.99000000,78790.00000000,16.61909000
1787813400000,2026-08-27T06:50:00.000Z,78790.00000000,78841.04000000,78776.02000000,78811.00000000,24.35905000
1787813700000,2026-08-27T06:55:00.000Z,78811.00000000,78842.38000000,78810.99000000,78817.49000000,10.29851000
1787814000000,2026-08-27T07:00:00.000Z,78817.50000000,78817.50000000,78768.87000000,78788.32000000,14.35331000
1787814300000,2026-08-27T07:05:00.000Z,78788.32000000,78790.26000000,78768.87000000,78785.00000000,6.67127000
1787814600000,2026-08-27T07:10:00.000Z,78785.00000000,78861.46000000,78783.31000000,78832.42000000,13.35251000
1787814900000,2026-08-27T07:15:00.000Z,78832.41000000,78841.33000000,78819.54000000,78827.42000000,9.82137000
1787815200000,2026-08-27T07:20:00.000Z,78827.43000000,78840.94000000,78784.92000000,78784.92000000,28.46816000
1787815500000,2026-08-27T07:25:00.000Z,78784.93000000,78804.00000000,78754.00000000,78795.45000000,27.23071000
1787815800000,2026-08-27T07:30:00.000Z,78795.45000000,78868.00000000,78795.44000000,78867.99000000,32.21229000
1787816100000,2026-08-27T07:35:00.000Z,78867.99000000,78876.65000000,78832.00000000,78874.89000000,40.38987000
1787816400000,2026-08-27T07:40:00.000Z,78874.88000000,78877.93000000,78838.00000000,78838.00000000,20.98119000
1787816700000,2026-08-27T07:45:00.000Z,78838.00000000,78868.25000000,78838.00000000,78864.18000000,24.83377000
1787817000000,2026-08-27T07:50:00.000Z,78864.17000000,79049.87000000,78864.17000000,79032.08000000,93.62240000
1787817300000,2026-08-27T07:55:00.000Z,79032.07000000,79095.99000000,79032.07000000,79082.17000000,34.00431000
1787817600000,2026-08-27T08:00:00.000Z,79082.18000000,79500.00000000,79048.00000000,79439.74000000,247.74769000
1787817900000,2026-08-27T08:05:00.000Z,79439.73000000,79756.00000000,79286.08000000,79753.44000000,198.34747000
1787818200000,2026-08-27T08:10:00.000Z,79753.44000000,79875.00000000,79549.43000000,79635.93000000,358.17100000
1787818500000,2026-08-27T08:15:00.000Z,79635.94000000,79647.78000000,79478.21000000,79513.18000000,117.13254000
1787818800000,2026-08-27T08:20:00.000Z,79513.18000000,79610.00000000,79442.55000000,79583.99000000,97.81200000
1787819100000,2026-08-27T08:25:00.000Z,79584.00000000,79749.99000000,79583.99000000,79749.99000000,71.97123000
1787819400000,2026-08-27T08:30:00.000Z,79749.99000000,79880.00000000,79749.99000000,79850.01000000,103.29864000
1787819700000,2026-08-27T08:35:00.000Z,79850.00000000,79850.01000000,79718.00000000,79785.98000000,79.13978000
1787820000000,2026-08-27T08:40:00.000Z,79785.99000000,79995.85000000,79748.01000000,79917.32000000,98.24584000
1787820300000,2026-08-27T08:45:00.000Z,79917.32000000,80022.00000000,79804.00000000,79804.01000000,222.46867000
1787820600000,2026-08-27T08:50:00.000Z,79804.00000000,79883.57000000,79778.00000000,79781.99000000,42.21128000
1787820900000,2026-08-27T08:55:00.000Z,79781.98000000,79789.44000000,79700.00000000,79755.99000000,69.07603000
1787821200000,2026-08-27T09:00:00.000Z,79756.00000000,79822.00000000,79683.09000000,79748.01000000,77.67600000
1787821500000,2026-08-27T09:05:00.000Z,79748.00000000,79851.72000000,79714.00000000,79794.52000000,45.15445000
1787821800000,2026-08-27T09:10:00.000Z,79795.06000000,79884.54000000,79795.06000000,79877.28000000,56.12950000
1787822100000,2026-08-27T09:15:00.000Z,79877.27000000,79992.80000000,79787.58000000,79992.80000000,78.11837000
1787822400000,2026-08-27T09:20:00.000Z,79992.80000000,80100.00000000,79988.00000000,80085.37000000,134.45345000
1787822700000,2026-08-27T09:25:00.000Z,80085.36000000,80497.76000000,80085.36000000,80493.86000000,260.20878000
1787823000000,2026-08-27T09:30:00.000Z,80493.87000000,80520.00000000,80220.00000000,80220.00000000,105.04549000
1787823300000,2026-08-27T09:35:00.000Z,80220.00000000,80320.01000000,80204.00000000,80285.65000000,61.12155000
1787823600000,2026-08-27T09:40:00.000Z,80285.65000000,80320.00000000,80199.53000000,80253.57000000,49.77315000
1787823900000,2026-08-27T09:45:00.000Z,80253.57000000,80277.00000000,80198.00000000,80198.00000000,66.35003000
1787824200000,2026-08-27T09:50:00.000Z,80198.01000000,80198.01000000,80038.83000000,80070.50000000,121.65968000
1787824500000,2026-08-27T09:55:00.000Z,80070.51000000,80070.51000000,79919.60000000,79986.00000000,76.18939000
1787824800000,2026-08-27T10:00:00.000Z,79986.00000000,80058.85000000,79922.02000000,80058.85000000,45.20905000
1787825100000,2026-08-27T10:05:00.000Z,80058.85000000,80154.00000000,80054.46000000,80154.00000000,48.09732000
1787825400000,2026-08-27T10:10:00.000Z,80154.00000000,80158.15000000,79806.17000000,79932.76000000,74.67846000
1787825700000,2026-08-27T10:15:00.000Z,79932.76000000,79987.70000000,79838.06000000,79964.01000000,34.70500000
1787826000000,2026-08-27T10:20:00.000Z,79964.00000000,80020.00000000,79764.70000000,79802.00000000,56.34263000
1787826300000,2026-08-27T10:25:00.000Z,79802.00000000,79802.00000000,79342.00000000,79664.56000000,156.50138000
1787826600000,2026-08-27T10:30:00.000Z,79664.56000000,79676.00000000,79538.00000000,79615.82000000,48.36352000
1787826900000,2026-08-27T10:35:00.000Z,79615.82000000,79646.00000000,79368.50000000,79458.69000000,82.31342000
1787827200000,2026-08-27T10:40:00.000Z,79458.69000000,79645.93000000,79456.02000000,79609.10000000,27.61153000
1787827500000,2026-08-27T10:45:00.000Z,79609.11000000,79617.79000000,79496.00000000,79526.01000000,35.02711000
1787827800000,2026-08-27T10:50:00.000Z,79526.00000000,79624.00000000,79509.25000000,79590.12000000,31.06961000
1787828100000,2026-08-27T10:55:00.000Z,79590.13000000,79626.00000000,79546.00000000,79626.00000000,44.75272000
1787828400000,2026-08-27T11:00:00.000Z,79625.99000000,79726.00000000,79553.23000000,79704.01000000,55.10245000
1787828700000,2026-08-27T11:05:00.000Z,79704.00000000,79720.00000000,79638.00000000,79682.00000000,27.25318000
1787829000000,2026-08-27T11:10:00.000Z,79682.01000000,79754.00000000,79646.00000000,79754.00000000,23.40805000
1787829300000,2026-08-27T11:15:00.000Z,79753.99000000,79762.00000000,79632.00000000,79678.82000000,19.18676000
1787829600000,2026-08-27T11:20:00.000Z,79678.81000000,79766.30000000,79678.81000000,79744.91000000,47.12794000
1787829900000,2026-08-27T11:25:00.000Z,79744.91000000,79750.00000000,79496.00000000,79523.99000000,38.86366000
1787830200000,2026-08-27T11:30:00.000Z,79524.00000000,79562.38000000,79390.00000000,79526.65000000,56.04225000
1787830500000,2026-08-27T11:35:00.000Z,79526.65000000,79534.00000000,79397.00000000,79400.25000000,84.51205000
1787830800000,2026-08-27T11:40:00.000Z,79400.25000000,79448.49000000,79391.00000000,79438.51000000,52.37359000
1787831100000,2026-08-27T11:45:00.000Z,79438.50000000,79476.00000000,79389.92000000,79389.93000000,53.57440000
1787831400000,2026-08-27T11:50:00.000Z,79389.92000000,79484.01000000,79172.65000000,79484.01000000,128.59281000
1787831700000,2026-08-27T11:55:00.000Z,79484.01000000,79500.00000000,79472.70000000,79477.67000000,35.07732000
1787832000000,2026-08-27T12:00:00.000Z,79477.66000000,79523.04000000,79436.00000000,79438.01000000,72.00488000
1787832300000,2026-08-27T12:05:00.000Z,79438.01000000,79460.00000000,79378.00000000,79444.00000000,59.54242000
1787832600000,2026-08-27T12:10:00.000Z,79444.00000000,79555.98000000,79444.00000000,79498.01000000,43.52471000
1787832900000,2026-08-27T12:15:00.000Z,79498.01000000,79548.60000000,79394.00000000,79399.36000000,32.55384000
1787833200000,2026-08-27T12:20:00.000Z,79399.35000000,79530.04000000,79399.35000000,79530.00000000,25.61764000
1787833500000,2026-08-27T12:25:00.000Z,79530.00000000,79596.00000000,79530.00000000,79551.00000000,26.31751000
1787833800000,2026-08-27T12:30:00.000Z,79551.00000000,79551.00000000,79406.47000000,79414.44000000,46.20201000
1787834100000,2026-08-27T12:35:00.000Z,79414.44000000,79414.44000000,79268.77000000,79357.73000000,53.76430000
1787834400000,2026-08-27T12:40:00.000Z,79357.73000000,79393.76000000,79268.77000000,79273.63000000,40.46115000
1787834700000,2026-08-27T12:45:00.000Z,79273.62000000,79322.00000000,79273.20000000,79312.61000000,39.70676000
1787835000000,2026-08-27T12:50:00.000Z,79312.62000000,79355.92000000,79268.77000000,79288.80000000,22.76361000
1787835300000,2026-08-27T12:55:00.000Z,79288.80000000,79316.00000000,79266.00000000,79282.31000000,43.50635000
1787835600000,2026-08-27T13:00:00.000Z,79282.31000000,79325.00000000,79281.92000000,79281.93000000,44.75340000
1787835900000,2026-08-27T13:05:00.000Z,79281.92000000,79377.99000000,79269.52000000,79283.93000000,57.82074000
1787836200000,2026-08-27T13:10:00.000Z,79283.93000000,79377.99000000,79280.00000000,79362.46000000,48.65029000
1787836500000,2026-08-27T13:15:00.000Z,79362.50000000,79422.72000000,79300.14000000,79324.00000000,71.31106000
1787836800000,2026-08-27T13:20:00.000Z,79324.01000000,79429.99000000,79320.00000000,79411.34000000,42.75392000
1787837100000,2026-08-27T13:25:00.000Z,79411.33000000,79486.00000000,79352.01000000,79352.62000000,74.55234000
1787837400000,2026-08-27T13:30:00.000Z,79352.63000000,79364.00000000,79090.27000000,79156.01000000,139.15461000
1787837700000,2026-08-27T13:35:00.000Z,79156.00000000,79270.00000000,79138.08000000,79268.00000000,111.91093000
1787838000000,2026-08-27T13:40:00.000Z,79268.00000000,79328.00000000,79140.45000000,79236.23000000,144.36408000
1787838300000,2026-08-27T13:45:00.000Z,79236.24000000,79350.50000000,78920.00000000,79047.27000000,229.04281000
1787838600000,2026-08-27T13:50:00.000Z,79047.28000000,79328.11000000,79047.28000000,79300.15000000,66.68099000
1787838900000,2026-08-27T13:55:00.000Z,79300.14000000,79568.00000000,79300.14000000,79533.15000000,112.32671000
1787839200000,2026-08-27T14:00:00.000Z,79533.16000000,79733.99000000,79425.22000000,79696.43000000,126.44022000
1787839500000,2026-08-27T14:05:00.000Z,79696.02000000,79799.99000000,79475.00000000,79499.28000000,141.63831000
1787839800000,2026-08-27T14:10:00.000Z,79499.27000000,79499.27000000,79354.47000000,79457.22000000,96.32206000
1787840100000,2026-08-27T14:15:00.000Z,79457.23000000,79713.99000000,79395.29000000,79708.99000000,66.38086000
1787840400000,2026-08-27T14:20:00.000Z,79709.00000000,79910.00000000,79680.00000000,79808.00000000,121.74657000
1787840700000,2026-08-27T14:25:00.000Z,79807.99000000,79911.45000000,79776.00000000,79911.45000000,95.08465000
1787841000000,2026-08-27T14:30:00.000Z,79911.45000000,79961.66000000,79804.00000000,79959.93000000,159.94691000
1787841300000,2026-08-27T14:35:00.000Z,79959.93000000,80266.00000000,79959.92000000,80199.99000000,185.75575000
1787841600000,2026-08-27T14:40:00.000Z,80199.99000000,80388.00000000,80139.86000000,80365.08000000,115.16315000
1787841900000,2026-08-27T14:45:00.000Z,80365.09000000,80365.09000000,80004.47000000,80099.75000000,149.57378000
1787842200000,2026-08-27T14:50:00.000Z,80099.75000000,80199.92000000,80059.52000000,80059.52000000,97.01326000
1787842500000,2026-08-27T14:55:00.000Z,80059.52000000,80257.22000000,80018.00000000,80204.05000000,109.12628000
1787842800000,2026-08-27T15:00:00.000Z,80204.06000000,80320.00000000,80094.00000000,80205.99000000,89.93026000
1787843100000,2026-08-27T15:05:00.000Z,80205.98000000,80380.96000000,80146.16000000,80316.00000000,100.42121000
1787843400000,2026-08-27T15:10:00.000Z,80316.00000000,80799.91000000,80282.12000000,80677.08000000,343.83735000
1787843700000,2026-08-27T15:15:00.000Z,80677.09000000,80729.99000000,80458.00000000,80633.59000000,125.59580000
1787844000000,2026-08-27T15:20:00.000Z,80633.59000000,80633.59000000,80397.23000000,80564.22000000,145.44403000
1787844300000,2026-08-27T15:25:00.000Z,80564.23000000,80689.29000000,80506.00000000,80600.00000000,93.94021000
1787844600000,2026-08-27T15:30:00.000Z,80600.00000000,80608.00000000,80375.45000000,80427.99000000,86.00060000
1787844900000,2026-08-27T15:35:00.000Z,80427.98000000,80508.00000000,80391.97000000,80437.92000000,106.03682000
1787845200000,2026-08-27T15:40:00.000Z,80437.93000000,80602.00000000,80342.10000000,80491.78000000,114.50865000
1787845500000,2026-08-27T15:45:00.000Z,80491.78000000,80508.09000000,80307.12000000,80337.99000000,67.43020000
1787845800000,2026-08-27T15:50:00.000Z,80338.00000000,80400.00000000,80299.14000000,80391.34000000,74.67540000
1787846100000,2026-08-27T15:55:00.000Z,80391.34000000,80418.22000000,80302.32000000,80302.32000000,67.52911000
1787846400000,2026-08-27T16:00:00.000Z,80302.32000000,80436.01000000,80295.26000000,80411.01000000,61.45745000
1787846700000,2026-08-27T16:05:00.000Z,80411.00000000,80476.00000000,80189.39000000,80215.99000000,105.37849000
1787847000000,2026-08-27T16:10:00.000Z,80215.99000000,80536.00000000,80215.99000000,80408.00000000,102.33430000
1787847300000,2026-08-27T16:15:00.000Z,80408.00000000,80519.44000000,80392.00000000,80462.00000000,73.67049000
1787847600000,2026-08-27T16:20:00.000Z,80462.00000000,80519.59000000,80445.92000000,80484.01000000,76.58057000
1787847900000,2026-08-27T16:25:00.000Z,80484.01000000,80533.99000000,80392.00000000,80412.00000000,86.03963000
1787848200000,2026-08-27T16:30:00.000Z,80412.00000000,80412.00000000,80320.00000000,80328.86000000,63.52025000
1787848500000,2026-08-27T16:35:00.000Z,80328.85000000,80389.65000000,80268.00000000,80389.64000000,57.19929000
1787848800000,2026-08-27T16:40:00.000Z,80389.64000000,80624.00000000,80389.64000000,80572.00000000,133.86690000
1787849100000,2026-08-27T16:45:00.000Z,80572.01000000,80603.36000000,80404.00000000,80445.52000000,59.13620000
1787849400000,2026-08-27T16:50:00.000Z,80445.51000000,80526.00000000,80416.00000000,80450.00000000,59.02511000
1787849700000,2026-08-27T16:55:00.000Z,80450.00000000,80452.00000000,80350.00000000,80374.00000000,79.77190000
1787850000000,2026-08-27T17:00:00.000Z,80374.00000000,80404.00000000,80230.00000000,80335.99000000,74.47629000
1787850300000,2026-08-27T17:05:00.000Z,80336.00000000,80526.00000000,80306.11000000,80514.00000000,74.36141000
1787850600000,2026-08-27T17:10:00.000Z,80514.01000000,80662.00000000,80500.72000000,80623.72000000,78.53040000
1787850900000,2026-08-27T17:15:00.000Z,80623.71000000,80848.74000000,80593.58000000,80801.86000000,163.00874000
1787851200000,2026-08-27T17:20:00.000Z,80801.86000000,80813.99000000,80674.00000000,80789.31000000,85.71173000
1787851500000,2026-08-27T17:25:00.000Z,80789.32000000,80802.83000000,80678.00000000,80713.59000000,61.31440000
1787851800000,2026-08-27T17:30:00.000Z,80713.59000000,80806.76000000,80694.85000000,80696.00000000,190.30141000
1787852100000,2026-08-27T17:35:00.000Z,80696.00000000,80710.00000000,80600.00000000,80679.99000000,90.39051000
1787852400000,2026-08-27T17:40:00.000Z,80679.99000000,80704.00000000,80462.00000000,80484.00000000,54.97410000
1787852700000,2026-08-27T17:45:00.000Z,80484.00000000,80518.00000000,80432.00000000,80512.00000000,41.22362000
1787853000000,2026-08-27T17:50:00.000Z,80512.00000000,80566.39000000,80465.01000000,80502.00000000,28.21873000
1787853300000,2026-08-27T17:55:00.000Z,80502.00000000,80528.00000000,80432.45000000,80442.46000000,31.24941000
1787853600000,2026-08-27T18:00:00.000Z,80442.47000000,80442.47000000,80325.88000000,80373.83000000,62.36011000
1787853900000,2026-08-27T18:05:00.000Z,80373.84000000,80416.00000000,80346.00000000,80379.54000000,25.48915000
1787854200000,2026-08-27T18:10:00.000Z,80379.54000000,80379.55000000,79982.38000000,80076.76000000,134.18591000
1787854500000,2026-08-27T18:15:00.000Z,80076.76000000,80194.00000000,79860.35000000,79895.00000000,117.91033000
1787854800000,2026-08-27T18:20:00.000Z,79895.00000000,79990.00000000,79749.70000000,79931.99000000,77.70821000
1787855100000,2026-08-27T18:25:00.000Z,79932.00000000,79982.79000000,79864.00000000,79912.00000000,39.28786000
1787855400000,2026-08-27T18:30:00.000Z,79911.99000000,79952.00000000,79826.90000000,79867.49000000,38.42607000
1787855700000,2026-08-27T18:35:00.000Z,79867.50000000,80000.00000000,79849.53000000,80000.00000000,32.73694000
1787856000000,2026-08-27T18:40:00.000Z,80000.00000000,80014.81000000,79867.86000000,79964.07000000,41.28862000
1787856300000,2026-08-27T18:45:00.000Z,79964.06000000,80032.00000000,79921.31000000,79978.47000000,25.27586000
1787856600000,2026-08-27T18:50:00.000Z,79978.47000000,80026.00000000,79910.00000000,80015.23000000,24.41116000
1787856900000,2026-08-27T18:55:00.000Z,80015.23000000,80159.11000000,79996.00000000,80150.69000000,43.74522000
1787857200000,2026-08-27T19:00:00.000Z,80150.69000000,80222.51000000,80115.45000000,80207.26000000,32.73647000
1787857500000,2026-08-27T19:05:00.000Z,80207.25000000,80294.11000000,80207.25000000,80226.01000000,35.57827000
1787857800000,2026-08-27T19:10:00.000Z,80226.01000000,80245.33000000,80139.71000000,80163.26000000,27.36340000
1787858100000,2026-08-27T19:15:00.000Z,80163.26000000,80232.00000000,80100.00000000,80149.04000000,27.94184000
1787858400000,2026-08-27T19:20:00.000Z,80149.04000000,80198.67000000,80098.00000000,80114.87000000,36.18028000
1787858700000,2026-08-27T19:25:00.000Z,80114.88000000,80177.04000000,80042.41000000,80177.03000000,39.74279000
1787859000000,2026-08-27T19:30:00.000Z,80177.04000000,80226.00000000,80118.87000000,80125.01000000,62.26498000
1787859300000,2026-08-27T19:35:00.000Z,80125.02000000,80125.02000000,79992.88000000,80009.78000000,70.56388000
1787859600000,2026-08-27T19:40:00.000Z,80009.78000000,80014.00000000,79980.00000000,80007.60000000,16.97632000
1787859900000,2026-08-27T19:45:00.000Z,80007.61000000,80045.99000000,79987.51000000,79995.00000000,23.11745000
1787860200000,2026-08-27T19:50:00.000Z,79994.99000000,80051.40000000,79961.16000000,80051.40000000,62.48344000
1787860500000,2026-08-27T19:55:00.000Z,80051.39000000,80051.40000000,79886.00000000,79910.19000000,79.65940000
1787860800000,2026-08-27T20:00:00.000Z,79910.19000000,79935.49000000,79882.86000000,79906.26000000,31.57224000
1787861100000,2026-08-27T20:05:00.000Z,79906.25000000,80051.68000000,79896.87000000,80023.97000000,52.14442000
1787861400000,2026-08-27T20:10:00.000Z,80023.97000000,80023.97000000,79957.20000000,79957.20000000,16.18026000
1787861700000,2026-08-27T20:15:00.000Z,79957.21000000,80011.40000000,79952.01000000,80011.39000000,17.65132000
1787862000000,2026-08-27T20:20:00.000Z,80011.39000000,80120.00000000,80011.39000000,80043.99000000,26.63982000
1787862300000,2026-08-27T20:25:00.000Z,80043.99000000,80046.00000000,79986.07000000,79988.02000000,31.01436000
1787862600000,2026-08-27T20:30:00.000Z,79988.03000000,80005.94000000,79978.00000000,79995.42000000,16.22883000
1787862900000,2026-08-27T20:35:00.000Z,79995.43000000,80008.02000000,79986.00000000,79997.41000000,6.67435000
1787863200000,2026-08-27T20:40:00.000Z,79997.40000000,80051.75000000,79997.40000000,80020.02000000,11.15898000
1787863500000,2026-08-27T20:45:00.000Z,80020.01000000,80049.38000000,79966.05000000,79990.00000000,29.82481000
1787863800000,2026-08-27T20:50:00.000Z,79989.99000000,80018.00000000,79974.68000000,79991.33000000,20.14705000
1787864100000,2026-08-27T20:55:00.000Z,79991.34000000,80096.00000000,79989.20000000,80096.00000000,23.63609000
1787864400000,2026-08-27T21:00:00.000Z,80096.00000000,80113.98000000,80018.00000000,80074.95000000,34.89077000
1787864700000,2026-08-27T21:05:00.000Z,80074.95000000,80117.81000000,80035.17000000,80073.99000000,36.31951000
1787865000000,2026-08-27T21:10:00.000Z,80074.00000000,80155.99000000,80073.99000000,80097.55000000,34.52511000
1787865300000,2026-08-27T21:15:00.000Z,80097.55000000,80129.90000000,80010.00000000,80014.00000000,22.24210000
1787865600000,2026-08-27T21:20:00.000Z,80014.01000000,80120.00000000,79992.00000000,80072.61000000,30.10012000
1787865900000,2026-08-27T21:25:00.000Z,80072.60000000,80089.60000000,80034.18000000,80034.19000000,6.76129000
1787866200000,2026-08-27T21:30:00.000Z,80034.19000000,80126.00000000,80034.18000000,80096.32000000,24.60425000
1787866500000,2026-08-27T21:35:00.000Z,80096.32000000,80102.43000000,80051.04000000,80059.44000000,8.92323000
1787866800000,2026-08-27T21:40:00.000Z,80059.45000000,80062.59000000,79975.74000000,80023.99000000,29.38385000
1787867100000,2026-08-27T21:45:00.000Z,80024.00000000,80100.00000000,80008.01000000,80099.99000000,22.11141000
1787867400000,2026-08-27T21:50:00.000Z,80100.00000000,80129.61000000,80072.12000000,80112.94000000,14.39719000
1787867700000,2026-08-27T21:55:00.000Z,80112.94000000,80184.00000000,80112.94000000,80184.00000000,14.15659000
1787868000000,2026-08-27T22:00:00.000Z,80184.00000000,80315.56000000,80183.99000000,80268.05000000,26.95769000
1787868300000,2026-08-27T22:05:00.000Z,80268.06000000,80321.04000000,80232.00000000,80232.00000000,27.78628000
1787868600000,2026-08-27T22:10:00.000Z,80232.01000000,80282.00000000,80212.00000000,80250.10000000,20.44135000
1787868900000,2026-08-27T22:15:00.000Z,80250.11000000,80432.36000000,80250.10000000,80380.01000000,51.37108000
1787869200000,2026-08-27T22:20:00.000Z,80380.01000000,80426.00000000,80328.00000000,80328.00000000,25.98263000
1787869500000,2026-08-27T22:25:00.000Z,80328.00000000,80332.00000000,80204.33000000,80238.71000000,194.80838000
1787869800000,2026-08-27T22:30:00.000Z,80238.71000000,80288.00000000,80192.00000000,80282.56000000,19.92829000
1787870100000,2026-08-27T22:35:00.000Z,80282.57000000,80282.57000000,80150.00000000,80265.49000000,46.98230000
1787870400000,2026-08-27T22:40:00.000Z,80265.49000000,80289.61000000,80188.41000000,80284.04000000,35.49566000
1787870700000,2026-08-27T22:45:00.000Z,80284.03000000,80284.03000000,80218.00000000,80236.59000000,15.04814000
1787871000000,2026-08-27T22:50:00.000Z,80236.59000000,80274.00000000,80230.79000000,80237.25000000,17.81225000
1787871300000,2026-08-27T22:55:00.000Z,80237.24000000,80303.22000000,80237.24000000,80303.21000000,51.62668000
1787871600000,2026-08-27T23:00:00.000Z,80303.21000000,80312.86000000,80228.22000000,80228.23000000,74.41986000
1787871900000,2026-08-27T23:05:00.000Z,80228.22000000,80269.99000000,80210.04000000,80210.04000000,26.27173000
1787872200000,2026-08-27T23:10:00.000Z,80210.05000000,80267.99000000,80150.00000000,80167.03000000,24.59062000
1787872500000,2026-08-27T23:15:00.000Z,80167.02000000,80321.11000000,80134.00000000,80284.27000000,24.62574000
1787872800000,2026-08-27T23:20:00.000Z,80284.28000000,80393.60000000,80284.27000000,80366.00000000,24.39334000
1787873100000,2026-08-27T23:25:00.000Z,80366.01000000,80366.01000000,80293.10000000,80321.96000000,20.10267000
1787873400000,2026-08-27T23:30:00.000Z,80321.95000000,80327.04000000,80274.88000000,80279.96000000,19.30014000
1787873700000,2026-08-27T23:35:00.000Z,80279.95000000,80295.34000000,80262.65000000,80291.48000000,14.59610000
1787874000000,2026-08-27T23:40:00.000Z,80291.48000000,80300.00000000,80248.00000000,80262.06000000,22.05072000
1787874300000,2026-08-27T23:45:00.000Z,80262.06000000,80270.00000000,80192.08000000,80245.19000000,21.14185000
1787874600000,2026-08-27T23:50:00.000Z,80245.20000000,80315.25000000,80245.19000000,80287.53000000,20.63823000
1787874900000,2026-08-27T23:55:00.000Z,80287.53000000,80287.54000000,80235.18000000,80249.58000000,37.69431000
1787875200000,2026-08-28T00:00:00.000Z,80249.59000000,80270.00000000,80158.19000000,80158.20000000,38.01987000
1787875500000,2026-08-28T00:05:00.000Z,80158.20000000,80201.75000000,80153.99000000,80175.19000000,30.72344000
1787875800000,2026-08-28T00:10:00.000Z,80175.20000000,80256.86000000,80168.06000000,80216.59000000,48.69176000
1787876100000,2026-08-28T00:15:00.000Z,80216.59000000,80413.37000000,80216.58000000,80379.87000000,75.55256000
1787876400000,2026-08-28T00:20:00.000Z,80379.86000000,80453.99000000,80341.60000000,80396.34000000,39.38246000
1787876700000,2026-08-28T00:25:00.000Z,80396.33000000,80460.52000000,80342.47000000,80421.58000000,37.32202000
1787877000000,2026-08-28T00:30:00.000Z,80421.58000000,80496.13000000,80358.61000000,80434.99000000,53.90859000
1787877300000,2026-08-28T00:35:00.000Z,80435.00000000,80500.00000000,80408.76000000,80500.00000000,22.30780000
1787877600000,2026-08-28T00:40:00.000Z,80499.99000000,80500.00000000,80386.00000000,80418.23000000,22.62737000
1787877900000,2026-08-28T00:45:00.000Z,80418.22000000,80440.77000000,80349.10000000,80408.33000000,24.39090000
1787878200000,2026-08-28T00:50:00.000Z,80408.34000000,80485.80000000,80365.91000000,80452.73000000,28.80195000
1787878500000,2026-08-28T00:55:00.000Z,80452.73000000,80705.37000000,80442.38000000,80576.00000000,94.86824000
1787878800000,2026-08-28T01:00:00.000Z,80575.99000000,80815.26000000,80575.99000000,80786.01000000,81.98072000
1787879100000,2026-08-28T01:05:00.000Z,80786.00000000,80806.22000000,80691.18000000,80793.68000000,37.60189000
1787879400000,2026-08-28T01:10:00.000Z,80793.69000000,80876.04000000,80734.04000000,80754.45000000,68.92393000
1787879700000,2026-08-28T01:15:00.000Z,80754.45000000,81060.40000000,80692.00000000,80984.47000000,206.84044000
1787880000000,2026-08-28T01:20:00.000Z,80984.48000000,81115.00000000,80974.30000000,81046.00000000,136.95733000
1787880300000,2026-08-28T01:25:00.000Z,81046.01000000,81175.94000000,81002.32000000,81130.98000000,135.74702000
1787880600000,2026-08-28T01:30:00.000Z,81130.97000000,81478.87000000,81058.43000000,81149.99000000,345.97505000
1787880900000,2026-08-28T01:35:00.000Z,81150.00000000,81185.83000000,80810.81000000,80919.99000000,152.12662000
1787881200000,2026-08-28T01:40:00.000Z,80920.00000000,80968.36000000,80844.03000000,80844.03000000,78.22812000
1787881500000,2026-08-28T01:45:00.000Z,80844.03000000,80884.00000000,80678.84000000,80706.11000000,62.68040000
1787881800000,2026-08-28T01:50:00.000Z,80706.10000000,80759.44000000,80513.54000000,80618.99000000,93.91145000
1787882100000,2026-08-28T01:55:00.000Z,80618.99000000,80648.27000000,80434.15000000,80500.38000000,62.07792000
1787882400000,2026-08-28T02:00:00.000Z,80500.38000000,80500.38000000,80307.48000000,80428.45000000,111.25817000
1787882700000,2026-08-28T02:05:00.000Z,80428.91000000,80464.90000000,80365.42000000,80424.00000000,49.06966000
1787883000000,2026-08-28T02:10:00.000Z,80424.00000000,80476.00000000,80229.04000000,80235.83000000,80.84258000
1787883300000,2026-08-28T02:15:00.000Z,80235.83000000,80293.92000000,80029.91000000,80116.92000000,195.86556000
1787883600000,2026-08-28T02:20:00.000Z,80116.92000000,80154.00000000,79950.00000000,80069.99000000,160.57985000
1787883900000,2026-08-28T02:25:00.000Z,80069.99000000,80120.00000000,79917.88000000,79917.89000000,109.80487000
1787884200000,2026-08-28T02:30:00.000Z,79917.88000000,80052.18000000,79822.40000000,80052.18000000,130.42010000
1787884500000,2026-08-28T02:35:00.000Z,80052.18000000,80153.48000000,80042.76000000,80082.33000000,64.44336000
1787884800000,2026-08-28T02:40:00.000Z,80082.32000000,80116.90000000,79970.59000000,80037.99000000,58.29007000
1787885100000,2026-08-28T02:45:00.000Z,80038.00000000,80038.00000000,79801.42000000,79913.60000000,72.98419000
1787885400000,2026-08-28T02:50:00.000Z,79913.60000000,79927.72000000,79723.02000000,79920.90000000,105.83054000
1787885700000,2026-08-28T02:55:00.000Z,79920.90000000,79974.00000000,79860.00000000,79926.11000000,50.81614000
1787886000000,2026-08-28T03:00:00.000Z,79926.11000000,79932.01000000,79828.00000000,79888.00000000,25.99712000
1787886300000,2026-08-28T03:05:00.000Z,79887.99000000,79974.00000000,79802.01000000,79813.79000000,46.50550000
1787886600000,2026-08-28T03:10:00.000Z,79813.80000000,79969.99000000,79775.61000000,79876.00000000,43.97732000
1787886900000,2026-08-28T03:15:00.000Z,79876.00000000,80010.00000000,79874.00000000,80009.99000000,43.80973000
1787887200000,2026-08-28T03:20:00.000Z,80009.99000000,80049.66000000,79981.16000000,80049.66000000,35.05943000
1787887500000,2026-08-28T03:25:00.000Z,80049.66000000,80060.01000000,79905.29000000,79910.00000000,94.04185000
1787887800000,2026-08-28T03:30:00.000Z,79910.01000000,79991.32000000,79900.00000000,79925.00000000,28.84714000
1787888100000,2026-08-28T03:35:00.000Z,79924.99000000,79934.00000000,79836.00000000,79866.00000000,74.90650000
1787888400000,2026-08-28T03:40:00.000Z,79866.00000000,79888.72000000,79812.00000000,79814.57000000,26.73778000
1787888700000,2026-08-28T03:45:00.000Z,79814.56000000,79851.98000000,79778.66000000,79826.07000000,52.06005000
1787889000000,2026-08-28T03:50:00.000Z,79826.08000000,79863.04000000,79786.00000000,79844.69000000,37.50675000
1787889300000,2026-08-28T03:55:00.000Z,79844.69000000,79844.69000000,79790.12000000,79810.49000000,21.24536000
1787889600000,2026-08-28T04:00:00.000Z,79810.48000000,79844.69000000,79775.06000000,79775.07000000,31.89591000
1787889900000,2026-08-28T04:05:00.000Z,79775.06000000,79815.00000000,79606.00000000,79639.30000000,113.92464000
1787890200000,2026-08-28T04:10:00.000Z,79639.30000000,79844.69000000,79603.81000000,79844.69000000,78.72937000
1787890500000,2026-08-28T04:15:00.000Z,79844.68000000,79970.50000000,79844.68000000,79903.26000000,134.53085000
1787890800000,2026-08-28T04:20:00.000Z,79903.25000000,79942.00000000,79839.50000000,79845.48000000,29.27034000
1787891100000,2026-08-28T04:25:00.000Z,79845.49000000,79855.11000000,79816.00000000,79816.01000000,8.98922000
1787891400000,2026-08-28T04:30:00.000Z,79816.00000000,79840.00000000,79694.01000000,79725.13000000,30.55252000
1787891700000,2026-08-28T04:35:00.000Z,79725.13000000,79734.90000000,79630.05000000,79636.52000000,30.73528000
1787892000000,2026-08-28T04:40:00.000Z,79636.53000000,79739.60000000,79636.53000000,79705.26000000,14.55944000
1787892300000,2026-08-28T04:45:00.000Z,79705.26000000,79744.75000000,79625.25000000,79630.00000000,38.83969000
1787892600000,2026-08-28T04:50:00.000Z,79630.00000000,79702.00000000,79617.74000000,79658.06000000,31.42863000
1787892900000,2026-08-28T04:55:00.000Z,79658.05000000,79675.66000000,79624.88000000,79643.81000000,19.41203000
1787893200000,2026-08-28T05:00:00.000Z,79643.80000000,79720.87000000,79558.11000000,79710.04000000,74.69827000
1787893500000,2026-08-28T05:05:00.000Z,79710.03000000,79710.03000000,79561.99000000,79570.00000000,28.48648000
1787893800000,2026-08-28T05:10:00.000Z,79570.00000000,79634.00000000,79564.54000000,79634.00000000,23.67103000
1787894100000,2026-08-28T05:15:00.000Z,79634.00000000,79681.09000000,79630.00000000,79630.00000000,13.90614000
1787894400000,2026-08-28T05:20:00.000Z,79630.01000000,79636.90000000,79574.38000000,79636.89000000,17.70023000
1787894700000,2026-08-28T05:25:00.000Z,79636.90000000,79731.50000000,79634.00000000,79731.50000000,29.68251000
1787895000000,2026-08-28T05:30:00.000Z,79731.49000000,79814.00000000,79703.83000000,79808.00000000,29.00508000
1787895300000,2026-08-28T05:35:00.000Z,79807.99000000,79861.46000000,79807.99000000,79810.12000000,14.46910000
1787895600000,2026-08-28T05:40:00.000Z,79810.11000000,79814.00000000,79786.86000000,79806.23000000,11.49839000
1787895900000,2026-08-28T05:45:00.000Z,79806.23000000,79872.60000000,79796.15000000,79861.99000000,21.77156000
1787896200000,2026-08-28T05:50:00.000Z,79862.00000000,79869.57000000,79800.66000000,79800.66000000,21.22753000
1787896500000,2026-08-28T05:55:00.000Z,79800.66000000,79800.67000000,79647.64000000,79686.00000000,40.46472000
1787896800000,2026-08-28T06:00:00.000Z,79686.00000000,79842.47000000,79685.99000000,79836.14000000,22.08587000
1787897100000,2026-08-28T06:05:00.000Z,79836.15000000,79903.25000000,79818.08000000,79885.12000000,54.80423000
1787897400000,2026-08-28T06:10:00.000Z,79885.13000000,79903.26000000,79862.02000000,79903.26000000,34.04038000
1787897700000,2026-08-28T06:15:00.000Z,79903.26000000,79903.26000000,79853.38000000,79861.85000000,29.23415000
1787898000000,2026-08-28T06:20:00.000Z,79861.86000000,79871.09000000,79800.45000000,79844.78000000,32.74608000
1787898300000,2026-08-28T06:25:00.000Z,79844.79000000,79844.79000000,79824.58000000,79827.15000000,17.89891000
1787898600000,2026-08-28T06:30:00.000Z,79827.14000000,79870.00000000,79800.00000000,79833.74000000,19.43081000
1787898900000,2026-08-28T06:35:00.000Z,79833.73000000,79874.00000000,79822.30000000,79859.37000000,19.75724000
1787899200000,2026-08-28T06:40:00.000Z,79859.37000000,79872.00000000,79800.00000000,79861.98000000,27.10355000
1787899500000,2026-08-28T06:45:00.000Z,79861.99000000,79960.00000000,79861.98000000,79960.00000000,18.98478000
1787899800000,2026-08-28T06:50:00.000Z,79960.00000000,79999.00000000,79957.03000000,79957.04000000,28.05585000
1787900100000,2026-08-28T06:55:00.000Z,79957.04000000,79965.95000000,79904.10000000,79904.21000000,54.99045000
1787900400000,2026-08-28T07:00:00.000Z,79904.21000000,79904.21000000,79770.25000000,79770.26000000,75.15810000
1787900700000,2026-08-28T07:05:00.000Z,79770.25000000,79773.02000000,79662.13000000,79690.19000000,22.14587000
1787901000000,2026-08-28T07:10:00.000Z,79690.18000000,79736.97000000,79687.61000000,79687.62000000,12.32580000
1787901300000,2026-08-28T07:15:00.000Z,79687.62000000,79758.00000000,79687.61000000,79720.87000000,13.17896000
1787901600000,2026-08-28T07:20:00.000Z,79720.87000000,79720.87000000,79678.00000000,79705.38000000,26.30347000
1787901900000,2026-08-28T07:25:00.000Z,79705.37000000,79813.74000000,79705.37000000,79805.27000000,27.95415000
1787902200000,2026-08-28T07:30:00.000Z,79805.27000000,79805.28000000,79717.52000000,79719.96000000,121.02760000
1787902500000,2026-08-28T07:35:00.000Z,79719.96000000,79728.63000000,79662.74000000,79677.35000000,125.38153000
1787902800000,2026-08-28T07:40:00.000Z,79677.35000000,79680.00000000,79573.36000000,79578.15000000,150.66333000
1787903100000,2026-08-28T07:45:00.000Z,79578.15000000,79667.94000000,79575.27000000,79667.92000000,167.16463000
1787903400000,2026-08-28T07:50:00.000Z,79667.92000000,79667.93000000,79618.35000000,79618.36000000,147.05018000
1787903700000,2026-08-28T07:55:00.000Z,79618.36000000,79675.61000000,79593.38000000,79660.00000000,129.75280000
1787904000000,2026-08-28T08:00:00.000Z,79660.00000000,79826.88000000,79659.99000000,79768.01000000,63.14346000
1787904300000,2026-08-28T08:05:00.000Z,79768.00000000,79815.15000000,79712.14000000,79815.15000000,24.36454000
1787904600000,2026-08-28T08:10:00.000Z,79815.15000000,79840.00000000,79738.51000000,79738.52000000,26.14415000
1787904900000,2026-08-28T08:15:00.000Z,79738.51000000,79834.00000000,79738.51000000,79834.00000000,17.35037000
1787905200000,2026-08-28T08:20:00.000Z,79833.99000000,79835.81000000,79789.52000000,79789.52000000,19.66019000
1787905500000,2026-08-28T08:25:00.000Z,79789.53000000,79812.00000000,79788.72000000,79788.72000000,37.53624000
1787905800000,2026-08-28T08:30:00.000Z,79788.73000000,79815.72000000,79775.07000000,79800.22000000,114.83901000
1787906100000,2026-08-28T08:35:00.000Z,79800.23000000,79809.56000000,79744.00000000,79750.83000000,31.44116000
1787906400000,2026-08-28T08:40:00.000Z,79750.84000000,79819.45000000,79716.48000000,79716.48000000,29.87662000
1787906700000,2026-08-28T08:45:00.000Z,79716.48000000,79724.53000000,79500.00000000,79508.02000000,91.10554000
1787907000000,2026-08-28T08:50:00.000Z,79508.02000000,79599.27000000,79480.00000000,79595.00000000,55.47443000
1787907300000,2026-08-28T08:55:00.000Z,79594.99000000,79595.00000000,79488.44000000,79516.78000000,15.27225000
1787907600000,2026-08-28T09:00:00.000Z,79516.77000000,79516.78000000,79288.63000000,79301.80000000,101.01067000
1787907900000,2026-08-28T09:05:00.000Z,79301.81000000,79477.67000000,79259.43000000,79410.00000000,96.84371000
1787908200000,2026-08-28T09:10:00.000Z,79409.43000000,79468.00000000,79380.00000000,79382.86000000,21.38022000
1787908500000,2026-08-28T09:15:00.000Z,79382.86000000,79436.00000000,79382.86000000,79432.17000000,63.78055000
1787908800000,2026-08-28T09:20:00.000Z,79432.16000000,79445.45000000,79393.25000000,79445.44000000,18.67698000
1787909100000,2026-08-28T09:25:00.000Z,79445.44000000,79460.41000000,79377.33000000,79377.34000000,13.36785000
1787909400000,2026-08-28T09:30:00.000Z,79377.34000000,79412.81000000,79348.09000000,79392.00000000,60.82013000
1787909700000,2026-08-28T09:35:00.000Z,79391.99000000,79396.01000000,79356.75000000,79396.00000000,10.82427000
1787910000000,2026-08-28T09:40:00.000Z,79396.01000000,79445.00000000,79276.00000000,79277.82000000,61.59936000
1787910300000,2026-08-28T09:45:00.000Z,79277.81000000,79350.00000000,79273.78000000,79273.79000000,30.45029000
1787910600000,2026-08-28T09:50:00.000Z,79273.78000000,79348.00000000,79273.78000000,79316.00000000,37.78612000
1787910900000,2026-08-28T09:55:00.000Z,79316.01000000,79316.01000000,79285.19000000,79285.19000000,25.20428000
1787911200000,2026-08-28T10:00:00.000Z,79285.19000000,79308.01000000,79172.40000000,79186.36000000,56.77959000
1787911500000,2026-08-28T10:05:00.000Z,79186.35000000,79216.56000000,79001.01000000,79035.28000000,142.80760000
1787911800000,2026-08-28T10:10:00.000Z,79035.28000000,79233.74000000,79035.28000000,79220.48000000,80.53882000
1787912100000,2026-08-28T10:15:00.000Z,79220.49000000,79227.38000000,79157.00000000,79202.39000000,33.88098000
1787912400000,2026-08-28T10:20:00.000Z,79202.39000000,79202.40000000,79152.00000000,79173.97000000,26.14345000
1787912700000,2026-08-28T10:25:00.000Z,79173.98000000,79308.39000000,79156.79000000,79303.65000000,36.74831000
1787913000000,2026-08-28T10:30:00.000Z,79303.65000000,79373.39000000,79300.98000000,79332.00000000,39.15663000
1787913300000,2026-08-28T10:35:00.000Z,79331.99000000,79354.55000000,79294.57000000,79354.55000000,11.83155000
1787913600000,2026-08-28T10:40:00.000Z,79354.55000000,79360.00000000,79328.75000000,79328.76000000,13.57451000
1787913900000,2026-08-28T10:45:00.000Z,79328.75000000,79403.30000000,79316.17000000,79391.36000000,24.09300000
1787914200000,2026-08-28T10:50:00.000Z,79391.37000000,79460.00000000,79352.00000000,79453.42000000,38.80991000
1787914500000,2026-08-28T10:55:00.000Z,79453.42000000,79571.99000000,79453.41000000,79565.89000000,44.40716000
1787914800000,2026-08-28T11:00:00.000Z,79565.90000000,79720.36000000,79555.22000000,79697.30000000,45.77887000
1787915100000,2026-08-28T11:05:00.000Z,79697.29000000,79697.30000000,79623.05000000,79662.00000000,39.41892000
1787915400000,2026-08-28T11:10:00.000Z,79662.00000000,79694.00000000,79636.83000000,79694.00000000,25.96558000
1787915700000,2026-08-28T11:15:00.000Z,79694.00000000,79740.44000000,79650.00000000,79739.21000000,44.08663000
1787916000000,2026-08-28T11:20:00.000Z,79739.21000000,79770.29000000,79697.62000000,79770.29000000,34.13255000
1787916300000,2026-08-28T11:25:00.000Z,79770.29000000,79770.29000000,79654.11000000,79668.83000000,42.15521000
1787916600000,2026-08-28T11:30:00.000Z,79668.83000000,79745.20000000,79663.43000000,79699.62000000,30.33762000
1787916900000,2026-08-28T11:35:00.000Z,79699.62000000,79699.63000000,79582.90000000,79590.09000000,62.87213000
1787917200000,2026-08-28T11:40:00.000Z,79590.09000000,79631.66000000,79590.00000000,79626.03000000,15.11153000
1787917500000,2026-08-28T11:45:00.000Z,79626.03000000,79644.88000000,79626.02000000,79632.35000000,8.54064000
1787917800000,2026-08-28T11:50:00.000Z,79632.35000000,79632.36000000,79560.12000000,79592.25000000,28.64786000
1787918100000,2026-08-28T11:55:00.000Z,79592.24000000,79608.24000000,79564.68000000,79604.13000000,17.03183000
1787918400000,2026-08-28T12:00:00.000Z,79604.12000000,79624.76000000,79568.79000000,79611.75000000,20.74529000
1787918700000,2026-08-28T12:05:00.000Z,79611.75000000,79672.77000000,79570.00000000,79581.10000000,27.68495000
1787919000000,2026-08-28T12:10:00.000Z,79581.10000000,79581.11000000,79512.34000000,79535.73000000,28.89814000
1787919300000,2026-08-28T12:15:00.000Z,79535.73000000,79727.36000000,79535.72000000,79600.01000000,35.39285000
1787919600000,2026-08-28T12:20:00.000Z,79600.00000000,79673.84000000,79570.49000000,79594.70000000,32.42169000
1787919900000,2026-08-28T12:25:00.000Z,79594.71000000,79609.06000000,79526.00000000,79526.00000000,31.31175000
1787920200000,2026-08-28T12:30:00.000Z,79526.00000000,79532.52000000,79454.00000000,79464.97000000,43.96095000
1787920500000,2026-08-28T12:35:00.000Z,79464.96000000,79472.00000000,79372.53000000,79383.16000000,41.02277000
1787920800000,2026-08-28T12:40:00.000Z,79383.15000000,79416.88000000,79306.11000000,79416.88000000,59.64332000
1787921100000,2026-08-28T12:45:00.000Z,79416.88000000,79440.00000000,79374.00000000,79399.58000000,37.24265000
1787921400000,2026-08-28T12:50:00.000Z,79399.59000000,79399.59000000,79356.07000000,79390.31000000,16.17501000
1787921700000,2026-08-28T12:55:00.000Z,79390.30000000,79426.95000000,79370.62000000,79421.05000000,25.55380000
1787922000000,2026-08-28T13:00:00.000Z,79421.04000000,79477.67000000,79390.11000000,79455.69000000,28.02733000
1787922300000,2026-08-28T13:05:00.000Z,79455.69000000,79473.08000000,79288.00000000,79309.65000000,35.24945000
1787922600000,2026-08-28T13:10:00.000Z,79309.64000000,79371.29000000,79309.64000000,79371.28000000,18.93440000
1787922900000,2026-08-28T13:15:00.000Z,79371.28000000,79375.24000000,79295.27000000,79360.44000000,15.58489000
1787923200000,2026-08-28T13:20:00.000Z,79360.43000000,79360.44000000,79273.42000000,79273.42000000,17.70370000
1787923500000,2026-08-28T13:25:00.000Z,79273.42000000,79308.01000000,79070.00000000,79199.22000000,110.68633000
1787923800000,2026-08-28T13:30:00.000Z,79199.21000000,79324.00000000,79184.00000000,79314.98000000,67.33673000
1787924100000,2026-08-28T13:35:00.000Z,79314.97000000,79356.08000000,79157.16000000,79164.00000000,50.53401000
1787924400000,2026-08-28T13:40:00.000Z,79164.01000000,79164.01000000,79034.56000000,79088.00000000,81.51620000
1787924700000,2026-08-28T13:45:00.000Z,79087.99000000,79322.00000000,79072.56000000,79196.36000000,83.03406000
1787925000000,2026-08-28T13:50:00.000Z,79196.35000000,79446.00000000,79174.50000000,79419.41000000,101.11110000
1787925300000,2026-08-28T13:55:00.000Z,79419.41000000,79635.01000000,79330.75000000,79330.75000000,233.50650000
1787925600000,2026-08-28T14:00:00.000Z,79330.34000000,79706.64000000,78777.77000000,78805.80000000,626.10408000
1787925900000,2026-08-28T14:05:00.000Z,78805.79000000,78991.28000000,78622.20000000,78839.55000000,408.24552000
1787926200000,2026-08-28T14:10:00.000Z,78839.56000000,78890.00000000,78423.03000000,78626.00000000,344.97794000
1787926500000,2026-08-28T14:15:00.000Z,78626.00000000,78896.00000000,78512.00000000,78884.43000000,156.78980000
1787926800000,2026-08-28T14:20:00.000Z,78884.44000000,79030.90000000,78702.00000000,78806.00000000,168.38851000
1787927100000,2026-08-28T14:25:00.000Z,78805.99000000,78978.76000000,78613.66000000,78946.08000000,136.21290000
1787927400000,2026-08-28T14:30:00.000Z,78946.07000000,79282.00000000,78848.00000000,79281.99000000,208.08782000
1787927700000,2026-08-28T14:35:00.000Z,79281.99000000,79703.11000000,79250.00000000,79477.66000000,396.72836000
1787928000000,2026-08-28T14:40:00.000Z,79477.67000000,79593.97000000,79314.00000000,79416.87000000,145.95017000
1787928300000,2026-08-28T14:45:00.000Z,79416.88000000,79472.00000000,79100.00000000,79173.68000000,134.85953000
1787928600000,2026-08-28T14:50:00.000Z,79173.68000000,79511.80000000,79162.06000000,79497.27000000,129.74053000
1787928900000,2026-08-28T14:55:00.000Z,79497.27000000,79599.26000000,79477.66000000,79542.44000000,74.04486000
1787929200000,2026-08-28T15:00:00.000Z,79542.44000000,79838.73000000,79416.87000000,79487.05000000,184.99226000
1787929500000,2026-08-28T15:05:00.000Z,79487.05000000,79505.59000000,79332.00000000,79335.99000000,68.88875000
1787929800000,2026-08-28T15:10:00.000Z,79335.99000000,79455.35000000,79290.00000000,79306.13000000,35.78288000
1787930100000,2026-08-28T15:15:00.000Z,79306.13000000,79490.00000000,79306.13000000,79450.64000000,41.49183000
1787930400000,2026-08-28T15:20:00.000Z,79450.63000000,79504.05000000,79314.01000000,79400.00000000,38.43826000
1787930700000,2026-08-28T15:25:00.000Z,79400.00000000,79512.00000000,79236.92000000,79334.00000000,63.92810000
1787931000000,2026-08-28T15:30:00.000Z,79334.00000000,79346.00000000,79144.00000000,79179.58000000,85.72714000
1787931300000,2026-08-28T15:35:00.000Z,79179.57000000,79226.00000000,79138.97000000,79142.33000000,67.03668000
1787931600000,2026-08-28T15:40:00.000Z,79142.33000000,79151.34000000,78774.42000000,78789.09000000,274.61819000
1787931900000,2026-08-28T15:45:00.000Z,78789.09000000,78908.97000000,78682.00000000,78692.34000000,87.66446000
1787932200000,2026-08-28T15:50:00.000Z,78692.34000000,78734.00000000,78524.00000000,78540.75000000,111.57246000
1787932500000,2026-08-28T15:55:00.000Z,78540.75000000,78544.43000000,78312.64000000,78331.13000000,194.87493000
1787932800000,2026-08-28T16:00:00.000Z,78331.13000000,78404.00000000,77944.44000000,78062.01000000,431.11800000
1787933100000,2026-08-28T16:05:00.000Z,78062.02000000,78289.24000000,78050.65000000,78110.24000000,161.56617000
1787933400000,2026-08-28T16:10:00.000Z,78110.24000000,78116.00000000,77816.57000000,77825.73000000,209.07263000
1787933700000,2026-08-28T16:15:00.000Z,77825.73000000,77856.00000000,77566.00000000,77651.83000000,319.82694000
1787934000000,2026-08-28T16:20:00.000Z,77651.82000000,77824.44000000,77075.12000000,77124.00000000,475.13225000
1787934300000,2026-08-28T16:25:00.000Z,77123.99000000,77634.65000000,76888.00000000,77530.50000000,581.30620000
1787934600000,2026-08-28T16:30:00.000Z,77530.50000000,77874.00000000,77512.00000000,77676.63000000,239.43309000
1787934900000,2026-08-28T16:35:00.000Z,77676.62000000,77965.60000000,77659.32000000,77878.00000000,159.67416000
1787935200000,2026-08-28T16:40:00.000Z,77878.00000000,77936.00000000,77800.00000000,77800.03000000,99.41331000
1787935500000,2026-08-28T16:45:00.000Z,77800.03000000,77993.15000000,77800.03000000,77960.01000000,143.58285000
1787935800000,2026-08-28T16:50:00.000Z,77960.01000000,77973.67000000,77778.00000000,77780.00000000,89.48776000
1787936100000,2026-08-28T16:55:00.000Z,77780.01000000,77915.24000000,77778.26000000,77788.46000000,46.00302000
1787936400000,2026-08-28T17:00:00.000Z,77788.45000000,77849.52000000,77678.61000000,77725.96000000,113.91044000
1787936700000,2026-08-28T17:05:00.000Z,77725.97000000,77882.00000000,77642.78000000,77810.28000000,104.17159000
1787937000000,2026-08-28T17:10:00.000Z,77810.29000000,78000.00000000,77760.01000000,78000.00000000,81.87022000
1787937300000,2026-08-28T17:15:00.000Z,78000.00000000,78131.86000000,77926.00000000,78079.30000000,53.75473000
1787937600000,2026-08-28T17:20:00.000Z,78079.29000000,78096.68000000,77917.96000000,77939.05000000,60.90187000
1787937900000,2026-08-28T17:25:00.000Z,77939.06000000,78006.69000000,77832.00000000,77940.01000000,45.77593000
1787938200000,2026-08-28T17:30:00.000Z,77940.01000000,77997.40000000,77876.00000000,77908.00000000,28.46576000
1787938500000,2026-08-28T17:35:00.000Z,77908.01000000,77912.87000000,77698.00000000,77730.86000000,61.78978000
1787938800000,2026-08-28T17:40:00.000Z,77730.87000000,77794.58000000,77720.82000000,77783.58000000,30.62449000
1787939100000,2026-08-28T17:45:00.000Z,77783.58000000,77980.00000000,77783.57000000,77968.81000000,64.01274000
1787939400000,2026-08-28T17:50:00.000Z,77968.81000000,77986.00000000,77907.68000000,77907.69000000,31.82368000
1787939700000,2026-08-28T17:55:00.000Z,77907.70000000,77918.83000000,77856.34000000,77904.00000000,45.65891000
1787940000000,2026-08-28T18:00:00.000Z,77904.00000000,77935.50000000,77863.12000000,77884.00000000,27.60889000
1787940300000,2026-08-28T18:05:00.000Z,77884.01000000,77916.00000000,77776.83000000,77800.00000000,31.12984000
1787940600000,2026-08-28T18:10:00.000Z,77800.01000000,77841.18000000,77742.00000000,77744.00000000,30.39000000
1787940900000,2026-08-28T18:15:00.000Z,77744.00000000,77793.27000000,77672.01000000,77672.99000000,29.60121000
1787941200000,2026-08-28T18:20:00.000Z,77672.99000000,77680.80000000,77525.00000000,77525.01000000,76.24024000
1787941500000,2026-08-28T18:25:00.000Z,77525.00000000,77667.42000000,77500.01000000,77592.00000000,44.08433000
1787941800000,2026-08-28T18:30:00.000Z,77592.01000000,77621.61000000,77508.00000000,77566.00000000,46.94589000
1787942100000,2026-08-28T18:35:00.000Z,77566.01000000,77592.00000000,77332.21000000,77434.43000000,109.65791000
1787942400000,2026-08-28T18:40:00.000Z,77434.43000000,77494.00000000,77400.00000000,77408.13000000,49.41804000
1787942700000,2026-08-28T18:45:00.000Z,77408.14000000,77445.12000000,77270.00000000,77296.91000000,65.89330000
1787943000000,2026-08-28T18:50:00.000Z,77296.92000000,77492.00000000,77296.92000000,77491.99000000,35.41212000
1787943300000,2026-08-28T18:55:00.000Z,77492.00000000,77554.00000000,77442.00000000,77554.00000000,28.98182000
1787943600000,2026-08-28T19:00:00.000Z,77554.00000000,77658.01000000,77522.00000000,77547.67000000,44.73397000
1787943900000,2026-08-28T19:05:00.000Z,77547.66000000,77707.63000000,77539.37000000,77698.90000000,63.93882000
1787944200000,2026-08-28T19:10:00.000Z,77698.89000000,77742.00000000,77646.08000000,77678.18000000,30.80882000
1787944500000,2026-08-28T19:15:00.000Z,77678.17000000,77681.11000000,77633.28000000,77681.11000000,32.93810000
1787944800000,2026-08-28T19:20:00.000Z,77681.11000000,77797.35000000,77681.10000000,77730.05000000,61.59661000
1787945100000,2026-08-28T19:25:00.000Z,77730.05000000,77765.99000000,77705.06000000,77705.07000000,21.71065000
1787945400000,2026-08-28T19:30:00.000Z,77705.07000000,77708.48000000,77619.60000000,77644.97000000,32.03446000
1787945700000,2026-08-28T19:35:00.000Z,77644.96000000,77690.00000000,77619.60000000,77622.09000000,27.06488000
1787946000000,2026-08-28T19:40:00.000Z,77622.09000000,77655.21000000,77536.79000000,77536.79000000,32.70664000
1787946300000,2026-08-28T19:45:00.000Z,77536.79000000,77554.55000000,77376.00000000,77417.88000000,50.40884000
1787946600000,2026-08-28T19:50:00.000Z,77417.87000000,77462.94000000,77388.56000000,77435.07000000,28.69014000
1787946900000,2026-08-28T19:55:00.000Z,77435.07000000,77595.60000000,77435.07000000,77580.03000000,74.42007000
1787947200000,2026-08-28T20:00:00.000Z,77580.03000000,77609.83000000,77482.75000000,77530.00000000,32.50880000
1787947500000,2026-08-28T20:05:00.000Z,77530.00000000,77574.14000000,77480.00000000,77547.03000000,34.14749000
1787947800000,2026-08-28T20:10:00.000Z,77547.02000000,77608.92000000,77512.00000000,77562.70000000,40.47248000
1787948100000,2026-08-28T20:15:00.000Z,77562.71000000,77562.71000000,77406.41000000,77406.42000000,25.88353000
1787948400000,2026-08-28T20:20:00.000Z,77406.42000000,77522.62000000,77406.41000000,77507.43000000,18.01616000
1787948700000,2026-08-28T20:25:00.000Z,77507.44000000,77521.27000000,77482.02000000,77510.72000000,8.03404000
1787949000000,2026-08-28T20:30:00.000Z,77510.71000000,77510.71000000,77310.24000000,77331.62000000,27.11040000
1787949300000,2026-08-28T20:35:00.000Z,77331.62000000,77409.82000000,77324.01000000,77400.01000000,18.89917000
1787949600000,2026-08-28T20:40:00.000Z,77400.01000000,77439.53000000,77400.00000000,77402.01000000,13.61083000
1787949900000,2026-08-28T20:45:00.000Z,77402.01000000,77470.00000000,77394.00000000,77430.02000000,19.71743000
1787950200000,2026-08-28T20:50:00.000Z,77430.02000000,77430.02000000,77346.00000000,77391.74000000,16.97063000
1787950500000,2026-08-28T20:55:00.000Z,77391.74000000,77407.34000000,77382.00000000,77407.34000000,8.73630000
1787950800000,2026-08-28T21:00:00.000Z,77407.34000000,77437.74000000,77356.21000000,77357.67000000,19.34515000
1787951100000,2026-08-28T21:05:00.000Z,77357.67000000,77405.87000000,77344.00000000,77344.01000000,11.12709000
1787951400000,2026-08-28T21:10:00.000Z,77344.00000000,77405.15000000,77328.44000000,77405.15000000,16.58996000
1787951700000,2026-08-28T21:15:00.000Z,77405.15000000,77425.73000000,77390.03000000,77393.48000000,17.15784000
1787952000000,2026-08-28T21:20:00.000Z,77393.49000000,77406.01000000,77325.37000000,77379.99000000,52.50299000
1787952300000,2026-08-28T21:25:00.000Z,77380.00000000,77432.00000000,77379.99000000,77412.90000000,122.87293000
1787952600000,2026-08-28T21:30:00.000Z,77412.90000000,77505.67000000,77412.86000000,77505.67000000,18.06419000
1787952900000,2026-08-28T21:35:00.000Z,77505.67000000,77529.19000000,77500.00000000,77528.00000000,11.21975000
1787953200000,2026-08-28T21:40:00.000Z,77528.00000000,77537.33000000,77436.00000000,77476.00000000,24.62918000
1787953500000,2026-08-28T21:45:00.000Z,77476.00000000,77476.00000000,77368.79000000,77383.11000000,40.20235000
1787953800000,2026-08-28T21:50:00.000Z,77383.11000000,77412.00000000,77349.90000000,77364.79000000,19.09191000
1787954100000,2026-08-28T21:55:00.000Z,77364.79000000,77396.00000000,77255.69000000,77364.00000000,39.58381000
1787954400000,2026-08-28T22:00:00.000Z,77364.00000000,77405.97000000,77342.00000000,77374.00000000,23.81273000
1787954700000,2026-08-28T22:05:00.000Z,77374.00000000,77432.83000000,77373.99000000,77420.57000000,17.09881000
1787955000000,2026-08-28T22:10:00.000Z,77420.57000000,77454.50000000,77420.56000000,77448.80000000,17.96090000
1787955300000,2026-08-28T22:15:00.000Z,77448.80000000,77448.81000000,77403.33000000,77443.80000000,18.27783000
1787955600000,2026-08-28T22:20:00.000Z,77443.80000000,77496.18000000,77443.22000000,77457.25000000,15.76038000
1787955900000,2026-08-28T22:25:00.000Z,77457.25000000,77594.48000000,77457.25000000,77573.00000000,32.03139000
1787956200000,2026-08-28T22:30:00.000Z,77572.99000000,77619.59000000,77565.24000000,77605.89000000,19.90420000
1787956500000,2026-08-28T22:35:00.000Z,77605.89000000,77700.01000000,77605.88000000,77700.01000000,41.69037000
1787956800000,2026-08-28T22:40:00.000Z,77700.01000000,77746.00000000,77670.00000000,77738.72000000,22.02181000
1787957100000,2026-08-28T22:45:00.000Z,77738.73000000,77757.01000000,77738.72000000,77756.01000000,18.01080000
1787957400000,2026-08-28T22:50:00.000Z,77756.00000000,77773.20000000,77730.00000000,77767.29000000,43.56689000
1787957700000,2026-08-28T22:55:00.000Z,77767.29000000,77770.72000000,77686.00000000,77758.69000000,69.00641000
1787958000000,2026-08-28T23:00:00.000Z,77758.69000000,77764.35000000,77686.04000000,77686.05000000,26.43287000
1787958300000,2026-08-28T23:05:00.000Z,77686.05000000,77729.98000000,77678.76000000,77729.98000000,36.25978000
1787958600000,2026-08-28T23:10:00.000Z,77729.97000000,77807.18000000,77701.10000000,77774.76000000,261.55822000
1787958900000,2026-08-28T23:15:00.000Z,77774.76000000,77774.78000000,77700.29000000,77706.01000000,42.49386000
1787959200000,2026-08-28T23:20:00.000Z,77706.01000000,77706.01000000,77666.45000000,77703.28000000,30.64336000
1787959500000,2026-08-28T23:25:00.000Z,77703.27000000,77723.32000000,77676.01000000,77684.41000000,46.61701000
1787959800000,2026-08-28T23:30:00.000Z,77684.41000000,77711.96000000,77684.40000000,77711.95000000,18.66714000
1787960100000,2026-08-28T23:35:00.000Z,77711.96000000,77720.07000000,77678.66000000,77685.99000000,39.33583000
1787960400000,2026-08-28T23:40:00.000Z,77686.00000000,77703.56000000,77666.02000000,77696.07000000,30.15162000
1787960700000,2026-08-28T23:45:00.000Z,77696.07000000,77696.07000000,77640.74000000,77643.01000000,21.55398000
1787961000000,2026-08-28T23:50:00.000Z,77643.01000000,77755.80000000,77643.01000000,77755.80000000,13.50501000
1787961300000,2026-08-28T23:55:00.000Z,77755.80000000,77846.72000000,77755.79000000,77845.87000000,32.32649000
1787961600000,2026-08-29T00:00:00.000Z,77845.88000000,77866.14000000,77800.57000000,77814.00000000,23.09703000
1787961900000,2026-08-29T00:05:00.000Z,77814.00000000,77895.94000000,77776.00000000,77881.78000000,34.89300000
1787962200000,2026-08-29T00:10:00.000Z,77881.78000000,77881.79000000,77818.24000000,77818.24000000,18.25266000
1787962500000,2026-08-29T00:15:00.000Z,77818.24000000,77895.90000000,77818.24000000,77895.89000000,29.41934000
1787962800000,2026-08-29T00:20:00.000Z,77895.90000000,77931.74000000,77877.01000000,77901.92000000,27.60429000
1787963100000,2026-08-29T00:25:00.000Z,77901.93000000,77963.92000000,77893.22000000,77903.85000000,32.20287000
1787963400000,2026-08-29T00:30:00.000Z,77903.86000000,77903.86000000,77782.05000000,77786.36000000,19.68663000
1787963700000,2026-08-29T00:35:00.000Z,77786.36000000,77826.87000000,77786.36000000,77792.00000000,10.68830000
1787964000000,2026-08-29T00:40:00.000Z,77792.00000000,77803.12000000,77772.07000000,77788.72000000,31.63456000
1787964300000,2026-08-29T00:45:00.000Z,77788.72000000,77788.72000000,77753.13000000,77753.20000000,19.01098000
1787964600000,2026-08-29T00:50:00.000Z,77753.20000000,77790.00000000,77732.01000000,77789.99000000,39.39775000
1787964900000,2026-08-29T00:55:00.000Z,77789.99000000,77818.12000000,77722.00000000,77733.63000000,35.92238000
1787965200000,2026-08-29T01:00:00.000Z,77733.63000000,77733.63000000,77691.02000000,77694.84000000,28.74123000
1787965500000,2026-08-29T01:05:00.000Z,77694.84000000,77705.08000000,77669.00000000,77670.53000000,16.97128000
1787965800000,2026-08-29T01:10:00.000Z,77670.53000000,77678.57000000,77631.28000000,77637.65000000,36.07169000
1787966100000,2026-08-29T01:15:00.000Z,77637.65000000,77701.80000000,77637.65000000,77701.80000000,12.55163000
1787966400000,2026-08-29T01:20:00.000Z,77701.79000000,77762.19000000,77701.79000000,77762.19000000,14.74560000
1787966700000,2026-08-29T01:25:00.000Z,77762.18000000,77789.50000000,77748.23000000,77789.49000000,11.54103000
1787967000000,2026-08-29T01:30:00.000Z,77789.49000000,77824.00000000,77788.51000000,77824.00000000,14.66963000
1787967300000,2026-08-29T01:35:00.000Z,77824.00000000,77824.00000000,77758.10000000,77779.37000000,14.78418000
1787967600000,2026-08-29T01:40:00.000Z,77779.37000000,77832.67000000,77779.36000000,77828.38000000,15.96390000
1787967900000,2026-08-29T01:45:00.000Z,77828.39000000,77828.39000000,77759.14000000,77811.85000000,18.00871000
1787968200000,2026-08-29T01:50:00.000Z,77811.86000000,77849.29000000,77798.01000000,77816.22000000,27.63956000
1787968500000,2026-08-29T01:55:00.000Z,77816.22000000,77817.60000000,77776.00000000,77794.11000000,23.38124000
1787968800000,2026-08-29T02:00:00.000Z,77794.11000000,77829.72000000,77771.02000000,77781.32000000,17.77292000
1787969100000,2026-08-29T02:05:00.000Z,77781.31000000,77808.10000000,77777.37000000,77805.63000000,14.63352000
1787969400000,2026-08-29T02:10:00.000Z,77805.63000000,77805.64000000,77748.00000000,77748.01000000,11.59321000
1787969700000,2026-08-29T02:15:00.000Z,77748.01000000,77748.01000000,77668.58000000,77668.58000000,19.81626000
1787970000000,2026-08-29T02:20:00.000Z,77668.58000000,77668.59000000,77590.57000000,77590.58000000,27.70168000
1787970300000,2026-08-29T02:25:00.000Z,77590.57000000,77629.44000000,77584.53000000,77629.44000000,21.27171000
1787970600000,2026-08-29T02:30:00.000Z,77629.43000000,77677.78000000,77596.01000000,77596.02000000,20.45459000
1787970900000,2026-08-29T02:35:00.000Z,77596.01000000,77675.99000000,77596.00000000,77661.31000000,13.96957000
1787971200000,2026-08-29T02:40:00.000Z,77661.31000000,77665.20000000,77604.85000000,77618.04000000,143.73194000
1787971500000,2026-08-29T02:45:00.000Z,77618.04000000,77642.94000000,77618.04000000,77640.21000000,27.19991000
1787971800000,2026-08-29T02:50:00.000Z,77640.22000000,77702.94000000,77634.41000000,77698.93000000,25.15493000
1787972100000,2026-08-29T02:55:00.000Z,77698.94000000,77717.78000000,77664.79000000,77671.18000000,24.32055000
1787972400000,2026-08-29T03:00:00.000Z,77671.18000000,77731.43000000,77671.18000000,77696.01000000,16.89251000
1787972700000,2026-08-29T03:05:00.000Z,77696.02000000,77716.80000000,77688.34000000,77698.32000000,13.47272000
1787973000000,2026-08-29T03:10:00.000Z,77698.32000000,77721.36000000,77680.96000000,77680.96000000,20.32328000
1787973300000,2026-08-29T03:15:00.000Z,77680.97000000,77680.98000000,77634.81000000,77654.17000000,24.74455000
1787973600000,2026-08-29T03:20:00.000Z,77654.16000000,77715.56000000,77654.16000000,77673.28000000,21.28052000
1787973900000,2026-08-29T03:25:00.000Z,77673.29000000,77686.11000000,77657.49000000,77684.45000000,17.98495000
1787974200000,2026-08-29T03:30:00.000Z,77684.45000000,77707.09000000,77636.02000000,77638.88000000,16.69687000
1787974500000,2026-08-29T03:35:00.000Z,77638.88000000,77638.89000000,77580.01000000,77607.12000000,19.82198000
1787974800000,2026-08-29T03:40:00.000Z,77607.12000000,77671.20000000,77606.34000000,77622.73000000,28.30720000
1787975100000,2026-08-29T03:45:00.000Z,77622.72000000,77622.72000000,77580.00000000,77584.30000000,23.83838000
1787975400000,2026-08-29T03:50:00.000Z,77584.30000000,77584.31000000,77534.16000000,77539.03000000,19.61490000
1787975700000,2026-08-29T03:55:00.000Z,77539.04000000,77539.04000000,77507.16000000,77507.17000000,15.91401000
1787976000000,2026-08-29T04:00:00.000Z,77507.17000000,77576.89000000,77507.17000000,77576.89000000,17.59497000
1787976300000,2026-08-29T04:05:00.000Z,77576.89000000,77577.25000000,77557.00000000,77573.25000000,15.87984000
1787976600000,2026-08-29T04:10:00.000Z,77573.26000000,77597.20000000,77573.25000000,77583.76000000,12.29119000
1787976900000,2026-08-29T04:15:00.000Z,77583.76000000,77600.00000000,77583.75000000,77597.66000000,11.90802000
1787977200000,2026-08-29T04:20:00.000Z,77597.65000000,77615.13000000,77597.65000000,77615.12000000,13.55645000
1787977500000,2026-08-29T04:25:00.000Z,77615.12000000,77615.13000000,77602.45000000,77602.46000000,12.45565000
1787977800000,2026-08-29T04:30:00.000Z,77602.46000000,77623.28000000,77590.27000000,77590.28000000,18.66152000
1787978100000,2026-08-29T04:35:00.000Z,77590.28000000,77626.00000000,77590.27000000,77626.00000000,13.05589000
1787978400000,2026-08-29T04:40:00.000Z,77626.00000000,77646.60000000,77602.66000000,77620.49000000,20.81211000
1787978700000,2026-08-29T04:45:00.000Z,77620.49000000,77648.00000000,77613.90000000,77640.45000000,30.63084000
1787979000000,2026-08-29T04:50:00.000Z,77640.46000000,77670.76000000,77627.22000000,77659.54000000,34.83199000
1787979300000,2026-08-29T04:55:00.000Z,77659.53000000,77678.67000000,77618.99000000,77648.91000000,28.22751000
1787979600000,2026-08-29T05:00:00.000Z,77648.91000000,77675.27000000,77624.81000000,77659.72000000,16.91827000
1787979900000,2026-08-29T05:05:00.000Z,77659.72000000,77685.79000000,77659.72000000,77676.90000000,14.44499000
1787980200000,2026-08-29T05:10:00.000Z,77676.90000000,77716.12000000,77670.98000000,77701.35000000,33.80224000
1787980500000,2026-08-29T05:15:00.000Z,77701.36000000,77702.60000000,77687.33000000,77693.06000000,10.90498000
1787980800000,2026-08-29T05:20:00.000Z,77693.06000000,77694.50000000,77634.47000000,77670.27000000,17.06486000
1787981100000,2026-08-29T05:25:00.000Z,77670.27000000,77674.01000000,77660.00000000,77660.01000000,10.77652000
1787981400000,2026-08-29T05:30:00.000Z,77660.01000000,77660.01000000,77652.60000000,77652.60000000,17.80702000
1787981700000,2026-08-29T05:35:00.000Z,77652.61000000,77705.13000000,77634.71000000,77705.12000000,19.66332000
1787982000000,2026-08-29T05:40:00.000Z,77705.12000000,77714.00000000,77672.85000000,77688.35000000,17.00329000
1787982300000,2026-08-29T05:45:00.000Z,77688.35000000,77694.00000000,77682.94000000,77682.94000000,8.80841000
1787982600000,2026-08-29T05:50:00.000Z,77682.95000000,77682.95000000,77619.07000000,77619.08000000,14.31625000
1787982900000,2026-08-29T05:55:00.000Z,77619.07000000,77632.53000000,77604.06000000,77632.53000000,13.81238000
1787983200000,2026-08-29T06:00:00.000Z,77632.52000000,77632.53000000,77560.60000000,77574.67000000,20.74370000
1787983500000,2026-08-29T06:05:00.000Z,77574.67000000,77583.34000000,77562.72000000,77573.27000000,12.48645000
1787983800000,2026-08-29T06:10:00.000Z,77573.28000000,77573.28000000,77478.61000000,77478.62000000,26.15431000
1787984100000,2026-08-29T06:15:00.000Z,77478.61000000,77516.78000000,77462.06000000,77462.07000000,23.23016000
1787984400000,2026-08-29T06:20:00.000Z,77462.07000000,77462.07000000,77388.27000000,77411.37000000,38.51903000
1787984700000,2026-08-29T06:25:00.000Z,77411.37000000,77427.55000000,77382.37000000,77409.86000000,36.12404000
1787985000000,2026-08-29T06:30:00.000Z,77409.86000000,77462.00000000,77409.86000000,77459.99000000,25.64007000
1787985300000,2026-08-29T06:35:00.000Z,77459.99000000,77462.00000000,77422.85000000,77422.85000000,19.09183000
1787985600000,2026-08-29T06:40:00.000Z,77422.85000000,77491.16000000,77418.19000000,77446.12000000,35.10111000
1787985900000,2026-08-29T06:45:00.000Z,77446.13000000,77475.84000000,77446.12000000,77458.57000000,17.98990000
1787986200000,2026-08-29T06:50:00.000Z,77458.56000000,77475.31000000,77427.24000000,77428.62000000,27.17848000
1787986500000,2026-08-29T06:55:00.000Z,77428.61000000,77468.65000000,77428.61000000,77466.82000000,22.77014000
1787986800000,2026-08-29T07:00:00.000Z,77466.83000000,77524.48000000,77466.82000000,77515.56000000,24.22581000
1787987100000,2026-08-29T07:05:00.000Z,77515.56000000,77536.68000000,77438.01000000,77438.01000000,35.49524000
1787987400000,2026-08-29T07:10:00.000Z,77438.01000000,77481.67000000,77438.01000000,77466.65000000,16.02492000
1787987700000,2026-08-29T07:15:00.000Z,77466.65000000,77528.00000000,77450.34000000,77514.89000000,27.71251000
1787988000000,2026-08-29T07:20:00.000Z,77514.89000000,77518.42000000,77500.01000000,77503.28000000,32.04031000
1787988300000,2026-08-29T07:25:00.000Z,77503.27000000,77530.60000000,77503.27000000,77524.73000000,28.63622000
1787988600000,2026-08-29T07:30:00.000Z,77524.73000000,77535.47000000,77514.41000000,77531.68000000,60.04902000
1787988900000,2026-08-29T07:35:00.000Z,77531.68000000,77613.73000000,77531.67000000,77613.72000000,83.59430000
1787989200000,2026-08-29T07:40:00.000Z,77613.73000000,77660.04000000,77609.28000000,77655.14000000,161.33460000
1787989500000,2026-08-29T07:45:00.000Z,77655.15000000,77670.91000000,77629.77000000,77631.07000000,70.24815000
1787989800000,2026-08-29T07:50:00.000Z,77631.07000000,77634.98000000,77625.63000000,77634.98000000,55.48756000
1787990100000,2026-08-29T07:55:00.000Z,77634.98000000,77672.00000000,77626.00000000,77626.01000000,339.04988000
1787990400000,2026-08-29T08:00:00.000Z,77626.01000000,77626.01000000,77487.73000000,77487.74000000,54.91370000
1787990700000,2026-08-29T08:05:00.000Z,77487.74000000,77520.01000000,77487.73000000,77505.82000000,33.10986000
1787991000000,2026-08-29T08:10:00.000Z,77505.82000000,77547.79000000,77505.82000000,77525.99000000,26.98139000
1787991300000,2026-08-29T08:15:00.000Z,77525.99000000,77540.00000000,77516.58000000,77539.99000000,14.68521000
1787991600000,2026-08-29T08:20:00.000Z,77539.99000000,77566.44000000,77524.17000000,77561.44000000,18.92244000
1787991900000,2026-08-29T08:25:00.000Z,77561.44000000,77593.06000000,77561.44000000,77589.75000000,20.75059000
1787992200000,2026-08-29T08:30:00.000Z,77589.76000000,77590.03000000,77514.04000000,77543.99000000,32.08304000
1787992500000,2026-08-29T08:35:00.000Z,77544.00000000,77544.80000000,77543.99000000,77544.80000000,2.70761000
1787992800000,2026-08-29T08:40:00.000Z,77544.80000000,77580.00000000,77544.79000000,77580.00000000,18.42680000
1787993100000,2026-08-29T08:45:00.000Z,77580.00000000,77620.00000000,77538.00000000,77576.48000000,20.54731000
1787993400000,2026-08-29T08:50:00.000Z,77576.48000000,77615.40000000,77568.72000000,77568.72000000,13.91899000
1787993700000,2026-08-29T08:55:00.000Z,77568.73000000,77634.00000000,77568.72000000,77633.99000000,24.63155000
1787994000000,2026-08-29T09:00:00.000Z,77634.00000000,77654.00000000,77627.92000000,77638.88000000,21.69722000
1787994300000,2026-08-29T09:05:00.000Z,77638.87000000,77679.58000000,77566.01000000,77602.00000000,45.54078000
1787994600000,2026-08-29T09:10:00.000Z,77602.00000000,77644.00000000,77602.00000000,77644.00000000,13.62017000
1787994900000,2026-08-29T09:15:00.000Z,77644.00000000,77664.28000000,77643.99000000,77654.17000000,10.19849000
1787995200000,2026-08-29T09:20:00.000Z,77654.17000000,77654.18000000,77612.07000000,77641.99000000,14.74582000
1787995500000,2026-08-29T09:25:00.000Z,77641.99000000,77642.00000000,77624.00000000,77626.50000000,10.04128000
1787995800000,2026-08-29T09:30:00.000Z,77626.49000000,77664.28000000,77626.49000000,77664.28000000,11.81705000
1787996100000,2026-08-29T09:35:00.000Z,77664.27000000,77726.00000000,77664.27000000,77725.99000000,14.28423000
1787996400000,2026-08-29T09:40:00.000Z,77726.00000000,77754.23000000,77661.84000000,77661.84000000,27.95482000
1787996700000,2026-08-29T09:45:00.000Z,77661.85000000,77671.62000000,77655.07000000,77655.08000000,13.10325000
1787997000000,2026-08-29T09:50:00.000Z,77655.08000000,77674.00000000,77655.08000000,77670.26000000,17.90363000
1787997300000,2026-08-29T09:55:00.000Z,77670.26000000,77670.26000000,77650.02000000,77650.03000000,11.62117000
1787997600000,2026-08-29T10:00:00.000Z,77650.02000000,77650.03000000,77600.00000000,77600.00000000,15.69255000
1787997900000,2026-08-29T10:05:00.000Z,77600.00000000,77600.00000000,77526.00000000,77552.36000000,41.26738000
1787998200000,2026-08-29T10:10:00.000Z,77552.36000000,77581.67000000,77552.35000000,77581.67000000,9.59144000
1787998500000,2026-08-29T10:15:00.000Z,77581.67000000,77720.00000000,77581.66000000,77704.65000000,21.20104000
1787998800000,2026-08-29T10:20:00.000Z,77704.65000000,77720.00000000,77657.19000000,77681.81000000,31.28711000
1787999100000,2026-08-29T10:25:00.000Z,77681.80000000,77685.60000000,77671.50000000,77671.51000000,8.93237000
1787999400000,2026-08-29T10:30:00.000Z,77671.50000000,77684.10000000,77671.47000000,77679.26000000,9.39963000
1787999700000,2026-08-29T10:35:00.000Z,77679.25000000,77724.55000000,77671.69000000,77695.20000000,40.22484000
1788000000000,2026-08-29T10:40:00.000Z,77695.20000000,77695.20000000,77684.10000000,77688.47000000,4.59836000
1788000300000,2026-08-29T10:45:00.000Z,77688.48000000,77725.00000000,77688.47000000,77724.99000000,7.45649000
1788000600000,2026-08-29T10:50:00.000Z,77724.99000000,77732.00000000,77706.10000000,77730.12000000,19.28794000
1788000900000,2026-08-29T10:55:00.000Z,77730.11000000,77730.12000000,77635.16000000,77635.17000000,19.22291000
1788001200000,2026-08-29T11:00:00.000Z,77635.17000000,77639.41000000,77627.03000000,77639.12000000,16.62205000
1788001500000,2026-08-29T11:05:00.000Z,77639.13000000,77655.20000000,77630.03000000,77641.27000000,9.07306000
1788001800000,2026-08-29T11:10:00.000Z,77641.27000000,77720.00000000,77641.27000000,77720.00000000,13.71133000
1788002100000,2026-08-29T11:15:00.000Z,77720.00000000,77724.99000000,77706.00000000,77706.01000000,13.01028000
1788002400000,2026-08-29T11:20:00.000Z,77706.00000000,77706.01000000,77679.53000000,77681.98000000,11.33596000
1788002700000,2026-08-29T11:25:00.000Z,77681.98000000,77700.01000000,77681.97000000,77700.01000000,21.60856000
1788003000000,2026-08-29T11:30:00.000Z,77700.00000000,77700.01000000,77677.52000000,77680.00000000,7.92698000
1788003300000,2026-08-29T11:35:00.000Z,77679.99000000,77689.16000000,77661.02000000,77689.15000000,17.02719000
1788003600000,2026-08-29T11:40:00.000Z,77689.16000000,77702.00000000,77643.00000000,77643.01000000,7.71717000
1788003900000,2026-08-29T11:45:00.000Z,77643.00000000,77668.00000000,77643.00000000,77660.41000000,22.50064000
1788004200000,2026-08-29T11:50:00.000Z,77660.41000000,77665.53000000,77634.00000000,77634.01000000,7.81077000
1788004500000,2026-08-29T11:55:00.000Z,77634.00000000,77634.01000000,77573.32000000,77584.67000000,121.26115000
1788004800000,2026-08-29T12:00:00.000Z,77584.66000000,77592.23000000,77584.66000000,77592.23000000,57.10330000
1788005100000,2026-08-29T12:05:00.000Z,77592.23000000,77612.00000000,77581.71000000,77581.72000000,56.68126000
1788005400000,2026-08-29T12:10:00.000Z,77581.71000000,77596.59000000,77567.49000000,77596.58000000,10.74959000
1788005700000,2026-08-29T12:15:00.000Z,77596.59000000,77654.00000000,77596.59000000,77645.82000000,32.14122000
1788006000000,2026-08-29T12:20:00.000Z,77645.82000000,77657.99000000,77550.01000000,77557.45000000,17.84524000
1788006300000,2026-08-29T12:25:00.000Z,77557.46000000,77584.00000000,77538.00000000,77584.00000000,21.63300000
1788006600000,2026-08-29T12:30:00.000Z,77583.99000000,77600.00000000,77506.63000000,77535.00000000,22.88421000
1788006900000,2026-08-29T12:35:00.000Z,77535.00000000,77584.05000000,77534.99000000,77565.08000000,17.16773000
1788007200000,2026-08-29T12:40:00.000Z,77565.09000000,77575.05000000,77565.08000000,77575.05000000,4.34347000
1788007500000,2026-08-29T12:45:00.000Z,77575.05000000,77580.71000000,77573.83000000,77580.69000000,25.72800000
1788007800000,2026-08-29T12:50:00.000Z,77580.69000000,77596.00000000,77554.00000000,77554.01000000,39.70887000
1788008100000,2026-08-29T12:55:00.000Z,77554.01000000,77583.75000000,77554.00000000,77583.74000000,10.39044000
1788008400000,2026-08-29T13:00:00.000Z,77583.74000000,77595.13000000,77559.45000000,77567.89000000,12.52116000
1788008700000,2026-08-29T13:05:00.000Z,77567.90000000,77602.00000000,77567.89000000,77597.77000000,15.87597000
1788009000000,2026-08-29T13:10:00.000Z,77597.78000000,77668.00000000,77597.77000000,77658.54000000,18.44685000
1788009300000,2026-08-29T13:15:00.000Z,77658.54000000,77722.00000000,77642.34000000,77659.54000000,24.20038000
1788009600000,2026-08-29T13:20:00.000Z,77659.54000000,77689.90000000,77656.00000000,77688.93000000,8.80062000
1788009900000,2026-08-29T13:25:00.000Z,77688.92000000,77688.93000000,77659.14000000,77659.14000000,30.73144000
1788010200000,2026-08-29T13:30:00.000Z,77659.14000000,77679.47000000,77640.00000000,77644.99000000,30.66585000
1788010500000,2026-08-29T13:35:00.000Z,77644.99000000,77714.00000000,77644.99000000,77662.01000000,8.53928000
1788010800000,2026-08-29T13:40:00.000Z,77662.01000000,77662.01000000,77662.00000000,77662.00000000,4.01431000
1788011100000,2026-08-29T13:45:00.000Z,77662.01000000,77714.00000000,77658.00000000,77711.97000000,10.54727000
1788011400000,2026-08-29T13:50:00.000Z,77711.97000000,77711.98000000,77694.59000000,77697.13000000,23.30503000
1788011700000,2026-08-29T13:55:00.000Z,77697.12000000,77720.96000000,77697.12000000,77704.32000000,7.93683000
1788012000000,2026-08-29T14:00:00.000Z,77704.32000000,77704.32000000,77700.00000000,77700.01000000,11.04150000
1788012300000,2026-08-29T14:05:00.000Z,77700.01000000,77722.00000000,77692.00000000,77692.00000000,19.24678000
1788012600000,2026-08-29T14:10:00.000Z,77692.00000000,77700.00000000,77663.83000000,77686.70000000,27.32234000
1788012900000,2026-08-29T14:15:00.000Z,77686.70000000,77710.00000000,77676.80000000,77676.80000000,15.47143000
1788013200000,2026-08-29T14:20:00.000Z,77676.80000000,77732.51000000,77671.87000000,77727.45000000,12.94839000
1788013500000,2026-08-29T14:25:00.000Z,77727.44000000,77756.40000000,77682.21000000,77694.52000000,30.81684000
1788013800000,2026-08-29T14:30:00.000Z,77694.52000000,77702.00000000,77694.52000000,77696.48000000,5.60873000
1788014100000,2026-08-29T14:35:00.000Z,77696.47000000,77748.00000000,77687.38000000,77747.99000000,31.25454000
1788014400000,2026-08-29T14:40:00.000Z,77747.99000000,78034.40000000,77747.99000000,77926.01000000,156.36193000
1788014700000,2026-08-29T14:45:00.000Z,77926.00000000,78150.00000000,77926.00000000,78045.47000000,80.92919000
1788015000000,2026-08-29T14:50:00.000Z,78045.47000000,78045.47000000,77984.00000000,77987.46000000,40.69957000
1788015300000,2026-08-29T14:55:00.000Z,77987.45000000,78040.51000000,77987.45000000,78014.37000000,24.72040000
1788015600000,2026-08-29T15:00:00.000Z,78014.37000000,78014.37000000,77857.93000000,77884.47000000,34.52464000
1788015900000,2026-08-29T15:05:00.000Z,77884.46000000,77940.67000000,77865.00000000,77924.22000000,20.00660000
1788016200000,2026-08-29T15:10:00.000Z,77924.22000000,77961.28000000,77924.22000000,77935.92000000,30.93337000
1788016500000,2026-08-29T15:15:00.000Z,77935.92000000,77961.28000000,77864.00000000,77905.99000000,35.06364000
1788016800000,2026-08-29T15:20:00.000Z,77906.00000000,77989.80000000,77905.99000000,77961.28000000,47.26283000
1788017100000,2026-08-29T15:25:00.000Z,77961.29000000,77961.29000000,77903.95000000,77903.95000000,33.26305000
1788017400000,2026-08-29T15:30:00.000Z,77903.84000000,77903.84000000,77811.04000000,77861.13000000,24.25333000
1788017700000,2026-08-29T15:35:00.000Z,77861.13000000,77880.00000000,77855.51000000,77875.35000000,18.67857000
1788018000000,2026-08-29T15:40:00.000Z,77875.35000000,77890.00000000,77834.73000000,77834.73000000,11.06424000
1788018300000,2026-08-29T15:45:00.000Z,77834.74000000,77936.85000000,77830.56000000,77936.84000000,30.27773000
1788018600000,2026-08-29T15:50:00.000Z,77936.85000000,77936.85000000,77856.44000000,77856.45000000,12.81411000
1788018900000,2026-08-29T15:55:00.000Z,77856.44000000,77865.36000000,77806.90000000,77865.36000000,16.73333000
1788019200000,2026-08-29T16:00:00.000Z,77865.36000000,77910.16000000,77858.29000000,77910.16000000,29.04722000
1788019500000,2026-08-29T16:05:00.000Z,77910.16000000,77961.94000000,77897.56000000,77961.93000000,30.13653000
1788019800000,2026-08-29T16:10:00.000Z,77961.94000000,77988.00000000,77944.00000000,77987.99000000,21.45405000
1788020100000,2026-08-29T16:15:00.000Z,77988.00000000,78130.43000000,77987.99000000,78020.64000000,55.34692000
1788020400000,2026-08-29T16:20:00.000Z,78020.64000000,78027.47000000,77936.00000000,77962.56000000,26.01493000
1788020700000,2026-08-29T16:25:00.000Z,77962.55000000,77962.56000000,77914.00000000,77946.00000000,16.79341000
1788021000000,2026-08-29T16:30:00.000Z,77946.00000000,78019.58000000,77894.01000000,77984.51000000,23.84384000
1788021300000,2026-08-29T16:35:00.000Z,77984.52000000,77995.16000000,77932.00000000,77983.75000000,25.37409000
1788021600000,2026-08-29T16:40:00.000Z,77984.00000000,78027.02000000,77983.99000000,78018.00000000,21.25445000
1788021900000,2026-08-29T16:45:00.000Z,78018.00000000,78046.00000000,78014.11000000,78027.72000000,21.68337000
1788022200000,2026-08-29T16:50:00.000Z,78027.72000000,78099.99000000,78027.71000000,78034.09000000,37.77494000
1788022500000,2026-08-29T16:55:00.000Z,78034.09000000,78034.33000000,78000.00000000,78027.17000000,21.75971000
1788022800000,2026-08-29T17:00:00.000Z,78027.17000000,78086.81000000,78027.17000000,78064.41000000,32.81465000
1788023100000,2026-08-29T17:05:00.000Z,78064.41000000,78064.41000000,78019.65000000,78026.95000000,25.92291000
1788023400000,2026-08-29T17:10:00.000Z,78026.95000000,78054.60000000,78026.94000000,78048.43000000,13.42598000
1788023700000,2026-08-29T17:15:00.000Z,78048.43000000,78100.00000000,78048.43000000,78067.69000000,8.74039000
1788024000000,2026-08-29T17:20:00.000Z,78067.68000000,78067.69000000,77989.52000000,78020.96000000,14.06835000
1788024300000,2026-08-29T17:25:00.000Z,78020.95000000,78022.50000000,77989.67000000,77990.77000000,7.28594000
1788024600000,2026-08-29T17:30:00.000Z,77990.78000000,78009.63000000,77945.00000000,77945.01000000,14.50412000
1788024900000,2026-08-29T17:35:00.000Z,77945.00000000,77971.35000000,77896.00000000,77947.56000000,17.32552000
1788025200000,2026-08-29T17:40:00.000Z,77947.56000000,78029.66000000,77947.56000000,78020.00000000,15.11257000
1788025500000,2026-08-29T17:45:00.000Z,78020.00000000,78048.00000000,78020.00000000,78048.00000000,5.57155000
1788025800000,2026-08-29T17:50:00.000Z,78048.00000000,78054.00000000,78018.00000000,78018.00000000,19.20023000
1788026100000,2026-08-29T17:55:00.000Z,78018.01000000,78100.00000000,77990.05000000,78100.00000000,36.13405000
1788026400000,2026-08-29T18:00:00.000Z,78099.99000000,78158.00000000,78069.31000000,78069.32000000,30.57626000
1788026700000,2026-08-29T18:05:00.000Z,78069.31000000,78098.00000000,78069.31000000,78086.89000000,9.36490000
1788027000000,2026-08-29T18:10:00.000Z,78086.89000000,78095.20000000,78072.89000000,78072.89000000,12.36359000
1788027300000,2026-08-29T18:15:00.000Z,78072.89000000,78079.71000000,78028.08000000,78058.29000000,16.02118000
1788027600000,2026-08-29T18:20:00.000Z,78058.29000000,78099.40000000,78058.08000000,78096.75000000,20.36335000
1788027900000,2026-08-29T18:25:00.000Z,78096.75000000,78096.76000000,78053.27000000,78053.27000000,8.85617000
1788028200000,2026-08-29T18:30:00.000Z,78053.27000000,78088.00000000,78018.02000000,78081.84000000,21.52387000
1788028500000,2026-08-29T18:35:00.000Z,78081.85000000,78212.00000000,78081.84000000,78171.93000000,58.32294000
1788028800000,2026-08-29T18:40:00.000Z,78171.94000000,78212.81000000,78116.01000000,78145.99000000,28.44463000
1788029100000,2026-08-29T18:45:00.000Z,78145.99000000,78250.00000000,78145.99000000,78238.37000000,18.95521000
1788029400000,2026-08-29T18:50:00.000Z,78238.38000000,78239.41000000,78210.70000000,78210.70000000,16.91853000
1788029700000,2026-08-29T18:55:00.000Z,78210.70000000,78210.71000000,78158.00000000,78158.01000000,11.22483000
1788030000000,2026-08-29T19:00:00.000Z,78158.01000000,78238.75000000,78158.00000000,78227.99000000,21.04946000
1788030300000,2026-08-29T19:05:00.000Z,78227.98000000,78260.00000000,78218.17000000,78245.86000000,14.43456000
1788030600000,2026-08-29T19:10:00.000Z,78245.85000000,78309.16000000,78245.85000000,78309.16000000,32.94969000
1788030900000,2026-08-29T19:15:00.000Z,78309.15000000,78330.00000000,78282.40000000,78291.78000000,19.21536000
1788031200000,2026-08-29T19:20:00.000Z,78291.79000000,78291.79000000,78245.86000000,78266.00000000,19.17037000
1788031500000,2026-08-29T19:25:00.000Z,78265.99000000,78282.00000000,78240.87000000,78240.90000000,18.80901000
1788031800000,2026-08-29T19:30:00.000Z,78240.90000000,78260.44000000,78210.27000000,78224.13000000,13.17093000
1788032100000,2026-08-29T19:35:00.000Z,78224.14000000,78252.35000000,78193.59000000,78202.00000000,24.83579000
1788032400000,2026-08-29T19:40:00.000Z,78202.01000000,78252.30000000,78193.59000000,78252.29000000,15.46767000
1788032700000,2026-08-29T19:45:00.000Z,78252.30000000,78260.00000000,78232.28000000,78250.54000000,28.63787000
1788033000000,2026-08-29T19:50:00.000Z,78250.54000000,78250.54000000,78209.25000000,78214.38000000,11.16255000
1788033300000,2026-08-29T19:55:00.000Z,78214.38000000,78214.38000000,78138.87000000,78182.00000000,12.44240000
1788033600000,2026-08-29T20:00:00.000Z,78181.99000000,78298.00000000,78170.72000000,78246.00000000,21.46552000
1788033900000,2026-08-29T20:05:00.000Z,78246.01000000,78266.00000000,78240.58000000,78241.03000000,14.29410000
1788034200000,2026-08-29T20:10:00.000Z,78241.03000000,78241.04000000,78219.50000000,78227.99000000,7.81538000
1788034500000,2026-08-29T20:15:00.000Z,78227.99000000,78262.00000000,78223.49000000,78260.00000000,10.81171000
1788034800000,2026-08-29T20:20:00.000Z,78260.01000000,78263.51000000,78210.00000000,78210.01000000,11.52509000
1788035100000,2026-08-29T20:25:00.000Z,78210.00000000,78210.01000000,78182.00000000,78182.01000000,6.41935000
1788035400000,2026-08-29T20:30:00.000Z,78182.00000000,78182.00000000,78117.95000000,78122.84000000,12.57467000
1788035700000,2026-08-29T20:35:00.000Z,78122.84000000,78156.71000000,78122.83000000,78142.94000000,17.19272000
1788036000000,2026-08-29T20:40:00.000Z,78142.94000000,78145.38000000,78129.17000000,78137.64000000,10.17410000
1788036300000,2026-08-29T20:45:00.000Z,78137.63000000,78145.05000000,78117.95000000,78145.05000000,7.64667000
1788036600000,2026-08-29T20:50:00.000Z,78145.05000000,78153.22000000,78139.81000000,78142.36000000,4.49854000
1788036900000,2026-08-29T20:55:00.000Z,78142.36000000,78142.36000000,78127.99000000,78129.92000000,7.87503000
1788037200000,2026-08-29T21:00:00.000Z,78129.92000000,78133.94000000,78062.00000000,78062.01000000,44.56913000
1788037500000,2026-08-29T21:05:00.000Z,78062.00000000,78167.35000000,78062.00000000,78129.99000000,12.23123000
1788037800000,2026-08-29T21:10:00.000Z,78130.00000000,78188.65000000,78129.99000000,78154.91000000,7.86426000
1788038100000,2026-08-29T21:15:00.000Z,78154.92000000,78175.01000000,78144.00000000,78175.00000000,7.76978000
1788038400000,2026-08-29T21:20:00.000Z,78175.01000000,78175.01000000,78148.00000000,78148.00000000,5.28375000
1788038700000,2026-08-29T21:25:00.000Z,78148.00000000,78148.00000000,78102.00000000,78107.61000000,11.11448000
1788039000000,2026-08-29T21:30:00.000Z,78107.61000000,78119.53000000,78104.33000000,78104.34000000,4.87422000
1788039300000,2026-08-29T21:35:00.000Z,78104.33000000,78107.59000000,78072.00000000,78089.77000000,8.76543000
1788039600000,2026-08-29T21:40:00.000Z,78089.76000000,78098.97000000,78070.00000000,78098.96000000,7.23634000
1788039900000,2026-08-29T21:45:00.000Z,78098.97000000,78154.80000000,78098.54000000,78154.80000000,9.50911000
1788040200000,2026-08-29T21:50:00.000Z,78155.00000000,78185.93000000,78155.00000000,78185.92000000,4.96144000
1788040500000,2026-08-29T21:55:00.000Z,78185.93000000,78198.00000000,78149.34000000,78161.63000000,7.85834000
1788040800000,2026-08-29T22:00:00.000Z,78161.62000000,78187.77000000,78149.34000000,78187.77000000,8.82867000
1788041100000,2026-08-29T22:05:00.000Z,78187.76000000,78220.00000000,78168.00000000,78205.24000000,39.05339000
1788041400000,2026-08-29T22:10:00.000Z,78205.25000000,78214.09000000,78110.00000000,78137.37000000,95.53925000
1788041700000,2026-08-29T22:15:00.000Z,78137.38000000,78158.00000000,78086.00000000,78086.01000000,11.18957000
1788042000000,2026-08-29T22:20:00.000Z,78086.01000000,78100.61000000,78086.00000000,78100.61000000,2.41066000
1788042300000,2026-08-29T22:25:00.000Z,78100.60000000,78151.91000000,78100.60000000,78146.78000000,44.15407000
1788042600000,2026-08-29T22:30:00.000Z,78146.79000000,78157.85000000,78134.99000000,78135.00000000,31.43092000
1788042900000,2026-08-29T22:35:00.000Z,78135.00000000,78184.92000000,78134.99000000,78180.80000000,28.66335000
1788043200000,2026-08-29T22:40:00.000Z,78180.80000000,78183.38000000,78170.00000000,78180.00000000,18.07485000
1788043500000,2026-08-29T22:45:00.000Z,78180.00000000,78196.22000000,78179.99000000,78193.00000000,6.23254000
1788043800000,2026-08-29T22:50:00.000Z,78193.00000000,78213.32000000,78193.00000000,78213.32000000,5.47728000
1788044100000,2026-08-29T22:55:00.000Z,78213.32000000,78239.40000000,78213.31000000,78228.34000000,7.17361000
1788044400000,2026-08-29T23:00:00.000Z,78228.33000000,78246.80000000,78228.33000000,78228.77000000,4.88086000
1788044700000,2026-08-29T23:05:00.000Z,78228.77000000,78250.00000000,78200.58000000,78218.18000000,12.82518000
1788045000000,2026-08-29T23:10:00.000Z,78218.19000000,78243.53000000,78209.24000000,78241.68000000,9.34698000
1788045300000,2026-08-29T23:15:00.000Z,78241.67000000,78262.66000000,78224.00000000,78247.68000000,9.04181000
1788045600000,2026-08-29T23:20:00.000Z,78247.68000000,78247.68000000,78200.00000000,78200.00000000,9.95629000
1788045900000,2026-08-29T23:25:00.000Z,78200.00000000,78265.27000000,78190.00000000,78261.43000000,49.11515000
1788046200000,2026-08-29T23:30:00.000Z,78261.44000000,78283.70000000,78234.00000000,78234.01000000,36.30867000
1788046500000,2026-08-29T23:35:00.000Z,78234.00000000,78266.91000000,78234.00000000,78258.34000000,6.37863000
1788046800000,2026-08-29T23:40:00.000Z,78258.35000000,78270.24000000,78218.48000000,78218.49000000,95.01968000
1788047100000,2026-08-29T23:45:00.000Z,78218.49000000,78282.53000000,78218.49000000,78282.52000000,39.04254000
1788047400000,2026-08-29T23:50:00.000Z,78282.52000000,78282.52000000,78222.96000000,78248.58000000,20.68541000
1788047700000,2026-08-29T23:55:00.000Z,78248.59000000,78248.59000000,78224.61000000,78230.00000000,33.49160000
1788048000000,2026-08-30T00:00:00.000Z,78230.00000000,78238.22000000,78205.15000000,78205.15000000,12.59386000
1788048300000,2026-08-30T00:05:00.000Z,78205.16000000,78205.16000000,78186.00000000,78186.01000000,6.67286000
1788048600000,2026-08-30T00:10:00.000Z,78186.01000000,78186.01000000,78147.17000000,78177.50000000,34.41596000
1788048900000,2026-08-30T00:15:00.000Z,78177.50000000,78330.00000000,78177.49000000,78284.84000000,27.32771000
1788049200000,2026-08-30T00:20:00.000Z,78284.85000000,78284.85000000,78209.40000000,78213.08000000,26.76917000
1788049500000,2026-08-30T00:25:00.000Z,78213.07000000,78226.61000000,78210.80000000,78216.52000000,4.26406000
1788049800000,2026-08-30T00:30:00.000Z,78216.52000000,78240.00000000,78194.24000000,78214.10000000,10.81491000
1788050100000,2026-08-30T00:35:00.000Z,78214.10000000,78299.79000000,78214.09000000,78238.01000000,19.53737000
1788050400000,2026-08-30T00:40:00.000Z,78238.01000000,78253.43000000,78194.24000000,78209.30000000,12.21043000
1788050700000,2026-08-30T00:45:00.000Z,78209.29000000,78239.99000000,78194.24000000,78239.99000000,7.52927000
1788051000000,2026-08-30T00:50:00.000Z,78239.99000000,78251.93000000,78212.68000000,78221.46000000,15.87845000
1788051300000,2026-08-30T00:55:00.000Z,78221.46000000,78221.46000000,78179.85000000,78179.86000000,7.18819000
1788051600000,2026-08-30T01:00:00.000Z,78179.86000000,78190.00000000,78166.00000000,78190.00000000,10.00250000
1788051900000,2026-08-30T01:05:00.000Z,78189.99000000,78190.00000000,78108.14000000,78113.77000000,25.70703000
1788052200000,2026-08-30T01:10:00.000Z,78113.77000000,78130.51000000,78070.00000000,78072.01000000,20.48472000
1788052500000,2026-08-30T01:15:00.000Z,78072.01000000,78072.01000000,77995.81000000,78043.82000000,62.48722000
1788052800000,2026-08-30T01:20:00.000Z,78043.82000000,78070.37000000,78043.81000000,78048.28000000,26.96900000
1788053100000,2026-08-30T01:25:00.000Z,78048.27000000,78048.28000000,78000.00000000,78016.17000000,13.38643000
1788053400000,2026-08-30T01:30:00.000Z,78016.17000000,78030.00000000,77994.02000000,78009.18000000,22.47698000
1788053700000,2026-08-30T01:35:00.000Z,78009.18000000,78069.97000000,78006.32000000,78055.35000000,15.04841000
1788054000000,2026-08-30T01:40:00.000Z,78055.36000000,78066.59000000,78048.27000000,78061.66000000,11.13085000
1788054300000,2026-08-30T01:45:00.000Z,78061.65000000,78131.99000000,78061.65000000,78112.57000000,17.01720000
1788054600000,2026-08-30T01:50:00.000Z,78112.56000000,78117.12000000,78072.45000000,78078.97000000,12.62823000
1788054900000,2026-08-30T01:55:00.000Z,78078.97000000,78084.00000000,78044.90000000,78081.50000000,19.71414000
1788055200000,2026-08-30T02:00:00.000Z,78081.49000000,78127.99000000,78066.64000000,78127.02000000,9.70667000
1788055500000,2026-08-30T02:05:00.000Z,78127.03000000,78129.98000000,78074.08000000,78083.07000000,19.70008000
1788055800000,2026-08-30T02:10:00.000Z,78083.06000000,78089.29000000,78074.82000000,78086.33000000,3.05878000
1788056100000,2026-08-30T02:15:00.000Z,78086.32000000,78087.92000000,78056.00000000,78070.50000000,6.96493000
1788056400000,2026-08-30T02:20:00.000Z,78070.51000000,78071.44000000,78048.37000000,78048.38000000,5.60067000
1788056700000,2026-08-30T02:25:00.000Z,78048.38000000,78063.21000000,78018.06000000,78042.50000000,11.70125000
1788057000000,2026-08-30T02:30:00.000Z,78042.49000000,78051.14000000,78014.74000000,78036.88000000,8.37358000
1788057300000,2026-08-30T02:35:00.000Z,78036.88000000,78066.69000000,78036.88000000,78066.68000000,5.15406000
1788057600000,2026-08-30T02:40:00.000Z,78066.68000000,78121.90000000,78066.68000000,78102.45000000,12.58346000
1788057900000,2026-08-30T02:45:00.000Z,78102.45000000,78109.53000000,78090.57000000,78109.53000000,14.26862000
1788058200000,2026-08-30T02:50:00.000Z,78109.53000000,78178.02000000,78109.52000000,78145.48000000,15.94334000
1788058500000,2026-08-30T02:55:00.000Z,78145.47000000,78148.07000000,78106.00000000,78106.01000000,6.58922000
1788058800000,2026-08-30T03:00:00.000Z,78106.00000000,78127.85000000,78084.36000000,78084.36000000,15.48050000
1788059100000,2026-08-30T03:05:00.000Z,78084.36000000,78084.94000000,78066.46000000,78084.94000000,9.39886000
1788059400000,2026-08-30T03:10:00.000Z,78084.94000000,78084.94000000,78084.92000000,78084.93000000,16.03780000
1788059700000,2026-08-30T03:15:00.000Z,78084.93000000,78084.93000000,78075.00000000,78083.90000000,21.65013000
1788060000000,2026-08-30T03:20:00.000Z,78083.91000000,78099.57000000,78065.99000000,78099.56000000,28.55775000
1788060300000,2026-08-30T03:25:00.000Z,78099.56000000,78168.00000000,78099.56000000,78168.00000000,21.04475000
1788060600000,2026-08-30T03:30:00.000Z,78168.00000000,78233.70000000,78146.22000000,78233.70000000,20.19264000
1788060900000,2026-08-30T03:35:00.000Z,78233.70000000,78233.70000000,78178.00000000,78189.04000000,24.00823000
1788061200000,2026-08-30T03:40:00.000Z,78189.05000000,78212.00000000,78174.55000000,78190.43000000,21.37516000
1788061500000,2026-08-30T03:45:00.000Z,78190.44000000,78191.37000000,78158.00000000,78167.30000000,23.01944000
1788061800000,2026-08-30T03:50:00.000Z,78167.31000000,78168.91000000,78149.99000000,78150.00000000,36.67455000
1788062100000,2026-08-30T03:55:00.000Z,78150.00000000,78160.52000000,78144.68000000,78144.68000000,16.96472000
1788062400000,2026-08-30T04:00:00.000Z,78144.68000000,78220.00000000,78144.68000000,78220.00000000,25.41062000
1788062700000,2026-08-30T04:05:00.000Z,78220.00000000,78220.00000000,78150.01000000,78162.72000000,12.20043000
1788063000000,2026-08-30T04:10:00.000Z,78162.72000000,78162.72000000,78154.85000000,78157.21000000,7.54713000
1788063300000,2026-08-30T04:15:00.000Z,78157.22000000,78173.04000000,78140.00000000,78146.35000000,11.34117000
1788063600000,2026-08-30T04:20:00.000Z,78146.35000000,78148.86000000,78093.01000000,78113.06000000,26.25281000
1788063900000,2026-08-30T04:25:00.000Z,78113.07000000,78134.00000000,78113.06000000,78122.04000000,7.13413000
1788064200000,2026-08-30T04:30:00.000Z,78122.03000000,78122.04000000,78092.99000000,78093.00000000,20.41355000
1788064500000,2026-08-30T04:35:00.000Z,78093.00000000,78093.00000000,78020.06000000,78031.62000000,36.34696000
1788064800000,2026-08-30T04:40:00.000Z,78031.63000000,78050.94000000,78021.62000000,78021.62000000,26.82370000
1788065100000,2026-08-30T04:45:00.000Z,78021.63000000,78025.85000000,77990.00000000,78009.99000000,14.57000000
1788065400000,2026-08-30T04:50:00.000Z,78009.99000000,78073.86000000,78009.99000000,78073.85000000,17.26345000
1788065700000,2026-08-30T04:55:00.000Z,78073.86000000,78109.75000000,78073.85000000,78109.75000000,10.23031000
1788066000000,2026-08-30T05:00:00.000Z,78109.74000000,78205.25000000,78109.74000000,78199.99000000,24.52671000
1788066300000,2026-08-30T05:05:00.000Z,78199.99000000,78214.00000000,78152.82000000,78169.49000000,44.85719000
1788066600000,2026-08-30T05:10:00.000Z,78169.49000000,78169.49000000,78146.00000000,78146.01000000,5.50833000
1788066900000,2026-08-30T05:15:00.000Z,78146.00000000,78146.01000000,78136.78000000,78136.89000000,6.97896000
1788067200000,2026-08-30T05:20:00.000Z,78136.88000000,78140.00000000,78136.88000000,78140.00000000,5.96018000
1788067500000,2026-08-30T05:25:00.000Z,78140.00000000,78140.00000000,78139.99000000,78140.00000000,4.73646000
1788067800000,2026-08-30T05:30:00.000Z,78140.00000000,78140.00000000,78136.88000000,78136.89000000,5.92346000
1788068100000,2026-08-30T05:35:00.000Z,78136.89000000,78136.89000000,78122.00000000,78122.01000000,16.77327000
1788068400000,2026-08-30T05:40:00.000Z,78122.00000000,78134.31000000,78122.00000000,78126.23000000,9.98925000
1788068700000,2026-08-30T05:45:00.000Z,78126.23000000,78126.23000000,78126.22000000,78126.23000000,6.91908000
1788069000000,2026-08-30T05:50:00.000Z,78126.22000000,78135.28000000,78121.81000000,78127.71000000,19.62341000
1788069300000,2026-08-30T05:55:00.000Z,78127.72000000,78127.72000000,78124.56000000,78127.71000000,9.49683000
1788069600000,2026-08-30T06:00:00.000Z,78127.72000000,78146.00000000,78120.00000000,78144.73000000,10.77010000
1788069900000,2026-08-30T06:05:00.000Z,78144.74000000,78144.74000000,78119.22000000,78119.23000000,6.02095000
1788070200000,2026-08-30T06:10:00.000Z,78119.23000000,78123.33000000,78106.07000000,78123.32000000,15.79245000
1788070500000,2026-08-30T06:15:00.000Z,78123.33000000,78141.77000000,78123.32000000,78141.76000000,21.94747000
1788070800000,2026-08-30T06:20:00.000Z,78141.77000000,78194.00000000,78141.76000000,78194.00000000,11.08797000
1788071100000,2026-08-30T06:25:00.000Z,78193.99000000,78194.00000000,78176.34000000,78177.41000000,7.66382000
1788071400000,2026-08-30T06:30:00.000Z,78177.41000000,78199.28000000,78177.41000000,78199.28000000,9.34730000
1788071700000,2026-08-30T06:35:00.000Z,78199.27000000,78263.76000000,78199.27000000,78244.35000000,32.79190000
1788072000000,2026-08-30T06:40:00.000Z,78244.35000000,78298.59000000,78219.44000000,78245.91000000,27.08072000
1788072300000,2026-08-30T06:45:00.000Z,78245.91000000,78310.71000000,78233.67000000,78297.10000000,39.17253000
1788072600000,2026-08-30T06:50:00.000Z,78297.09000000,78297.09000000,78254.00000000,78276.00000000,20.70648000
1788072900000,2026-08-30T06:55:00.000Z,78276.01000000,78280.34000000,78272.75000000,78280.34000000,6.29853000
1788073200000,2026-08-30T07:00:00.000Z,78280.34000000,78291.27000000,78264.46000000,78264.47000000,11.16021000
1788073500000,2026-08-30T07:05:00.000Z,78264.47000000,78264.47000000,78256.00000000,78256.01000000,5.38133000
1788073800000,2026-08-30T07:10:00.000Z,78256.00000000,78256.01000000,78256.00000000,78256.01000000,5.51283000
1788074100000,2026-08-30T07:15:00.000Z,78256.01000000,78256.01000000,78244.00000000,78244.01000000,3.89146000
1788074400000,2026-08-30T07:20:00.000Z,78244.01000000,78244.01000000,78232.73000000,78232.74000000,5.32240000
1788074700000,2026-08-30T07:25:00.000Z,78232.73000000,78232.74000000,78230.00000000,78230.00000000,6.49113000
1788075000000,2026-08-30T07:30:00.000Z,78230.01000000,78230.01000000,78177.98000000,78178.05000000,13.90391000
1788075300000,2026-08-30T07:35:00.000Z,78178.05000000,78199.09000000,78168.66000000,78186.91000000,21.29516000
1788075600000,2026-08-30T07:40:00.000Z,78186.91000000,78186.91000000,78146.00000000,78146.01000000,11.42756000
1788075900000,2026-08-30T07:45:00.000Z,78146.01000000,78162.00000000,78118.00000000,78158.84000000,29.39120000
1788076200000,2026-08-30T07:50:00.000Z,78158.84000000,78158.85000000,78141.95000000,78157.94000000,12.98189000
1788076500000,2026-08-30T07:55:00.000Z,78157.94000000,78157.95000000,78118.00000000,78118.00000000,10.74642000
1788076800000,2026-08-30T08:00:00.000Z,78118.00000000,78138.00000000,78118.00000000,78137.99000000,18.47014000
1788077100000,2026-08-30T08:05:00.000Z,78138.00000000,78195.57000000,78137.99000000,78191.52000000,14.83470000
1788077400000,2026-08-30T08:10:00.000Z,78191.52000000,78191.52000000,78138.00000000,78148.07000000,19.88874000
1788077700000,2026-08-30T08:15:00.000Z,78148.06000000,78196.50000000,78148.06000000,78196.50000000,7.91777000
1788078000000,2026-08-30T08:20:00.000Z,78196.50000000,78207.22000000,78154.00000000,78156.52000000,20.72713000
1788078300000,2026-08-30T08:25:00.000Z,78156.52000000,78176.57000000,78154.09000000,78154.09000000,5.22589000
1788078600000,2026-08-30T08:30:00.000Z,78154.09000000,78154.10000000,78138.00000000,78138.01000000,5.60771000
1788078900000,2026-08-30T08:35:00.000Z,78138.01000000,78138.01000000,78040.00000000,78042.19000000,20.58627000
1788079200000,2026-08-30T08:40:00.000Z,78042.19000000,78062.00000000,78040.48000000,78062.00000000,6.08684000
1788079500000,2026-08-30T08:45:00.000Z,78061.99000000,78063.19000000,78034.00000000,78063.19000000,9.71282000
1788079800000,2026-08-30T08:50:00.000Z,78063.19000000,78064.00000000,78042.65000000,78054.29000000,6.00976000
1788080100000,2026-08-30T08:55:00.000Z,78054.29000000,78086.00000000,78054.28000000,78074.01000000,8.60817000
1788080400000,2026-08-30T09:00:00.000Z,78074.01000000,78084.29000000,78074.01000000,78084.28000000,7.08828000
1788080700000,2026-08-30T09:05:00.000Z,78084.29000000,78084.29000000,78084.28000000,78084.28000000,2.69895000
1788081000000,2026-08-30T09:10:00.000Z,78084.29000000,78100.00000000,78084.28000000,78100.00000000,4.87505000
1788081300000,2026-08-30T09:15:00.000Z,78099.99000000,78100.00000000,78074.01000000,78074.02000000,6.23115000
1788081600000,2026-08-30T09:20:00.000Z,78074.01000000,78118.87000000,78050.94000000,78050.94000000,21.94378000
1788081900000,2026-08-30T09:25:00.000Z,78050.94000000,78058.00000000,77986.00000000,77991.65000000,37.21621000
1788082200000,2026-08-30T09:30:00.000Z,77991.65000000,78029.22000000,77989.03000000,78004.13000000,29.81799000
1788082500000,2026-08-30T09:35:00.000Z,78004.13000000,78015.88000000,78004.12000000,78009.49000000,10.44622000
1788082800000,2026-08-30T09:40:00.000Z,78009.49000000,78052.76000000,78000.33000000,78035.03000000,13.06730000
1788083100000,2026-08-30T09:45:00.000Z,78035.02000000,78060.00000000,78014.00000000,78014.01000000,14.53186000
1788083400000,2026-08-30T09:50:00.000Z,78014.00000000,78014.01000000,78000.00000000,78000.01000000,8.62140000
1788083700000,2026-08-30T09:55:00.000Z,78000.01000000,78020.00000000,78000.00000000,78000.01000000,8.72976000
1788084000000,2026-08-30T10:00:00.000Z,78000.01000000,78002.41000000,77962.49000000,77968.96000000,13.26559000
1788084300000,2026-08-30T10:05:00.000Z,77968.97000000,78043.28000000,77968.81000000,78043.27000000,17.68413000
1788084600000,2026-08-30T10:10:00.000Z,78043.28000000,78072.01000000,78017.51000000,78017.51000000,20.55703000
1788084900000,2026-08-30T10:15:00.000Z,78017.51000000,78020.42000000,77998.00000000,78016.00000000,16.86024000
1788085200000,2026-08-30T10:20:00.000Z,78015.99000000,78062.99000000,78015.99000000,78062.99000000,30.28920000
1788085500000,2026-08-30T10:25:00.000Z,78062.98000000,78122.44000000,78050.00000000,78050.00000000,23.95906000
1788085800000,2026-08-30T10:30:00.000Z,78050.01000000,78092.97000000,78050.00000000,78062.01000000,6.40967000
1788086100000,2026-08-30T10:35:00.000Z,78062.00000000,78080.00000000,78062.00000000,78079.99000000,3.69365000
1788086400000,2026-08-30T10:40:00.000Z,78080.00000000,78122.12000000,78079.99000000,78112.50000000,17.96369000
1788086700000,2026-08-30T10:45:00.000Z,78112.51000000,78145.29000000,78112.50000000,78145.29000000,6.60657000
1788087000000,2026-08-30T10:50:00.000Z,78145.28000000,78145.29000000,78145.28000000,78145.29000000,5.76407000
1788087300000,2026-08-30T10:55:00.000Z,78145.28000000,78145.29000000,78145.28000000,78145.29000000,5.25224000
1788087600000,2026-08-30T11:00:00.000Z,78145.29000000,78153.99000000,78145.28000000,78153.98000000,5.09844000
1788087900000,2026-08-30T11:05:00.000Z,78153.99000000,78198.26000000,78153.98000000,78198.26000000,9.87316000
1788088200000,2026-08-30T11:10:00.000Z,78198.25000000,78198.26000000,78144.18000000,78167.75000000,12.49501000
1788088500000,2026-08-30T11:15:00.000Z,78167.76000000,78174.75000000,78153.18000000,78174.74000000,5.60102000
1788088800000,2026-08-30T11:20:00.000Z,78174.74000000,78187.22000000,78174.74000000,78187.22000000,5.95478000
1788089100000,2026-08-30T11:25:00.000Z,78187.22000000,78220.00000000,78187.21000000,78220.00000000,9.87019000
1788089400000,2026-08-30T11:30:00.000Z,78219.99000000,78242.00000000,78184.00000000,78214.70000000,23.47089000
1788089700000,2026-08-30T11:35:00.000Z,78214.70000000,78214.70000000,78153.18000000,78171.23000000,17.87244000
1788090000000,2026-08-30T11:40:00.000Z,78171.23000000,78220.00000000,78171.23000000,78190.90000000,15.28832000
1788090300000,2026-08-30T11:45:00.000Z,78190.90000000,78190.90000000,78156.00000000,78156.01000000,22.15340000
1788090600000,2026-08-30T11:50:00.000Z,78156.00000000,78156.01000000,78117.11000000,78146.84000000,33.93771000
1788090900000,2026-08-30T11:55:00.000Z,78146.83000000,78166.00000000,78145.95000000,78166.00000000,10.42558000
1788091200000,2026-08-30T12:00:00.000Z,78165.99000000,78313.96000000,78165.99000000,78286.15000000,52.25640000
1788091500000,2026-08-30T12:05:00.000Z,78286.16000000,78608.86000000,78286.15000000,78608.85000000,150.29338000
1788091800000,2026-08-30T12:10:00.000Z,78608.86000000,78725.98000000,78587.08000000,78660.00000000,101.40098000
1788092100000,2026-08-30T12:15:00.000Z,78660.00000000,78660.00000000,78522.00000000,78522.01000000,85.22485000
1788092400000,2026-08-30T12:20:00.000Z,78522.00000000,78569.04000000,78496.69000000,78531.42000000,47.40264000
1788092700000,2026-08-30T12:25:00.000Z,78531.41000000,78628.00000000,78507.60000000,78627.99000000,40.41353000
1788093000000,2026-08-30T12:30:00.000Z,78627.99000000,78850.81000000,78575.00000000,78584.68000000,99.37632000
1788093300000,2026-08-30T12:35:00.000Z,78584.69000000,78626.00000000,78550.00000000,78626.00000000,57.00240000
1788093600000,2026-08-30T12:40:00.000Z,78625.99000000,78737.80000000,78569.98000000,78658.01000000,49.61154000
1788093900000,2026-08-30T12:45:00.000Z,78658.01000000,78676.96000000,78607.84000000,78618.90000000,23.05809000
1788094200000,2026-08-30T12:50:00.000Z,78618.90000000,78661.50000000,78590.04000000,78636.10000000,39.80886000
1788094500000,2026-08-30T12:55:00.000Z,78636.10000000,78785.54000000,78628.53000000,78785.06000000,68.26083000
1788094800000,2026-08-30T13:00:00.000Z,78785.06000000,78826.00000000,78690.56000000,78738.02000000,83.65508000
1788095100000,2026-08-30T13:05:00.000Z,78738.02000000,78743.55000000,78674.00000000,78682.04000000,28.42215000
1788095400000,2026-08-30T13:10:00.000Z,78682.04000000,78686.01000000,78625.54000000,78633.85000000,30.99098000
1788095700000,2026-08-30T13:15:00.000Z,78633.86000000,78678.46000000,78590.14000000,78678.46000000,28.39354000
1788096000000,2026-08-30T13:20:00.000Z,78678.45000000,78717.68000000,78670.65000000,78717.67000000,24.11115000
1788096300000,2026-08-30T13:25:00.000Z,78717.67000000,78729.90000000,78699.29000000,78729.90000000,21.70058000
1788096600000,2026-08-30T13:30:00.000Z,78729.89000000,78757.39000000,78698.00000000,78698.01000000,30.78755000
1788096900000,2026-08-30T13:35:00.000Z,78698.01000000,78724.86000000,78680.00000000,78711.70000000,21.57427000
1788097200000,2026-08-30T13:40:00.000Z,78711.91000000,78821.59000000,78686.43000000,78790.92000000,29.89898000
1788097500000,2026-08-30T13:45:00.000Z,78790.93000000,78950.00000000,78790.92000000,78949.99000000,86.20807000
1788097800000,2026-08-30T13:50:00.000Z,78950.00000000,78966.76000000,78890.00000000,78902.59000000,63.04217000
1788098100000,2026-08-30T13:55:00.000Z,78902.59000000,78902.60000000,78860.00000000,78860.00000000,40.03568000
1788098400000,2026-08-30T14:00:00.000Z,78860.01000000,78945.94000000,78822.00000000,78891.13000000,39.16001000
1788098700000,2026-08-30T14:05:00.000Z,78891.12000000,78894.92000000,78778.00000000,78891.99000000,73.49070000
1788099000000,2026-08-30T14:10:00.000Z,78891.99000000,78935.54000000,78855.20000000,78929.01000000,56.54430000
1788099300000,2026-08-30T14:15:00.000Z,78929.02000000,78939.20000000,78800.04000000,78800.05000000,60.55175000
1788099600000,2026-08-30T14:20:00.000Z,78800.04000000,78834.55000000,78800.00000000,78834.55000000,25.49439000
1788099900000,2026-08-30T14:25:00.000Z,78834.55000000,78876.00000000,78834.54000000,78868.74000000,25.26312000
1788100200000,2026-08-30T14:30:00.000Z,78868.75000000,78935.71000000,78836.37000000,78836.37000000,36.00495000
1788100500000,2026-08-30T14:35:00.000Z,78836.37000000,78836.38000000,78722.00000000,78732.65000000,32.44476000
1788100800000,2026-08-30T14:40:00.000Z,78732.65000000,78778.67000000,78732.64000000,78761.96000000,19.71743000
1788101100000,2026-08-30T14:45:00.000Z,78761.96000000,78789.10000000,78724.00000000,78772.16000000,24.70738000
1788101400000,2026-08-30T14:50:00.000Z,78772.16000000,78808.69000000,78767.14000000,78808.68000000,16.70691000
1788101700000,2026-08-30T14:55:00.000Z,78808.68000000,78825.60000000,78782.98000000,78783.71000000,29.24407000
1788102000000,2026-08-30T15:00:00.000Z,78783.70000000,78792.31000000,78690.00000000,78690.01000000,47.27865000
1788102300000,2026-08-30T15:05:00.000Z,78690.01000000,78876.11000000,78690.00000000,78793.16000000,120.49632000
1788102600000,2026-08-30T15:10:00.000Z,78793.16000000,78804.00000000,78646.88000000,78665.63000000,47.91780000
1788102900000,2026-08-30T15:15:00.000Z,78665.64000000,78761.16000000,78626.00000000,78692.69000000,75.66580000
1788103200000,2026-08-30T15:20:00.000Z,78692.68000000,78770.00000000,78692.68000000,78770.00000000,63.38612000
1788103500000,2026-08-30T15:25:00.000Z,78769.99000000,78841.58000000,78769.99000000,78791.68000000,54.32133000
1788103800000,2026-08-30T15:30:00.000Z,78791.67000000,78831.52000000,78791.67000000,78803.97000000,27.09397000
1788104100000,2026-08-30T15:35:00.000Z,78803.97000000,78825.67000000,78787.30000000,78825.67000000,18.47368000
1788104400000,2026-08-30T15:40:00.000Z,78825.66000000,78860.00000000,78798.00000000,78859.99000000,21.75045000
1788104700000,2026-08-30T15:45:00.000Z,78860.00000000,78912.94000000,78820.03000000,78820.03000000,31.58983000
1788105000000,2026-08-30T15:50:00.000Z,78820.04000000,78850.00000000,78808.00000000,78808.00000000,24.76544000
1788105300000,2026-08-30T15:55:00.000Z,78808.00000000,78823.63000000,78790.79000000,78823.63000000,21.08169000
1788105600000,2026-08-30T16:00:00.000Z,78823.62000000,79000.00000000,78808.06000000,78964.20000000,59.58580000
1788105900000,2026-08-30T16:05:00.000Z,78964.20000000,79004.13000000,78812.14000000,78818.01000000,42.29031000
1788106200000,2026-08-30T16:10:00.000Z,78818.00000000,79187.50000000,78750.00000000,79124.00000000,116.31321000
1788106500000,2026-08-30T16:15:00.000Z,79124.00000000,79250.00000000,79040.75000000,79107.87000000,85.77534000
1788106800000,2026-08-30T16:20:00.000Z,79107.87000000,79120.01000000,79012.00000000,79119.35000000,46.49710000
1788107100000,2026-08-30T16:25:00.000Z,79119.35000000,79136.00000000,79036.00000000,79043.77000000,58.38476000
1788107400000,2026-08-30T16:30:00.000Z,79043.78000000,79188.00000000,79014.92000000,79166.00000000,35.24546000
1788107700000,2026-08-30T16:35:00.000Z,79166.00000000,79210.55000000,79112.00000000,79124.51000000,36.67219000
1788108000000,2026-08-30T16:40:00.000Z,79124.51000000,79266.85000000,79124.51000000,79204.00000000,42.61570000
1788108300000,2026-08-30T16:45:00.000Z,79204.00000000,79230.00000000,79160.95000000,79186.00000000,37.28363000
1788108600000,2026-08-30T16:50:00.000Z,79186.01000000,79236.00000000,79144.00000000,79215.71000000,40.24463000
1788108900000,2026-08-30T16:55:00.000Z,79215.72000000,79400.00000000,79192.88000000,79337.93000000,66.65575000
1788109200000,2026-08-30T17:00:00.000Z,79337.93000000,79337.93000000,79220.00000000,79249.75000000,28.33989000
1788109500000,2026-08-30T17:05:00.000Z,79249.75000000,79265.62000000,79149.74000000,79194.84000000,52.18569000
1788109800000,2026-08-30T17:10:00.000Z,79194.83000000,79195.22000000,79137.35000000,79178.49000000,27.94317000
1788110100000,2026-08-30T17:15:00.000Z,79178.49000000,79178.49000000,78971.02000000,79000.30000000,92.54302000
1788110400000,2026-08-30T17:20:00.000Z,79000.30000000,79003.03000000,78778.59000000,78877.96000000,77.26860000
1788110700000,2026-08-30T17:25:00.000Z,78877.97000000,78942.00000000,78774.85000000,78940.62000000,48.14638000
1788111000000,2026-08-30T17:30:00.000Z,78940.61000000,78997.71000000,78882.00000000,78997.70000000,31.55937000
1788111300000,2026-08-30T17:35:00.000Z,78997.71000000,79027.31000000,78984.00000000,79016.13000000,22.55051000
1788111600000,2026-08-30T17:40:00.000Z,79016.14000000,79060.00000000,78977.22000000,79044.82000000,17.27919000
1788111900000,2026-08-30T17:45:00.000Z,79044.81000000,79080.01000000,79014.00000000,79019.33000000,22.58546000
1788112200000,2026-08-30T17:50:00.000Z,79019.33000000,79051.74000000,78962.83000000,79022.00000000,31.51620000
1788112500000,2026-08-30T17:55:00.000Z,79021.99000000,79021.99000000,78976.67000000,79021.02000000,8.80937000
1788112800000,2026-08-30T18:00:00.000Z,79021.02000000,79074.00000000,78997.44000000,79027.67000000,23.03467000
1788113100000,2026-08-30T18:05:00.000Z,79027.67000000,79027.67000000,78859.99000000,78860.00000000,37.74875000
1788113400000,2026-08-30T18:10:00.000Z,78860.00000000,78860.00000000,78776.00000000,78839.29000000,72.89244000
1788113700000,2026-08-30T18:15:00.000Z,78839.30000000,78900.00000000,78839.29000000,78899.99000000,10.82954000
1788114000000,2026-08-30T18:20:00.000Z,78900.00000000,78900.00000000,78866.42000000,78884.34000000,13.52434000
1788114300000,2026-08-30T18:25:00.000Z,78884.33000000,79009.61000000,78860.35000000,79009.61000000,17.85364000
1788114600000,2026-08-30T18:30:00.000Z,79009.61000000,79170.00000000,79009.61000000,79163.47000000,45.85865000
1788114900000,2026-08-30T18:35:00.000Z,79163.47000000,79181.99000000,79131.11000000,79159.00000000,17.84658000
1788115200000,2026-08-30T18:40:00.000Z,79159.01000000,79160.01000000,79070.00000000,79088.56000000,15.38562000
1788115500000,2026-08-30T18:45:00.000Z,79088.55000000,79088.56000000,79042.01000000,79072.40000000,8.27835000
1788115800000,2026-08-30T18:50:00.000Z,79072.40000000,79072.40000000,79020.00000000,79030.36000000,16.82092000
1788116100000,2026-08-30T18:55:00.000Z,79030.36000000,79056.00000000,79024.52000000,79036.69000000,13.70520000
1788116400000,2026-08-30T19:00:00.000Z,79036.68000000,79037.98000000,78972.28000000,78988.28000000,15.97793000
1788116700000,2026-08-30T19:05:00.000Z,78988.28000000,79041.96000000,78942.00000000,79004.34000000,17.22790000
1788117000000,2026-08-30T19:10:00.000Z,79004.34000000,79035.59000000,78998.81000000,79035.59000000,30.03393000
1788117300000,2026-08-30T19:15:00.000Z,79035.58000000,79038.09000000,78970.91000000,79002.63000000,13.91799000
1788117600000,2026-08-30T19:20:00.000Z,79002.62000000,79002.63000000,78912.30000000,78918.81000000,22.91173000
1788117900000,2026-08-30T19:25:00.000Z,78918.82000000,78924.27000000,78917.24000000,78917.24000000,17.13679000
1788118200000,2026-08-30T19:30:00.000Z,78917.24000000,78944.00000000,78886.08000000,78896.12000000,27.80043000
1788118500000,2026-08-30T19:35:00.000Z,78896.12000000,78896.13000000,78792.21000000,78792.35000000,23.33160000
1788118800000,2026-08-30T19:40:00.000Z,78792.35000000,78839.62000000,78778.00000000,78794.00000000,11.86078000
1788119100000,2026-08-30T19:45:00.000Z,78794.00000000,78820.00000000,78721.98000000,78792.86000000,20.02680000
1788119400000,2026-08-30T19:50:00.000Z,78792.85000000,78841.44000000,78792.85000000,78841.12000000,12.80304000
1788119700000,2026-08-30T19:55:00.000Z,78841.12000000,78871.46000000,78841.11000000,78856.39000000,19.16226000
1788120000000,2026-08-30T20:00:00.000Z,78856.39000000,78914.69000000,78856.38000000,78868.00000000,16.27656000
1788120300000,2026-08-30T20:05:00.000Z,78868.01000000,78884.85000000,78838.02000000,78884.84000000,17.38927000
1788120600000,2026-08-30T20:10:00.000Z,78884.84000000,78918.01000000,78864.01000000,78864.01000000,10.54315000
1788120900000,2026-08-30T20:15:00.000Z,78864.02000000,78883.76000000,78844.00000000,78883.76000000,10.49142000
1788121200000,2026-08-30T20:20:00.000Z,78883.76000000,78916.96000000,78868.79000000,78916.96000000,10.46464000
1788121500000,2026-08-30T20:25:00.000Z,78916.96000000,78931.49000000,78842.00000000,78842.00000000,13.81913000
1788121800000,2026-08-30T20:30:00.000Z,78842.00000000,78842.01000000,78732.72000000,78808.00000000,23.56442000
1788122100000,2026-08-30T20:35:00.000Z,78807.99000000,78887.02000000,78704.00000000,78707.78000000,37.02313000
1788122400000,2026-08-30T20:40:00.000Z,78707.79000000,78724.02000000,78438.23000000,78475.99000000,72.26388000
1788122700000,2026-08-30T20:45:00.000Z,78476.00000000,78673.48000000,78476.00000000,78671.32000000,43.92852000
1788123000000,2026-08-30T20:50:00.000Z,78671.32000000,78742.31000000,78671.31000000,78690.38000000,26.93718000
1788123300000,2026-08-30T20:55:00.000Z,78690.39000000,78690.39000000,78597.32000000,78597.33000000,11.51210000
1788123600000,2026-08-30T21:00:00.000Z,78597.32000000,78597.33000000,78229.82000000,78476.00000000,221.83513000
1788123900000,2026-08-30T21:05:00.000Z,78476.00000000,78520.00000000,78446.00000000,78519.99000000,15.73143000
1788124200000,2026-08-30T21:10:00.000Z,78519.99000000,78539.81000000,78372.00000000,78503.59000000,51.13573000
1788124500000,2026-08-30T21:15:00.000Z,78503.59000000,78627.31000000,78503.58000000,78597.02000000,26.76797000
1788124800000,2026-08-30T21:20:00.000Z,78597.01000000,78625.59000000,78476.00000000,78596.71000000,22.57220000
1788125100000,2026-08-30T21:25:00.000Z,78596.70000000,78667.87000000,78573.99000000,78644.00000000,13.60179000
1788125400000,2026-08-30T21:30:00.000Z,78644.00000000,78722.00000000,78636.00000000,78715.45000000,17.49375000
1788125700000,2026-08-30T21:35:00.000Z,78715.44000000,78733.77000000,78628.76000000,78653.32000000,27.80171000
1788126000000,2026-08-30T21:40:00.000Z,78653.33000000,78658.45000000,78602.00000000,78635.87000000,19.23705000
1788126300000,2026-08-30T21:45:00.000Z,78635.87000000,78637.01000000,78550.47000000,78562.15000000,19.15825000
1788126600000,2026-08-30T21:50:00.000Z,78562.14000000,78632.00000000,78556.59000000,78605.73000000,10.00189000
1788126900000,2026-08-30T21:55:00.000Z,78605.72000000,78690.00000000,78605.46000000,78653.00000000,16.07398000
1788127200000,2026-08-30T22:00:00.000Z,78653.00000000,78804.00000000,78530.00000000,78743.48000000,57.30950000
1788127500000,2026-08-30T22:05:00.000Z,78743.48000000,78779.80000000,78632.41000000,78644.73000000,17.99539000
1788127800000,2026-08-30T22:10:00.000Z,78644.74000000,78644.74000000,78564.69000000,78571.28000000,23.12182000
1788128100000,2026-08-30T22:15:00.000Z,78571.28000000,78571.28000000,78415.49000000,78535.99000000,61.03525000
1788128400000,2026-08-30T22:20:00.000Z,78535.99000000,78536.00000000,78370.00000000,78370.01000000,26.12890000
1788128700000,2026-08-30T22:25:00.000Z,78370.00000000,78382.11000000,78304.47000000,78382.11000000,28.84482000
1788129000000,2026-08-30T22:30:00.000Z,78382.11000000,78440.00000000,78280.00000000,78361.98000000,32.88501000
1788129300000,2026-08-30T22:35:00.000Z,78361.98000000,78470.00000000,78350.01000000,78469.99000000,19.70256000
1788129600000,2026-08-30T22:40:00.000Z,78470.00000000,78540.00000000,78460.00000000,78460.01000000,19.74773000
1788129900000,2026-08-30T22:45:00.000Z,78460.00000000,78485.35000000,78396.65000000,78430.56000000,22.05162000
1788130200000,2026-08-30T22:50:00.000Z,78430.56000000,78450.27000000,78380.00000000,78444.40000000,12.17364000
1788130500000,2026-08-30T22:55:00.000Z,78444.41000000,78508.00000000,78416.17000000,78422.01000000,69.42743000
1788130800000,2026-08-30T23:00:00.000Z,78422.01000000,78422.01000000,78311.60000000,78311.60000000,77.96741000
1788131100000,2026-08-30T23:05:00.000Z,78311.61000000,78412.32000000,78311.61000000,78338.02000000,54.35711000
1788131400000,2026-08-30T23:10:00.000Z,78338.02000000,78454.00000000,78329.66000000,78366.16000000,152.88762000
1788131700000,2026-08-30T23:15:00.000Z,78366.16000000,78388.77000000,78158.00000000,78367.49000000,148.33465000
1788132000000,2026-08-30T23:20:00.000Z,78367.49000000,78404.00000000,77812.21000000,77982.51000000,192.67022000
1788132300000,2026-08-30T23:25:00.000Z,77982.52000000,78075.88000000,77646.28000000,77678.09000000,143.46956000
1788132600000,2026-08-30T23:30:00.000Z,77678.10000000,77882.16000000,77618.00000000,77759.37000000,117.23662000
1788132900000,2026-08-30T23:35:00.000Z,77759.37000000,77759.37000000,77492.00000000,77530.00000000,170.22320000
1788133200000,2026-08-30T23:40:00.000Z,77529.99000000,77582.00000000,77350.00000000,77476.77000000,175.59870000
1788133500000,2026-08-30T23:45:00.000Z,77476.78000000,77532.00000000,77000.00000000,77367.99000000,364.52271000
1788133800000,2026-08-30T23:50:00.000Z,77368.00000000,77606.00000000,77368.00000000,77571.54000000,99.92845000
1788134100000,2026-08-30T23:55:00.000Z,77571.54000000,77734.61000000,77556.41000000,77682.00000000,103.23115000
1788134400000,2026-08-31T00:00:00.000Z,77682.00000000,77827.99000000,77572.00000000,77808.05000000,106.56499000
1788134700000,2026-08-31T00:05:00.000Z,77808.06000000,77808.07000000,77436.40000000,77437.58000000,136.77537000
1788135000000,2026-08-31T00:10:00.000Z,77437.57000000,77763.22000000,77436.41000000,77754.70000000,71.76046000
1788135300000,2026-08-31T00:15:00.000Z,77754.71000000,77896.00000000,77720.88000000,77867.51000000,57.94489000
1788135600000,2026-08-31T00:20:00.000Z,77867.50000000,77970.01000000,77862.00000000,77967.75000000,41.90222000
1788135900000,2026-08-31T00:25:00.000Z,77967.74000000,77971.47000000,77888.00000000,77901.33000000,48.79630000
1788136200000,2026-08-31T00:30:00.000Z,77901.34000000,77958.00000000,77892.00000000,77952.26000000,46.69296000
1788136500000,2026-08-31T00:35:00.000Z,77952.26000000,78185.89000000,77952.25000000,78012.48000000,91.30295000
1788136800000,2026-08-31T00:40:00.000Z,78013.42000000,78070.00000000,78006.00000000,78032.01000000,18.07343000
1788137100000,2026-08-31T00:45:00.000Z,78032.02000000,78032.02000000,77947.93000000,77978.00000000,39.67961000
1788137400000,2026-08-31T00:50:00.000Z,77978.00000000,78034.01000000,77976.00000000,78023.99000000,32.10401000
1788137700000,2026-08-31T00:55:00.000Z,78023.99000000,78026.01000000,77922.00000000,77937.04000000,19.83660000
1788138000000,2026-08-31T01:00:00.000Z,77937.03000000,77993.03000000,77770.17000000,77784.01000000,74.77509000
1788138300000,2026-08-31T01:05:00.000Z,77784.01000000,77798.00000000,77642.00000000,77646.57000000,83.55490000
1788138600000,2026-08-31T01:10:00.000Z,77646.57000000,77706.00000000,77565.08000000,77660.16000000,76.67853000
1788138900000,2026-08-31T01:15:00.000Z,77660.17000000,77780.00000000,77578.00000000,77778.45000000,49.31953000
1788139200000,2026-08-31T01:20:00.000Z,77778.45000000,77846.00000000,77708.00000000,77846.00000000,29.89817000
1788139500000,2026-08-31T01:25:00.000Z,77846.00000000,77851.41000000,77758.23000000,77775.26000000,24.26683000
1788139800000,2026-08-31T01:30:00.000Z,77775.27000000,77808.00000000,77654.00000000,77723.99000000,44.75280000
1788140100000,2026-08-31T01:35:00.000Z,77723.99000000,77953.99000000,77693.84000000,77855.49000000,61.79583000
1788140400000,2026-08-31T01:40:00.000Z,77855.49000000,77890.00000000,77722.00000000,77750.00000000,34.41693000
1788140700000,2026-08-31T01:45:00.000Z,77749.99000000,77854.00000000,77726.00000000,77772.00000000,22.95336000
1788141000000,2026-08-31T01:50:00.000Z,77772.00000000,77806.30000000,77702.00000000,77702.00000000,31.80265000
1788141300000,2026-08-31T01:55:00.000Z,77702.01000000,77750.00000000,77622.00000000,77640.94000000,33.04596000
1788141600000,2026-08-31T02:00:00.000Z,77640.93000000,77652.00000000,77526.01000000,77651.99000000,80.83001000
1788141900000,2026-08-31T02:05:00.000Z,77652.00000000,77770.00000000,77649.99000000,77734.00000000,36.12220000
1788142200000,2026-08-31T02:10:00.000Z,77734.00000000,78000.00000000,77734.00000000,77952.80000000,33.11991000
1788142500000,2026-08-31T02:15:00.000Z,77952.81000000,77954.00000000,77840.70000000,77856.00000000,58.95141000
1788142800000,2026-08-31T02:20:00.000Z,77856.00000000,77886.00000000,77824.00000000,77832.00000000,97.04904000
1788143100000,2026-08-31T02:25:00.000Z,77832.01000000,77881.33000000,77824.00000000,77875.05000000,37.19522000
1788143400000,2026-08-31T02:30:00.000Z,77875.05000000,77931.78000000,77846.21000000,77848.71000000,46.89772000
1788143700000,2026-08-31T02:35:00.000Z,77848.72000000,77848.72000000,77744.59000000,77766.03000000,23.25286000
1788144000000,2026-08-31T02:40:00.000Z,77766.03000000,77766.05000000,77716.41000000,77716.42000000,21.30953000
1788144300000,2026-08-31T02:45:00.000Z,77716.42000000,77764.00000000,77600.00000000,77609.79000000,34.45943000
1788144600000,2026-08-31T02:50:00.000Z,77609.80000000,77622.00000000,77435.87000000,77435.88000000,56.33880000
1788144900000,2026-08-31T02:55:00.000Z,77435.88000000,77502.84000000,77392.00000000,77473.99000000,47.87321000
1788145200000,2026-08-31T03:00:00.000Z,77474.00000000,77600.00000000,77394.00000000,77550.19000000,47.64423000
1788145500000,2026-08-31T03:05:00.000Z,77550.20000000,77616.00000000,77520.00000000,77615.99000000,19.70667000
1788145800000,2026-08-31T03:10:00.000Z,77615.99000000,77691.56000000,77596.00000000,77658.01000000,37.38722000
1788146100000,2026-08-31T03:15:00.000Z,77658.00000000,77700.00000000,77590.01000000,77590.02000000,16.76053000
1788146400000,2026-08-31T03:20:00.000Z,77590.01000000,77756.50000000,77590.01000000,77756.50000000,21.30211000
1788146700000,2026-08-31T03:25:00.000Z,77756.50000000,77756.50000000,77712.36000000,77731.11000000,22.04869000
1788147000000,2026-08-31T03:30:00.000Z,77731.10000000,77731.10000000,77676.00000000,77699.10000000,11.51483000
1788147300000,2026-08-31T03:35:00.000Z,77699.10000000,77792.19000000,77699.10000000,77783.78000000,14.70529000
1788147600000,2026-08-31T03:40:00.000Z,77783.78000000,77838.00000000,77739.24000000,77818.31000000,24.10432000
1788147900000,2026-08-31T03:45:00.000Z,77818.31000000,77872.00000000,77818.30000000,77834.01000000,27.80967000
1788148200000,2026-08-31T03:50:00.000Z,77834.01000000,77834.01000000,77784.70000000,77786.28000000,16.35277000
1788148500000,2026-08-31T03:55:00.000Z,77786.27000000,77798.00000000,77752.00000000,77756.71000000,19.58903000
1788148800000,2026-08-31T04:00:00.000Z,77756.70000000,77769.11000000,77600.00000000,77601.14000000,35.71068000
1788149100000,2026-08-31T04:05:00.000Z,77601.14000000,77706.00000000,77580.00000000,77626.01000000,25.94084000
1788149400000,2026-08-31T04:10:00.000Z,77626.00000000,77638.00000000,77572.25000000,77590.42000000,55.28810000
1788149700000,2026-08-31T04:15:00.000Z,77590.42000000,77604.28000000,77523.23000000,77526.28000000,44.44689000
1788150000000,2026-08-31T04:20:00.000Z,77526.29000000,77562.00000000,77500.00000000,77522.58000000,35.84795000
1788150300000,2026-08-31T04:25:00.000Z,77522.58000000,77561.53000000,77492.03000000,77514.01000000,69.32992000
1788150600000,2026-08-31T04:30:00.000Z,77514.00000000,77524.00000000,77466.00000000,77479.99000000,42.88227000
1788150900000,2026-08-31T04:35:00.000Z,77480.00000000,77583.01000000,77458.83000000,77583.01000000,79.38662000
1788151200000,2026-08-31T04:40:00.000Z,77583.01000000,77583.01000000,77495.23000000,77568.00000000,51.89787000
1788151500000,2026-08-31T04:45:00.000Z,77568.00000000,77583.01000000,77489.62000000,77489.62000000,31.65666000
1788151800000,2026-08-31T04:50:00.000Z,77489.62000000,77629.00000000,77471.99000000,77624.56000000,38.04031000
1788152100000,2026-08-31T04:55:00.000Z,77624.56000000,77651.86000000,77592.00000000,77622.28000000,39.59962000
1788152400000,2026-08-31T05:00:00.000Z,77622.29000000,77656.91000000,77514.00000000,77656.91000000,42.93917000
1788152700000,2026-08-31T05:05:00.000Z,77656.90000000,77703.99000000,77630.87000000,77648.78000000,32.63119000
1788153000000,2026-08-31T05:10:00.000Z,77648.78000000,77800.00000000,77634.00000000,77762.00000000,29.92511000
1788153300000,2026-08-31T05:15:00.000Z,77762.00000000,78038.00000000,77758.01000000,78032.99000000,70.17603000
1788153600000,2026-08-31T05:20:00.000Z,78032.99000000,78100.00000000,77922.00000000,78089.81000000,51.04163000
1788153900000,2026-08-31T05:25:00.000Z,78089.81000000,78156.78000000,77917.52000000,77998.84000000,69.24215000
1788154200000,2026-08-31T05:30:00.000Z,77998.83000000,78060.98000000,77975.10000000,78060.98000000,40.41462000
1788154500000,2026-08-31T05:35:00.000Z,78060.97000000,78061.99000000,77872.66000000,77890.00000000,53.27334000
1788154800000,2026-08-31T05:40:00.000Z,77889.99000000,77993.59000000,77889.99000000,77974.02000000,25.23994000
1788155100000,2026-08-31T05:45:00.000Z,77974.01000000,78018.00000000,77974.01000000,78014.91000000,31.49661000
1788155400000,2026-08-31T05:50:00.000Z,78014.90000000,78041.75000000,77995.02000000,78004.12000000,28.37691000
1788155700000,2026-08-31T05:55:00.000Z,78004.12000000,78062.88000000,77949.01000000,78016.00000000,37.16421000
1788156000000,2026-08-31T06:00:00.000Z,78016.01000000,78079.18000000,77952.00000000,78046.85000000,37.61633000
1788156300000,2026-08-31T06:05:00.000Z,78046.85000000,78046.86000000,77864.16000000,77972.00000000,88.83861000
1788156600000,2026-08-31T06:10:00.000Z,77972.00000000,78039.02000000,77966.00000000,78023.13000000,35.12956000
1788156900000,2026-08-31T06:15:00.000Z,78023.13000000,78122.00000000,78023.12000000,78112.03000000,32.76426000
1788157200000,2026-08-31T06:20:00.000Z,78112.02000000,78112.03000000,77972.00000000,77990.00000000,37.17466000
1788157500000,2026-08-31T06:25:00.000Z,77990.00000000,78104.00000000,77984.43000000,78007.99000000,186.80282000
1788157800000,2026-08-31T06:30:00.000Z,78007.99000000,78008.00000000,77924.00000000,77954.20000000,43.04522000
1788158100000,2026-08-31T06:35:00.000Z,77954.21000000,78088.94000000,77929.00000000,78085.18000000,51.99329000
1788158400000,2026-08-31T06:40:00.000Z,78085.17000000,78156.77000000,78072.17000000,78084.00000000,33.78298000
1788158700000,2026-08-31T06:45:00.000Z,78084.01000000,78118.24000000,78046.22000000,78091.30000000,19.70345000
1788159000000,2026-08-31T06:50:00.000Z,78091.29000000,78118.00000000,78011.74000000,78108.34000000,27.49576000
1788159300000,2026-08-31T06:55:00.000Z,78108.35000000,78123.80000000,78046.48000000,78093.87000000,373.67516000
1788159600000,2026-08-31T07:00:00.000Z,78093.88000000,78154.26000000,78044.00000000,78064.19000000,38.36808000
1788159900000,2026-08-31T07:05:00.000Z,78064.20000000,78100.00000000,78034.01000000,78084.85000000,30.33981000
1788160200000,2026-08-31T07:10:00.000Z,78084.84000000,78170.00000000,78082.87000000,78127.90000000,244.99806000
1788160500000,2026-08-31T07:15:00.000Z,78127.91000000,78240.00000000,78127.90000000,78170.01000000,58.29741000
1788160800000,2026-08-31T07:20:00.000Z,78170.01000000,78286.36000000,78160.00000000,78286.35000000,37.11540000
1788161100000,2026-08-31T07:25:00.000Z,78286.36000000,78322.56000000,78210.84000000,78213.01000000,43.71848000
1788161400000,2026-08-31T07:30:00.000Z,78213.00000000,78213.01000000,78128.00000000,78182.11000000,73.75490000
1788161700000,2026-08-31T07:35:00.000Z,78182.11000000,78245.33000000,78182.10000000,78245.32000000,39.29915000
1788162000000,2026-08-31T07:40:00.000Z,78245.33000000,78290.00000000,78199.99000000,78270.72000000,47.75487000
1788162300000,2026-08-31T07:45:00.000Z,78270.72000000,78289.86000000,78198.82000000,78198.82000000,35.44140000
1788162600000,2026-08-31T07:50:00.000Z,78198.83000000,78244.00000000,78194.00000000,78202.01000000,27.41629000
1788162900000,2026-08-31T07:55:00.000Z,78202.01000000,78227.28000000,78196.00000000,78196.01000000,39.52993000
1788163200000,2026-08-31T08:00:00.000Z,78196.01000000,78234.85000000,78108.93000000,78108.93000000,44.89106000
1788163500000,2026-08-31T08:05:00.000Z,78108.94000000,78171.43000000,78048.00000000,78171.43000000,31.01920000
1788163800000,2026-08-31T08:10:00.000Z,78171.42000000,78348.88000000,78148.55000000,78157.60000000,48.67274000
1788164100000,2026-08-31T08:15:00.000Z,78157.59000000,78157.60000000,78068.00000000,78068.01000000,30.74524000
1788164400000,2026-08-31T08:20:00.000Z,78068.00000000,78068.01000000,77982.00000000,77995.90000000,43.93707000
1788164700000,2026-08-31T08:25:00.000Z,77995.91000000,78094.00000000,77984.00000000,78094.00000000,55.82915000
1788165000000,2026-08-31T08:30:00.000Z,78094.00000000,78160.00000000,78077.44000000,78128.00000000,38.35242000
1788165300000,2026-08-31T08:35:00.000Z,78128.01000000,78166.66000000,78128.01000000,78165.38000000,88.58860000
1788165600000,2026-08-31T08:40:00.000Z,78165.39000000,78464.00000000,78152.17000000,78324.00000000,107.76924000
1788165900000,2026-08-31T08:45:00.000Z,78323.99000000,78435.19000000,78320.00000000,78395.93000000,39.65703000
1788166200000,2026-08-31T08:50:00.000Z,78395.93000000,78460.28000000,78343.34000000,78420.01000000,41.23024000
1788166500000,2026-08-31T08:55:00.000Z,78420.00000000,78521.89000000,78420.00000000,78480.80000000,212.05347000
1788166800000,2026-08-31T09:00:00.000Z,78480.79000000,78494.00000000,78402.00000000,78402.00000000,91.75236000
1788167100000,2026-08-31T09:05:00.000Z,78402.01000000,78802.00000000,78396.35000000,78757.01000000,127.09595000
1788167400000,2026-08-31T09:10:00.000Z,78757.00000000,78757.01000000,78586.00000000,78652.00000000,45.12769000
1788167700000,2026-08-31T09:15:00.000Z,78652.01000000,78718.64000000,78596.01000000,78706.00000000,52.87779000
1788168000000,2026-08-31T09:20:00.000Z,78705.99000000,78799.78000000,78678.00000000,78770.01000000,47.93654000
1788168300000,2026-08-31T09:25:00.000Z,78770.00000000,78793.75000000,78652.00000000,78652.06000000,58.15899000
1788168600000,2026-08-31T09:30:00.000Z,78652.07000000,78715.96000000,78648.00000000,78658.00000000,31.91519000
1788168900000,2026-08-31T09:35:00.000Z,78658.00000000,78658.01000000,78597.21000000,78641.99000000,30.57263000
1788169200000,2026-08-31T09:40:00.000Z,78642.00000000,78699.26000000,78614.00000000,78699.26000000,43.24824000
1788169500000,2026-08-31T09:45:00.000Z,78699.25000000,78800.00000000,78666.00000000,78666.00000000,43.99126000
1788169800000,2026-08-31T09:50:00.000Z,78666.00000000,78666.01000000,78564.00000000,78572.00000000,26.99532000
1788170100000,2026-08-31T09:55:00.000Z,78571.99000000,78572.00000000,78511.02000000,78511.03000000,25.09490000
1788170400000,2026-08-31T10:00:00.000Z,78511.03000000,78525.39000000,78416.00000000,78438.00000000,51.74771000
1788170700000,2026-08-31T10:05:00.000Z,78437.99000000,78449.00000000,78316.91000000,78405.06000000,55.81013000
1788171000000,2026-08-31T10:10:00.000Z,78405.06000000,78520.00000000,78372.47000000,78519.99000000,43.70290000
1788171300000,2026-08-31T10:15:00.000Z,78519.99000000,78520.00000000,78402.00000000,78440.22000000,28.81433000
1788171600000,2026-08-31T10:20:00.000Z,78440.22000000,78452.00000000,78403.00000000,78415.95000000,27.50531000
1788171900000,2026-08-31T10:25:00.000Z,78415.95000000,78446.65000000,78403.00000000,78438.16000000,11.52861000
1788172200000,2026-08-31T10:30:00.000Z,78438.16000000,78438.16000000,78376.00000000,78396.05000000,18.94035000
1788172500000,2026-08-31T10:35:00.000Z,78396.05000000,78547.38000000,78396.04000000,78508.01000000,74.69344000
1788172800000,2026-08-31T10:40:00.000Z,78508.00000000,78545.83000000,78472.00000000,78534.10000000,91.81123000
1788173100000,2026-08-31T10:45:00.000Z,78534.10000000,78570.00000000,78514.87000000,78517.99000000,51.01947000
1788173400000,2026-08-31T10:50:00.000Z,78517.99000000,78662.25000000,78510.01000000,78646.26000000,32.75073000
1788173700000,2026-08-31T10:55:00.000Z,78646.26000000,78732.00000000,78646.22000000,78710.01000000,88.39413000
1788174000000,2026-08-31T11:00:00.000Z,78710.02000000,78710.02000000,78590.01000000,78596.07000000,48.06801000
1788174300000,2026-08-31T11:05:00.000Z,78596.07000000,78699.98000000,78567.10000000,78583.88000000,60.83701000
1788174600000,2026-08-31T11:10:00.000Z,78583.88000000,78648.97000000,78583.87000000,78623.71000000,27.60579000
1788174900000,2026-08-31T11:15:00.000Z,78623.71000000,78640.01000000,78540.84000000,78600.59000000,47.59437000
1788175200000,2026-08-31T11:20:00.000Z,78600.58000000,78606.03000000,78552.00000000,78573.79000000,31.58753000
1788175500000,2026-08-31T11:25:00.000Z,78573.78000000,78573.79000000,78472.00000000,78480.08000000,30.61635000
1788175800000,2026-08-31T11:30:00.000Z,78480.09000000,78482.97000000,78439.05000000,78439.05000000,30.02784000
1788176100000,2026-08-31T11:35:00.000Z,78439.05000000,78461.15000000,78402.83000000,78424.00000000,54.28013000
1788176400000,2026-08-31T11:40:00.000Z,78424.00000000,78440.47000000,78356.43000000,78387.85000000,63.26151000
1788176700000,2026-08-31T11:45:00.000Z,78387.86000000,78419.86000000,78350.00000000,78354.35000000,33.62121000
1788177000000,2026-08-31T11:50:00.000Z,78354.34000000,78369.99000000,78302.00000000,78302.10000000,19.47738000
1788177300000,2026-08-31T11:55:00.000Z,78302.10000000,78344.00000000,78302.00000000,78315.43000000,35.37859000
1788177600000,2026-08-31T12:00:00.000Z,78315.43000000,78522.85000000,78276.00000000,78522.84000000,53.64637000
1788177900000,2026-08-31T12:05:00.000Z,78522.85000000,78543.86000000,78378.65000000,78438.20000000,67.14660000
1788178200000,2026-08-31T12:10:00.000Z,78438.20000000,78484.14000000,78401.76000000,78410.01000000,48.56264000
1788178500000,2026-08-31T12:15:00.000Z,78410.00000000,78482.00000000,78340.03000000,78464.95000000,39.98816000
1788178800000,2026-08-31T12:20:00.000Z,78464.95000000,78464.95000000,78240.31000000,78257.99000000,70.97500000
1788179100000,2026-08-31T12:25:00.000Z,78258.00000000,78258.00000000,78060.00000000,78092.01000000,108.44084000
1788179400000,2026-08-31T12:30:00.000Z,78092.00000000,78132.00000000,77900.00000000,78115.63000000,112.83312000
1788179700000,2026-08-31T12:35:00.000Z,78115.64000000,78158.20000000,77940.00000000,77940.00000000,53.46682000
1788180000000,2026-08-31T12:40:00.000Z,77940.00000000,77947.92000000,77675.04000000,77885.56000000,102.58356000
1788180300000,2026-08-31T12:45:00.000Z,77885.55000000,77912.20000000,77776.48000000,77776.49000000,64.27455000
1788180600000,2026-08-31T12:50:00.000Z,77776.49000000,77908.00000000,77776.48000000,77844.00000000,47.04351000
1788180900000,2026-08-31T12:55:00.000Z,77844.00000000,77930.40000000,77782.22000000,77930.39000000,47.65141000
1788181200000,2026-08-31T13:00:00.000Z,77930.40000000,78200.00000000,77930.40000000,78000.01000000,96.65002000
1788181500000,2026-08-31T13:05:00.000Z,78000.01000000,78085.73000000,78000.01000000,78036.01000000,45.59457000
1788181800000,2026-08-31T13:10:00.000Z,78036.01000000,78103.44000000,78020.00000000,78086.55000000,40.96951000
1788182100000,2026-08-31T13:15:00.000Z,78086.55000000,78086.56000000,77928.00000000,77968.66000000,49.44822000
1788182400000,2026-08-31T13:20:00.000Z,77968.67000000,78066.00000000,77954.26000000,78051.99000000,36.01906000
1788182700000,2026-08-31T13:25:00.000Z,78051.99000000,78055.65000000,77892.52000000,78055.64000000,62.97104000
1788183000000,2026-08-31T13:30:00.000Z,78055.65000000,78233.68000000,77874.09000000,78018.00000000,145.79569000
1788183300000,2026-08-31T13:35:00.000Z,78017.99000000,78200.00000000,77838.00000000,78142.01000000,112.46676000
1788183600000,2026-08-31T13:40:00.000Z,78142.01000000,78282.00000000,78000.00000000,78000.00000000,110.50301000
1788183900000,2026-08-31T13:45:00.000Z,78000.01000000,78060.00000000,77785.00000000,77907.83000000,166.26052000
1788184200000,2026-08-31T13:50:00.000Z,77907.83000000,77966.41000000,77716.75000000,77842.62000000,131.22699000
1788184500000,2026-08-31T13:55:00.000Z,77842.62000000,78003.99000000,77812.00000000,77867.39000000,85.36621000
1788184800000,2026-08-31T14:00:00.000Z,77867.39000000,78050.00000000,77828.30000000,77962.00000000,96.51001000
1788185100000,2026-08-31T14:05:00.000Z,77962.00000000,78072.65000000,77806.00000000,77975.17000000,98.53789000
1788185400000,2026-08-31T14:10:00.000Z,77975.18000000,78002.54000000,77839.01000000,77902.01000000,56.65410000
1788185700000,2026-08-31T14:15:00.000Z,77902.01000000,78018.00000000,77816.21000000,78005.52000000,70.15107000
1788186000000,2026-08-31T14:20:00.000Z,78005.52000000,78080.00000000,77794.00000000,77794.01000000,74.99684000
1788186300000,2026-08-31T14:25:00.000Z,77794.00000000,78030.09000000,77746.60000000,78030.08000000,92.11403000
1788186600000,2026-08-31T14:30:00.000Z,78030.08000000,78145.50000000,77970.00000000,77970.01000000,92.83148000
1788186900000,2026-08-31T14:35:00.000Z,77970.00000000,78228.00000000,77970.00000000,78160.00000000,91.47377000
1788187200000,2026-08-31T14:40:00.000Z,78160.00000000,78686.94000000,78156.00000000,78517.19000000,222.19056000
1788187500000,2026-08-31T14:45:00.000Z,78517.18000000,78601.99000000,78396.00000000,78416.16000000,150.11027000
1788187800000,2026-08-31T14:50:00.000Z,78416.16000000,78482.00000000,78378.00000000,78457.12000000,116.89585000
1788188100000,2026-08-31T14:55:00.000Z,78457.11000000,78657.51000000,78423.99000000,78600.14000000,206.19687000
1788188400000,2026-08-31T15:00:00.000Z,78601.93000000,78695.40000000,78454.00000000,78464.00000000,166.50033000
1788188700000,2026-08-31T15:05:00.000Z,78464.01000000,78577.99000000,78424.04000000,78539.70000000,125.73015000
1788189000000,2026-08-31T15:10:00.000Z,78539.70000000,78539.70000000,78317.46000000,78325.59000000,144.25302000
1788189300000,2026-08-31T15:15:00.000Z,78325.59000000,78416.00000000,78212.30000000,78269.21000000,106.07421000
1788189600000,2026-08-31T15:20:00.000Z,78269.22000000,78397.13000000,78238.00000000,78356.53000000,70.60485000
1788189900000,2026-08-31T15:25:00.000Z,78356.53000000,78543.56000000,78301.99000000,78462.94000000,74.60539000
1788190200000,2026-08-31T15:30:00.000Z,78462.94000000,78610.06000000,78408.00000000,78532.52000000,109.87021000
1788190500000,2026-08-31T15:35:00.000Z,78532.52000000,78588.00000000,78480.00000000,78535.99000000,50.58478000
1788190800000,2026-08-31T15:40:00.000Z,78535.99000000,78777.90000000,78520.00000000,78718.00000000,109.62516000
1788191100000,2026-08-31T15:45:00.000Z,78718.01000000,78770.51000000,78614.00000000,78660.00000000,61.49451000
1788191400000,2026-08-31T15:50:00.000Z,78660.00000000,78670.14000000,78542.00000000,78600.00000000,47.95318000
1788191700000,2026-08-31T15:55:00.000Z,78600.01000000,78621.75000000,78558.00000000,78580.42000000,52.36072000
1788192000000,2026-08-31T16:00:00.000Z,78580.43000000,78710.00000000,78530.45000000,78598.00000000,71.29039000
1788192300000,2026-08-31T16:05:00.000Z,78598.00000000,78650.92000000,78542.00000000,78612.00000000,34.07173000
1788192600000,2026-08-31T16:10:00.000Z,78611.99000000,78794.94000000,78591.41000000,78675.99000000,64.96039000
1788192900000,2026-08-31T16:15:00.000Z,78675.98000000,78752.00000000,78524.00000000,78715.99000000,58.43087000
1788193200000,2026-08-31T16:20:00.000Z,78716.00000000,78716.00000000,78588.00000000,78601.99000000,45.11331000
1788193500000,2026-08-31T16:25:00.000Z,78602.00000000,78670.00000000,78576.00000000,78647.20000000,42.68435000
1788193800000,2026-08-31T16:30:00.000Z,78647.20000000,78718.00000000,78600.00000000,78623.93000000,50.93951000
1788194100000,2026-08-31T16:35:00.000Z,78623.93000000,78671.79000000,78581.45000000,78599.19000000,25.48141000
1788194400000,2026-08-31T16:40:00.000Z,78599.19000000,78766.00000000,78599.18000000,78726.00000000,29.87339000
1788194700000,2026-08-31T16:45:00.000Z,78726.00000000,78748.56000000,78638.00000000,78714.84000000,35.37767000
1788195000000,2026-08-31T16:50:00.000Z,78714.84000000,78756.00000000,78668.50000000,78736.00000000,37.01033000
1788195300000,2026-08-31T16:55:00.000Z,78735.99000000,78884.48000000,78639.57000000,78639.57000000,81.03117000
1788195600000,2026-08-31T17:00:00.000Z,78639.57000000,78734.00000000,78616.00000000,78676.34000000,34.80449000
1788195900000,2026-08-31T17:05:00.000Z,78676.34000000,78752.00000000,78674.00000000,78748.99000000,52.34756000
1788196200000,2026-08-31T17:10:00.000Z,78749.00000000,78808.00000000,78702.00000000,78737.22000000,37.43894000
1788196500000,2026-08-31T17:15:00.000Z,78737.23000000,78743.52000000,78526.00000000,78650.00000000,46.43642000
1788196800000,2026-08-31T17:20:00.000Z,78649.99000000,78670.00000000,78544.02000000,78557.10000000,31.68953000
1788197100000,2026-08-31T17:25:00.000Z,78557.10000000,78581.81000000,78494.00000000,78534.26000000,38.76416000
1788197400000,2026-08-31T17:30:00.000Z,78534.25000000,78644.00000000,78534.25000000,78619.34000000,21.65050000
1788197700000,2026-08-31T17:35:00.000Z,78619.35000000,78790.00000000,78592.00000000,78789.99000000,64.65674000
1788198000000,2026-08-31T17:40:00.000Z,78790.00000000,79019.86000000,78789.99000000,78911.33000000,133.43632000
1788198300000,2026-08-31T17:45:00.000Z,78911.34000000,78951.12000000,78840.68000000,78850.69000000,49.74017000
1788198600000,2026-08-31T17:50:00.000Z,78850.69000000,78960.00000000,78850.69000000,78921.99000000,54.05644000
1788198900000,2026-08-31T17:55:00.000Z,78921.99000000,78947.39000000,78881.12000000,78897.36000000,39.67725000
1788199200000,2026-08-31T18:00:00.000Z,78897.35000000,78897.35000000,78804.00000000,78807.04000000,20.42396000
1788199500000,2026-08-31T18:05:00.000Z,78807.04000000,78859.61000000,78779.24000000,78848.00000000,16.93474000
1788199800000,2026-08-31T18:10:00.000Z,78848.00000000,78956.93000000,78829.96000000,78956.93000000,27.88676000
1788200100000,2026-08-31T18:15:00.000Z,78956.92000000,79087.38000000,78936.00000000,79046.00000000,67.36703000
1788200400000,2026-08-31T18:20:00.000Z,79045.99000000,79046.00000000,78890.00000000,78894.38000000,32.30583000
1788200700000,2026-08-31T18:25:00.000Z,78894.38000000,78936.00000000,78844.03000000,78908.00000000,29.24798000
1788201000000,2026-08-31T18:30:00.000Z,78908.00000000,78939.05000000,78885.59000000,78897.35000000,20.73925000
1788201300000,2026-08-31T18:35:00.000Z,78897.35000000,79043.20000000,78897.34000000,78998.00000000,40.50986000
1788201600000,2026-08-31T18:40:00.000Z,78997.99000000,79212.00000000,78982.00000000,79188.07000000,85.16642000
1788201900000,2026-08-31T18:45:00.000Z,79188.08000000,79188.08000000,79018.01000000,79084.00000000,76.30156000
1788202200000,2026-08-31T18:50:00.000Z,79084.01000000,79084.01000000,79006.00000000,79010.00000000,26.85476000
1788202500000,2026-08-31T18:55:00.000Z,79010.00000000,79058.28000000,78992.49000000,79016.00000000,29.77776000
1788202800000,2026-08-31T19:00:00.000Z,79016.01000000,79091.27000000,79016.00000000,79072.00000000,22.27959000
1788203100000,2026-08-31T19:05:00.000Z,79071.99000000,79229.01000000,79058.53000000,79214.00000000,49.97687000
1788203400000,2026-08-31T19:10:00.000Z,79214.01000000,79250.00000000,79152.00000000,79188.08000000,57.32585000
1788203700000,2026-08-31T19:15:00.000Z,79188.08000000,79188.08000000,79058.62000000,79065.33000000,39.99254000
1788204000000,2026-08-31T19:20:00.000Z,79065.32000000,79106.00000000,79040.02000000,79078.48000000,31.36891000
1788204300000,2026-08-31T19:25:00.000Z,79078.48000000,79112.00000000,79025.00000000,79090.01000000,16.99409000
1788204600000,2026-08-31T19:30:00.000Z,79090.01000000,79132.16000000,79029.51000000,79087.99000000,41.44983000
1788204900000,2026-08-31T19:35:00.000Z,79087.99000000,79140.00000000,79056.00000000,79056.01000000,24.36325000
1788205200000,2026-08-31T19:40:00.000Z,79056.00000000,79056.01000000,78930.00000000,78981.99000000,35.24469000
1788205500000,2026-08-31T19:45:00.000Z,78981.99000000,79056.00000000,78958.00000000,79056.00000000,27.24369000
1788205800000,2026-08-31T19:50:00.000Z,79056.00000000,79100.00000000,78888.00000000,78915.27000000,34.27125000
1788206100000,2026-08-31T19:55:00.000Z,78915.28000000,78956.00000000,78851.93000000,78898.06000000,42.95279000
1788206400000,2026-08-31T20:00:00.000Z,78898.06000000,78966.00000000,78864.00000000,78892.03000000,37.11516000
1788206700000,2026-08-31T20:05:00.000Z,78892.04000000,78966.00000000,78872.01000000,78946.00000000,22.64604000
1788207000000,2026-08-31T20:10:00.000Z,78945.99000000,78960.51000000,78924.00000000,78960.51000000,11.66180000
1788207300000,2026-08-31T20:15:00.000Z,78960.51000000,79084.00000000,78954.07000000,79083.99000000,42.00484000
1788207600000,2026-08-31T20:20:00.000Z,79083.99000000,79172.00000000,79016.01000000,79016.02000000,42.08825000
1788207900000,2026-08-31T20:25:00.000Z,79016.01000000,79016.02000000,78923.07000000,78923.08000000,20.71361000
1788208200000,2026-08-31T20:30:00.000Z,78923.07000000,78950.00000000,78824.93000000,78838.01000000,29.17900000
1788208500000,2026-08-31T20:35:00.000Z,78838.00000000,78853.29000000,78784.32000000,78808.00000000,30.85529000
1788208800000,2026-08-31T20:40:00.000Z,78808.00000000,78916.00000000,78808.00000000,78883.68000000,25.88562000
1788209100000,2026-08-31T20:45:00.000Z,78883.69000000,78907.98000000,78840.00000000,78840.00000000,29.01944000
1788209400000,2026-08-31T20:50:00.000Z,78840.00000000,78904.01000000,78832.00000000,78899.68000000,32.19337000
1788209700000,2026-08-31T20:55:00.000Z,78899.68000000,78920.21000000,78858.00000000,78864.72000000,43.32099000
1788210000000,2026-08-31T21:00:00.000Z,78864.73000000,78864.73000000,78784.64000000,78826.90000000,44.71353000
1788210300000,2026-08-31T21:05:00.000Z,78826.90000000,78890.87000000,78732.22000000,78890.86000000,54.07519000
1788210600000,2026-08-31T21:10:00.000Z,78890.86000000,78890.87000000,78818.11000000,78838.00000000,28.05802000
1788210900000,2026-08-31T21:15:00.000Z,78838.00000000,78858.00000000,78817.01000000,78819.58000000,32.43039000
1788211200000,2026-08-31T21:20:00.000Z,78819.58000000,78862.00000000,78819.58000000,78860.02000000,25.70940000
1788211500000,2026-08-31T21:25:00.000Z,78860.02000000,78964.00000000,78836.10000000,78960.38000000,41.47347000
1788211800000,2026-08-31T21:30:00.000Z,78960.39000000,79030.09000000,78960.39000000,79030.09000000,29.85593000
1788212100000,2026-08-31T21:35:00.000Z,79030.08000000,79066.32000000,79014.00000000,79014.01000000,37.26431000
1788212400000,2026-08-31T21:40:00.000Z,79014.01000000,79054.00000000,79014.01000000,79054.00000000,23.07598000
1788212700000,2026-08-31T21:45:00.000Z,79054.00000000,79071.12000000,79001.04000000,79001.04000000,27.42191000
1788213000000,2026-08-31T21:50:00.000Z,79001.04000000,79022.00000000,78976.87000000,78993.17000000,33.13295000
1788213300000,2026-08-31T21:55:00.000Z,78993.18000000,78993.18000000,78958.00000000,78964.32000000,27.50005000
1788213600000,2026-08-31T22:00:00.000Z,78964.33000000,79015.83000000,78913.57000000,78917.98000000,31.24223000
1788213900000,2026-08-31T22:05:00.000Z,78917.98000000,78985.28000000,78917.98000000,78973.75000000,20.52860000
1788214200000,2026-08-31T22:10:00.000Z,78973.75000000,78973.75000000,78894.00000000,78894.00000000,37.11959000
1788214500000,2026-08-31T22:15:00.000Z,78894.01000000,78894.01000000,78810.00000000,78811.23000000,27.23208000
1788214800000,2026-08-31T22:20:00.000Z,78811.24000000,78812.51000000,78773.26000000,78786.01000000,27.40147000
1788215100000,2026-08-31T22:25:00.000Z,78786.00000000,78786.01000000,78746.56000000,78761.92000000,22.68842000
1788215400000,2026-08-31T22:30:00.000Z,78761.91000000,78769.00000000,78696.00000000,78732.00000000,29.97585000
1788215700000,2026-08-31T22:35:00.000Z,78731.99000000,78732.00000000,78672.27000000,78700.01000000,33.35149000
1788216000000,2026-08-31T22:40:00.000Z,78700.00000000,78700.41000000,78654.72000000,78665.36000000,27.41395000
1788216300000,2026-08-31T22:45:00.000Z,78665.37000000,78665.37000000,78589.46000000,78589.47000000,34.52385000
1788216600000,2026-08-31T22:50:00.000Z,78589.47000000,78645.99000000,78579.30000000,78629.39000000,31.99240000
1788216900000,2026-08-31T22:55:00.000Z,78629.39000000,78629.39000000,78589.86000000,78593.15000000,22.74320000
1788217200000,2026-08-31T23:00:00.000Z,78593.15000000,78593.16000000,78405.01000000,78444.00000000,67.31650000
1788217500000,2026-08-31T23:05:00.000Z,78444.00000000,78507.26000000,78443.99000000,78507.26000000,30.92859000
1788217800000,2026-08-31T23:10:00.000Z,78507.25000000,78507.26000000,78438.00000000,78457.56000000,24.40568000
1788218100000,2026-08-31T23:15:00.000Z,78457.57000000,78560.00000000,78457.56000000,78560.00000000,25.26647000
1788218400000,2026-08-31T23:20:00.000Z,78560.00000000,78568.79000000,78538.77000000,78548.63000000,20.55793000
1788218700000,2026-08-31T23:25:00.000Z,78548.63000000,78593.61000000,78548.62000000,78580.57000000,28.21295000
1788219000000,2026-08-31T23:30:00.000Z,78580.57000000,78580.58000000,78528.14000000,78542.87000000,23.29237000
1788219300000,2026-08-31T23:35:00.000Z,78542.87000000,78566.00000000,78504.60000000,78559.99000000,37.78594000
1788219600000,2026-08-31T23:40:00.000Z,78560.00000000,78586.00000000,78556.00000000,78559.41000000,39.22136000
1788219900000,2026-08-31T23:45:00.000Z,78559.42000000,78570.00000000,78554.00000000,78555.31000000,18.69701000
1788220200000,2026-08-31T23:50:00.000Z,78555.31000000,78582.00000000,78550.30000000,78556.54000000,30.48696000
1788220500000,2026-08-31T23:55:00.000Z,78556.54000000,78581.30000000,78556.53000000,78581.29000000,30.37089000
1788220800000,2026-09-01T00:00:00.000Z,78581.30000000,78640.18000000,78562.00000000,78640.17000000,37.65481000
1788221100000,2026-09-01T00:05:00.000Z,78640.17000000,78720.00000000,78625.98000000,78720.00000000,34.11470000
1788221400000,2026-09-01T00:10:00.000Z,78720.00000000,78796.51000000,78716.03000000,78754.74000000,68.68702000
1788221700000,2026-09-01T00:15:00.000Z,78754.73000000,78839.03000000,78742.42000000,78811.03000000,35.67516000
1788222000000,2026-09-01T00:20:00.000Z,78811.03000000,78858.88000000,78811.02000000,78847.71000000,34.78656000
1788222300000,2026-09-01T00:25:00.000Z,78847.71000000,78900.01000000,78847.70000000,78872.73000000,34.45805000
1788222600000,2026-09-01T00:30:00.000Z,78872.73000000,78891.93000000,78740.01000000,78809.62000000,58.19522000
1788222900000,2026-09-01T00:35:00.000Z,78809.61000000,78821.99000000,78710.00000000,78710.00000000,44.31483000
1788223200000,2026-09-01T00:40:00.000Z,78710.01000000,78746.00000000,78678.00000000,78707.98000000,45.82583000
1788223500000,2026-09-01T00:45:00.000Z,78707.97000000,78808.00000000,78707.97000000,78807.99000000,27.01580000
1788223800000,2026-09-01T00:50:00.000Z,78808.00000000,78808.00000000,78644.87000000,78653.75000000,53.24660000
1788224100000,2026-09-01T00:55:00.000Z,78653.75000000,78653.75000000,78584.00000000,78652.00000000,48.73455000
1788224400000,2026-09-01T01:00:00.000Z,78652.00000000,78761.93000000,78651.99000000,78706.81000000,34.14403000
1788224700000,2026-09-01T01:05:00.000Z,78706.81000000,78797.99000000,78664.01000000,78699.77000000,57.97343000
1788225000000,2026-09-01T01:10:00.000Z,78699.77000000,78699.77000000,78530.00000000,78545.83000000,40.80313000
1788225300000,2026-09-01T01:15:00.000Z,78545.83000000,78640.18000000,78506.00000000,78624.61000000,48.32313000
1788225600000,2026-09-01T01:20:00.000Z,78624.60000000,78643.46000000,78588.00000000,78588.01000000,27.99805000
1788225900000,2026-09-01T01:25:00.000Z,78588.01000000,78588.01000000,78412.70000000,78421.38000000,55.73276000
1788226200000,2026-09-01T01:30:00.000Z,78421.38000000,78477.68000000,78375.83000000,78477.67000000,55.22537000
1788226500000,2026-09-01T01:35:00.000Z,78477.68000000,78556.00000000,78466.05000000,78539.78000000,28.58653000
1788226800000,2026-09-01T01:40:00.000Z,78539.77000000,78585.01000000,78531.98000000,78575.99000000,11.58129000
1788227100000,2026-09-01T01:45:00.000Z,78575.99000000,78576.00000000,78492.00000000,78518.42000000,23.35077000
1788227400000,2026-09-01T01:50:00.000Z,78518.43000000,78526.29000000,78422.13000000,78441.82000000,24.50369000
1788227700000,2026-09-01T01:55:00.000Z,78441.82000000,78441.82000000,78388.00000000,78410.62000000,32.72212000
1788228000000,2026-09-01T02:00:00.000Z,78410.62000000,78410.62000000,78275.25000000,78324.02000000,42.11436000
1788228300000,2026-09-01T02:05:00.000Z,78324.01000000,78376.00000000,78282.00000000,78315.17000000,38.83941000
1788228600000,2026-09-01T02:10:00.000Z,78315.16000000,78316.43000000,78189.93000000,78293.99000000,70.86261000
1788228900000,2026-09-01T02:15:00.000Z,78293.99000000,78300.00000000,78208.00000000,78281.99000000,41.57415000
1788229200000,2026-09-01T02:20:00.000Z,78281.99000000,78329.62000000,78252.00000000,78329.62000000,42.36896000
1788229500000,2026-09-01T02:25:00.000Z,78329.62000000,78329.62000000,78200.01000000,78215.99000000,63.02758000
1788229800000,2026-09-01T02:30:00.000Z,78215.99000000,78400.00000000,78215.99000000,78375.26000000,61.89735000
1788230100000,2026-09-01T02:35:00.000Z,78375.26000000,78407.28000000,78326.32000000,78339.65000000,28.04172000
1788230400000,2026-09-01T02:40:00.000Z,78339.65000000,78383.35000000,78334.00000000,78362.00000000,34.51571000
1788230700000,2026-09-01T02:45:00.000Z,78362.00000000,78436.36000000,78340.91000000,78416.02000000,18.13337000
1788231000000,2026-09-01T02:50:00.000Z,78416.02000000,78436.36000000,78400.00000000,78417.78000000,45.27470000
1788231300000,2026-09-01T02:55:00.000Z,78417.78000000,78457.55000000,78417.77000000,78449.99000000,38.24501000
1788231600000,2026-09-01T03:00:00.000Z,78449.99000000,78480.00000000,78441.60000000,78479.99000000,19.80497000
1788231900000,2026-09-01T03:05:00.000Z,78479.99000000,78490.00000000,78441.66000000,78449.46000000,11.70499000
1788232200000,2026-09-01T03:10:00.000Z,78449.46000000,78500.00000000,78406.29000000,78430.86000000,40.77176000
1788232500000,2026-09-01T03:15:00.000Z,78430.86000000,78505.97000000,78430.85000000,78505.97000000,14.56916000
1788232800000,2026-09-01T03:20:00.000Z,78505.97000000,78506.01000000,78444.01000000,78445.00000000,11.61889000
1788233100000,2026-09-01T03:25:00.000Z,78444.99000000,78481.84000000,78400.18000000,78477.87000000,21.18392000
1788233400000,2026-09-01T03:30:00.000Z,78477.87000000,78746.05000000,78477.87000000,78730.01000000,47.05580000
1788233700000,2026-09-01T03:35:00.000Z,78730.00000000,78874.00000000,78724.00000000,78847.86000000,66.70873000
1788234000000,2026-09-01T03:40:00.000Z,78847.86000000,78858.00000000,78792.90000000,78792.91000000,125.17951000
1788234300000,2026-09-01T03:45:00.000Z,78792.90000000,78794.00000000,78673.57000000,78716.00000000,143.44021000
1788234600000,2026-09-01T03:50:00.000Z,78716.00000000,78736.20000000,78682.27000000,78690.63000000,25.82085000
1788234900000,2026-09-01T03:55:00.000Z,78690.62000000,78690.63000000,78670.95000000,78679.01000000,14.34761000
1788235200000,2026-09-01T04:00:00.000Z,78679.01000000,78745.57000000,78679.00000000,78690.01000000,16.25472000
1788235500000,2026-09-01T04:05:00.000Z,78690.01000000,78768.00000000,78672.21000000,78768.00000000,19.93364000
1788235800000,2026-09-01T04:10:00.000Z,78768.00000000,78800.00000000,78653.96000000,78672.60000000,115.23311000
1788236100000,2026-09-01T04:15:00.000Z,78672.60000000,78764.44000000,78672.59000000,78728.45000000,15.62172000
1788236400000,2026-09-01T04:20:00.000Z,78728.46000000,78806.52000000,78723.55000000,78806.52000000,16.33862000
1788236700000,2026-09-01T04:25:00.000Z,78806.52000000,78915.09000000,78806.51000000,78829.54000000,56.37873000
1788237000000,2026-09-01T04:30:00.000Z,78829.53000000,78853.45000000,78746.00000000,78755.19000000,17.92087000
1788237300000,2026-09-01T04:35:00.000Z,78755.20000000,78755.20000000,78719.24000000,78730.11000000,27.10798000
1788237600000,2026-09-01T04:40:00.000Z,78730.12000000,78746.38000000,78708.07000000,78720.01000000,11.10070000
1788237900000,2026-09-01T04:45:00.000Z,78720.01000000,78778.00000000,78719.96000000,78778.00000000,11.56023000
1788238200000,2026-09-01T04:50:00.000Z,78777.99000000,78778.00000000,78700.00000000,78740.00000000,21.47565000
1788238500000,2026-09-01T04:55:00.000Z,78739.99000000,78761.69000000,78683.88000000,78727.11000000,115.20051000
1788238800000,2026-09-01T05:00:00.000Z,78727.11000000,78908.00000000,78727.11000000,78907.99000000,38.44456000
1788239100000,2026-09-01T05:05:00.000Z,78907.99000000,78970.82000000,78874.00000000,78931.16000000,52.63678000
1788239400000,2026-09-01T05:10:00.000Z,78931.15000000,78931.16000000,78843.62000000,78858.76000000,22.80139000
1788239700000,2026-09-01T05:15:00.000Z,78858.76000000,78900.00000000,78843.62000000,78843.63000000,34.95887000
1788240000000,2026-09-01T05:20:00.000Z,78843.63000000,78843.63000000,78792.00000000,78812.00000000,30.25641000
1788240300000,2026-09-01T05:25:00.000Z,78812.00000000,79000.00000000,78811.99000000,78993.19000000,54.13438000
1788240600000,2026-09-01T05:30:00.000Z,78993.19000000,79080.89000000,78968.78000000,79072.53000000,76.89185000
1788240900000,2026-09-01T05:35:00.000Z,79072.53000000,79138.45000000,79052.00000000,79098.00000000,40.98977000
1788241200000,2026-09-01T05:40:00.000Z,79098.00000000,79177.18000000,79036.00000000,79167.51000000,61.77662000
1788241500000,2026-09-01T05:45:00.000Z,79167.50000000,79188.08000000,79091.96000000,79184.27000000,42.35712000
1788241800000,2026-09-01T05:50:00.000Z,79184.28000000,79197.03000000,79096.01000000,79197.02000000,37.05276000
1788242100000,2026-09-01T05:55:00.000Z,79197.02000000,79220.61000000,79142.00000000,79179.99000000,54.66270000
1788242400000,2026-09-01T06:00:00.000Z,79179.99000000,79179.99000000,79081.29000000,79102.46000000,44.19452000
1788242700000,2026-09-01T06:05:00.000Z,79102.46000000,79107.19000000,78974.00000000,79002.00000000,42.40776000
1788243000000,2026-09-01T06:10:00.000Z,79001.99000000,79030.64000000,78989.69000000,79030.64000000,38.39231000
1788243300000,2026-09-01T06:15:00.000Z,79030.64000000,79030.64000000,78899.31000000,78899.40000000,44.12850000
1788243600000,2026-09-01T06:20:00.000Z,78899.40000000,78921.99000000,78842.33000000,78842.34000000,31.44876000
1788243900000,2026-09-01T06:25:00.000Z,78842.34000000,78919.99000000,78821.67000000,78897.64000000,52.97831000
1788244200000,2026-09-01T06:30:00.000Z,78897.64000000,78944.57000000,78897.63000000,78934.31000000,24.56172000
1788244500000,2026-09-01T06:35:00.000Z,78934.31000000,78950.34000000,78867.88000000,78924.68000000,43.47921000
1788244800000,2026-09-01T06:40:00.000Z,78924.68000000,78924.68000000,78865.44000000,78878.00000000,39.10041000
1788245100000,2026-09-01T06:45:00.000Z,78878.00000000,78886.45000000,78787.71000000,78838.26000000,56.74359000
1788245400000,2026-09-01T06:50:00.000Z,78838.25000000,78853.00000000,78793.88000000,78802.87000000,25.03578000
1788245700000,2026-09-01T06:55:00.000Z,78802.86000000,78802.87000000,78745.38000000,78745.39000000,22.23449000
1788246000000,2026-09-01T07:00:00.000Z,78745.39000000,78798.00000000,78722.04000000,78795.35000000,33.70466000
1788246300000,2026-09-01T07:05:00.000Z,78795.36000000,78806.00000000,78758.64000000,78775.25000000,22.35430000
1788246600000,2026-09-01T07:10:00.000Z,78775.25000000,78775.26000000,78718.60000000,78724.46000000,18.99129000
1788246900000,2026-09-01T07:15:00.000Z,78724.46000000,78776.00000000,78724.45000000,78776.00000000,23.14865000
1788247200000,2026-09-01T07:20:00.000Z,78776.00000000,78793.99000000,78746.95000000,78764.02000000,13.29216000
1788247500000,2026-09-01T07:25:00.000Z,78764.01000000,78797.53000000,78707.42000000,78781.50000000,27.17497000
1788247800000,2026-09-01T07:30:00.000Z,78781.50000000,78790.01000000,78759.41000000,78787.94000000,25.14850000
1788248100000,2026-09-01T07:35:00.000Z,78787.94000000,78796.00000000,78550.97000000,78568.01000000,105.31751000
1788248400000,2026-09-01T07:40:00.000Z,78568.00000000,78634.00000000,78500.00000000,78622.71000000,67.62086000
1788248700000,2026-09-01T07:45:00.000Z,78622.71000000,78666.03000000,78594.00000000,78653.55000000,24.56155000
1788249000000,2026-09-01T07:50:00.000Z,78653.55000000,78686.00000000,78639.13000000,78650.01000000,21.41761000
1788249300000,2026-09-01T07:55:00.000Z,78650.00000000,78680.79000000,78616.18000000,78632.37000000,22.98094000
1788249600000,2026-09-01T08:00:00.000Z,78632.37000000,78658.01000000,78552.00000000,78578.00000000,34.85358000
1788249900000,2026-09-01T08:05:00.000Z,78578.01000000,78625.59000000,78296.00000000,78304.40000000,97.79976000
1788250200000,2026-09-01T08:10:00.000Z,78304.39000000,78349.05000000,78272.72000000,78309.99000000,38.60420000
1788250500000,2026-09-01T08:15:00.000Z,78309.99000000,78338.50000000,78123.09000000,78225.54000000,80.34903000
1788250800000,2026-09-01T08:20:00.000Z,78225.54000000,78296.00000000,78107.02000000,78107.02000000,61.57144000
1788251100000,2026-09-01T08:25:00.000Z,78107.01000000,78146.01000000,77870.50000000,77888.00000000,182.25644000
1788251400000,2026-09-01T08:30:00.000Z,77887.99000000,78008.00000000,77835.77000000,78004.45000000,130.27841000
1788251700000,2026-09-01T08:35:00.000Z,78004.46000000,78052.64000000,77950.78000000,77956.08000000,69.72476000
1788252000000,2026-09-01T08:40:00.000Z,77956.08000000,77985.00000000,77865.00000000,77979.87000000,69.13345000
1788252300000,2026-09-01T08:45:00.000Z,77979.87000000,78040.00000000,77896.00000000,77932.00000000,72.15133000
1788252600000,2026-09-01T08:50:00.000Z,77931.99000000,77958.00000000,77820.00000000,77907.14000000,67.01699000
1788252900000,2026-09-01T08:55:00.000Z,77907.13000000,77946.00000000,77880.00000000,77883.28000000,35.37126000
1788253200000,2026-09-01T09:00:00.000Z,77883.28000000,77928.22000000,77801.00000000,77886.25000000,62.93511000
1788253500000,2026-09-01T09:05:00.000Z,77886.26000000,77914.89000000,77786.18000000,77883.98000000,76.34675000
1788253800000,2026-09-01T09:10:00.000Z,77883.97000000,77903.24000000,77827.27000000,77827.28000000,43.87087000
1788254100000,2026-09-01T09:15:00.000Z,77827.27000000,77885.99000000,77804.07000000,77853.59000000,91.21143000
1788254400000,2026-09-01T09:20:00.000Z,77853.59000000,77975.82000000,77850.11000000,77975.82000000,104.01598000
1788254700000,2026-09-01T09:25:00.000Z,77975.82000000,77977.61000000,77922.00000000,77931.29000000,122.92737000
1788255000000,2026-09-01T09:30:00.000Z,77931.30000000,77967.87000000,77897.38000000,77957.57000000,109.94347000
1788255300000,2026-09-01T09:35:00.000Z,77957.57000000,77964.23000000,77852.04000000,77919.13000000,65.67177000
1788255600000,2026-09-01T09:40:00.000Z,77919.13000000,78062.24000000,77919.12000000,78062.24000000,104.62742000
1788255900000,2026-09-01T09:45:00.000Z,78062.23000000,78062.24000000,77944.00000000,77944.00000000,99.13471000
1788256200000,2026-09-01T09:50:00.000Z,77944.01000000,77988.43000000,77931.54000000,77931.55000000,41.19186000
1788256500000,2026-09-01T09:55:00.000Z,77931.54000000,77953.72000000,77910.00000000,77915.00000000,29.46571000
1788256800000,2026-09-01T10:00:00.000Z,77915.00000000,77999.16000000,77901.00000000,77925.80000000,21.92232000
1788257100000,2026-09-01T10:05:00.000Z,77925.81000000,77951.33000000,77856.54000000,77860.01000000,30.93450000
1788257400000,2026-09-01T10:10:00.000Z,77860.01000000,77981.44000000,77806.00000000,77881.88000000,59.31680000
1788257700000,2026-09-01T10:15:00.000Z,77881.88000000,77910.00000000,77758.69000000,77876.00000000,58.54543000
1788258000000,2026-09-01T10:20:00.000Z,77876.00000000,78021.99000000,77875.99000000,78021.99000000,37.30308000
1788258300000,2026-09-01T10:25:00.000Z,78021.98000000,78048.00000000,77960.00000000,78005.85000000,27.35700000
1788258600000,2026-09-01T10:30:00.000Z,78005.85000000,78170.66000000,78005.84000000,78099.03000000,43.34773000
1788258900000,2026-09-01T10:35:00.000Z,78099.03000000,78188.68000000,78048.00000000,78187.42000000,41.93106000
1788259200000,2026-09-01T10:40:00.000Z,78187.41000000,78196.00000000,78123.43000000,78136.01000000,32.01650000
1788259500000,2026-09-01T10:45:00.000Z,78136.01000000,78174.29000000,78070.00000000,78070.01000000,29.76996000
1788259800000,2026-09-01T10:50:00.000Z,78070.01000000,78089.45000000,77994.01000000,78009.81000000,18.50038000
1788260100000,2026-09-01T10:55:00.000Z,78009.80000000,78042.43000000,77987.49000000,78029.67000000,22.99679000
1788260400000,2026-09-01T11:00:00.000Z,78029.67000000,78054.00000000,77922.79000000,78042.43000000,30.54128000
1788260700000,2026-09-01T11:05:00.000Z,78042.43000000,78051.67000000,77934.00000000,77975.97000000,38.48122000
1788261000000,2026-09-01T11:10:00.000Z,77975.97000000,77999.50000000,77972.27000000,77989.14000000,13.86945000
1788261300000,2026-09-01T11:15:00.000Z,77989.14000000,78023.86000000,77989.13000000,77996.56000000,19.97854000
1788261600000,2026-09-01T11:20:00.000Z,77996.56000000,77996.56000000,77890.00000000,77970.52000000,37.19419000
1788261900000,2026-09-01T11:25:00.000Z,77970.53000000,78009.63000000,77951.09000000,78009.12000000,19.32105000
1788262200000,2026-09-01T11:30:00.000Z,78009.12000000,78090.00000000,77958.00000000,78068.01000000,36.68433000
1788262500000,2026-09-01T11:35:00.000Z,78068.01000000,78180.00000000,78068.01000000,78180.00000000,29.99229000
1788262800000,2026-09-01T11:40:00.000Z,78179.99000000,78202.52000000,78101.52000000,78106.55000000,34.08820000
1788263100000,2026-09-01T11:45:00.000Z,78106.54000000,78149.26000000,78098.98000000,78100.01000000,27.89563000
1788263400000,2026-09-01T11:50:00.000Z,78100.01000000,78198.65000000,78100.00000000,78168.00000000,20.47764000
1788263700000,2026-09-01T11:55:00.000Z,78168.01000000,78168.01000000,78056.72000000,78098.97000000,28.92350000
1788264000000,2026-09-01T12:00:00.000Z,78098.96000000,78098.97000000,77954.00000000,78028.73000000,43.89100000
1788264300000,2026-09-01T12:05:00.000Z,78028.72000000,78156.00000000,78000.00000000,78084.70000000,29.75811000
1788264600000,2026-09-01T12:10:00.000Z,78084.70000000,78144.19000000,78021.99000000,78031.99000000,24.73358000
1788264900000,2026-09-01T12:15:00.000Z,78032.00000000,78100.96000000,77969.93000000,77969.94000000,25.21588000
1788265200000,2026-09-01T12:20:00.000Z,77969.93000000,78020.00000000,77913.86000000,77962.89000000,49.17262000
1788265500000,2026-09-01T12:25:00.000Z,77962.88000000,78043.92000000,77962.88000000,77994.01000000,21.46074000
1788265800000,2026-09-01T12:30:00.000Z,77994.00000000,77994.01000000,77850.01000000,77886.35000000,31.45131000
1788266100000,2026-09-01T12:35:00.000Z,77886.34000000,77913.81000000,77742.01000000,77818.01000000,85.73557000
1788266400000,2026-09-01T12:40:00.000Z,77818.01000000,77970.53000000,77744.00000000,77970.53000000,47.19846000
1788266700000,2026-09-01T12:45:00.000Z,77970.52000000,78074.68000000,77928.48000000,77996.98000000,34.85842000
1788267000000,2026-09-01T12:50:00.000Z,77996.99000000,78062.63000000,77986.00000000,78013.75000000,40.86455000
1788267300000,2026-09-01T12:55:00.000Z,78013.75000000,78045.00000000,78002.00000000,78004.00000000,40.11602000
1788267600000,2026-09-01T13:00:00.000Z,78004.01000000,78016.01000000,77834.00000000,77850.43000000,51.35771000
1788267900000,2026-09-01T13:05:00.000Z,77850.43000000,77910.00000000,77515.07000000,77738.00000000,227.42115000
1788268200000,2026-09-01T13:10:00.000Z,77738.00000000,77918.80000000,77738.00000000,77818.91000000,55.61136000
1788268500000,2026-09-01T13:15:00.000Z,77818.90000000,77893.38000000,77750.94000000,77806.00000000,47.86633000
1788268800000,2026-09-01T13:20:00.000Z,77806.00000000,77838.64000000,77756.00000000,77769.09000000,42.25661000
1788269100000,2026-09-01T13:25:00.000Z,77769.08000000,77897.69000000,77732.00000000,77888.39000000,50.85238000
1788269400000,2026-09-01T13:30:00.000Z,77888.39000000,78038.80000000,77800.00000000,77820.61000000,136.83893000
1788269700000,2026-09-01T13:35:00.000Z,77820.60000000,77854.00000000,77555.00000000,77634.32000000,163.87237000
1788270000000,2026-09-01T13:40:00.000Z,77634.33000000,77957.92000000,77510.00000000,77924.00000000,210.77614000
1788270300000,2026-09-01T13:45:00.000Z,77924.01000000,78138.42000000,77858.43000000,78100.74000000,166.98302000
1788270600000,2026-09-01T13:50:00.000Z,78100.74000000,78202.00000000,78000.00000000,78043.13000000,94.29089000
1788270900000,2026-09-01T13:55:00.000Z,78043.13000000,78072.00000000,77988.00000000,78071.99000000,37.08565000
1788271200000,2026-09-01T14:00:00.000Z,78072.00000000,78296.00000000,78052.00000000,78138.00000000,116.56977000
1788271500000,2026-09-01T14:05:00.000Z,78137.99000000,78420.00000000,78119.46000000,78366.01000000,110.61689000
1788271800000,2026-09-01T14:10:00.000Z,78366.01000000,78381.47000000,78210.00000000,78269.11000000,41.62501000
1788272100000,2026-09-01T14:15:00.000Z,78269.10000000,78364.00000000,78169.36000000,78208.00000000,97.83441000
1788272400000,2026-09-01T14:20:00.000Z,78208.01000000,78289.99000000,78147.16000000,78289.99000000,78.47291000
1788272700000,2026-09-01T14:25:00.000Z,78289.98000000,78411.80000000,78246.00000000,78262.15000000,63.32725000
1788273000000,2026-09-01T14:30:00.000Z,78262.14000000,78361.82000000,78232.36000000,78350.89000000,37.18774000
1788273300000,2026-09-01T14:35:00.000Z,78350.90000000,78405.00000000,78334.00000000,78373.60000000,21.54129000
